instance_id,source_row_id,post_id,label,aspect,input_text,synthetic
synth::absa::2::0000::0,,synthpost::absa::2::0000::0,2,cbd,"has anyone else found that cbd does basically nothing for joint pain? i have ra and was hoping it might help me get through the nights without taking extra ibuprofen, but after a few weeks of trying different doses i honestly feel like i'm just spending money on flavored oil. the weird part is that even the supposedly ""pure"" cbd made me feel foggy and a little more nauseous, which is the last thing i need on methotrexate days. maybe i'm just not a good candidate for it, but at this point cbd seems more annoying than helpful. anyone else have zero luck with it?",1
synth::absa::2::0000::1,,synthpost::absa::2::0000::1,2,thc,"i tried a low-dose thc edible last weekend because several people said it would help with sleep and stiffness from ankylosing spondylitis. nope. it made my heart race, my anxiety shoot up, and i spent half the night convinced every tiny sensation in my body meant i was having some kind of reaction. the pain was still there in the morning, just with added paranoia and a gross hungover feeling. i know thc works great for some people, but for me it seems to make everything worse instead of better.",1
synth::absa::2::0000::2,,synthpost::absa::2::0000::2,2,marijuana,"just wanted to vent a little: marijuana has been a bad experience every single time i've tried it since getting my lupus diagnosis. i keep hearing that it can help with appetite and pain, but all i get is a weird head rush, dry mouth, and this super uncomfortable sense that my joints hurt more because i'm paying attention to them too much. one time i even felt like my hands were swelling up more, though maybe it was just anxiety. either way, marijuana is not the miracle some people make it out to be for me.",1
synth::absa::2::0000::3,,synthpost::absa::2::0000::3,2,weed,"i'm honestly jealous of people who say weed helps their flare symptoms, because for me it just makes me feel off. i have psoriatic arthritis and tried vaping a tiny amount to see if it would take the edge off my knee and ankle pain. instead i got dizzy, kind of shaky, and weirdly aware of every ache in my body. i also slept terribly. after that i stopped trying because weed just feels like it adds another problem on top of the pain rather than helping with it.",1
synth::absa::2::0000::4,,synthpost::absa::2::0000::4,2,medical marijuana,"my rheumatologist didn't push it, but a friend kept telling me to look into medical marijuana for my constant inflammation and sleep issues. i gave it a real shot and honestly regretted it. the product labels made everything sound very controlled and ""medical,"" but all i noticed was brain fog, a racing mind, and no meaningful change in my stiffness. i was expecting at least some relief with the medical marijuana route, but it felt like an expensive experiment that made me less functional the next day. disappointing.",1
synth::absa::2::0001::0,,synthpost::absa::2::0001::0,2,cbd,"anyone else get weird flares from cbd? i started a small dose tincture for joint pain because my rheum suggested i ""try something gentle"" before upping meds. instead of calming things down, the cbd seems to make my heart pound, my face feel hot, and my mouth even drier than usual. i have sjogren's and ra and i honestly expected at least *some* help with sleep or pain, but after 3 nights i feel more wired and sore. i keep seeing people say cbd is super safe, so i'm wondering if i'm just one of the unlucky ones. has anyone had actual worsening symptoms from cbd or am i missing something? cubby? maybe it was the carrier oil? no clue.",1
synth::absa::2::0001::1,,synthpost::absa::2::0001::1,2,marijuana,"my lupus symptoms have been awful lately, especially the fatigue and hand pain, and i used to think marijuana helped me relax a little. now it just makes me feel foggy, anxious, and somehow more aware of every ache in my body. the last two times i tried a tiny hit i ended up nauseous and staring at the ceiling convinced my joints were swelling up even more. i know people online swear by marijuana for autoimmune pain, but i don't get that at all. is this something that happens once you already have inflammation issues, or is it just not for me anymore?",1
synth::absa::2::0001::2,,synthpost::absa::2::0001::2,2,weed,"i stopped smoking weed for a month because i was hoping it was contributing to my dry eyes and constant fatigue. honestly, i think i feel better off it. every time i start again, my mouth turns into sandpaper, my chest feels tight, and my pain doesn't improve enough to justify it. i have suspected sjogren's and some raynaud's stuff going on, so maybe weed just isn't a good match for me. i feel kind of silly because a lot of people in my life act like it should be the magical answer for chronic pain, but for me it's just been irritating and disappointing. anyone else end up quitting for the same reason?",1
synth::absa::2::0001::3,,synthpost::absa::2::0001::3,2,thc,"i tried a low-dose thc gummy on a night when my ankylosing spondylitis pain was making sleep impossible. bad idea. it didn't help me relax, it made my whole body feel buzzy and my knees hurt more, like my brain was magnifying every little symptom. i also got super dizzy standing up, which is already a problem for me because of possible dysautonomia. the weirdest part is that the thc didn't even touch the pain, but it did leave me feeling nauseated and anxious for hours. has anyone with autoimmune issues had thc make you feel worse instead of better? i'm starting to think it just isn't worth the gamble.",1
synth::absa::2::0001::4,,synthpost::absa::2::0001::4,2,medical marijuana,"my doctor brought up medical marijuana for neuropathy and appetite, but i've had such a bad reaction to anything cannabis-related that i'm hesitant. i tried a vape from a friend once and it honestly made my tremor worse, my thoughts scattered, and my joints feel more inflamed somehow. with my ra and celiac issues i already have enough random symptoms to track without adding another thing that leaves me feeling out of it. i know medical marijuana helps a lot of people, and i wish i were one of them, but right now it mostly seems to make my body feel louder and less manageable. did anyone else get nothing but side effects from it?",1
synth::absa::2::0002::0,,synthpost::absa::2::0002::0,2,cbd,"anyone else get absolutely nothing out of cbd? i have sjogren's and was hoping it would take the edge off the night pain and help me sleep, but the capsules just gave me a weird stomach ache and zero relief. i also hate how often people act like cbd is some magic fix for autoimmune stuff. my rheum already has me on meds that are actually doing something, so i'd rather not keep wasting money on another bottle of disappointment.",1
synth::absa::2::0002::1,,synthpost::absa::2::0002::1,2,cannabis,"i tried cannabis for the first time in a long while because my psoriatic arthritis has been flaring hard and i was desperate for something to help. instead of calming anything down it made me super anxious, my hands felt shaky, and the pain was still there when i woke up. honestly it was just an expensive way to feel worse for a few hours. not for me.",1
synth::absa::2::0002::2,,synthpost::absa::2::0002::2,2,weed,"i know people swear by weed for inflammatory pain, but in my case it seems to do the opposite. i have ankylosing spondylitis and when i smoke at night i wake up feeling groggier, more stiff, and weirdly more aware of every ache in my back. it also makes my throat dry enough that i cough all night, which is the last thing i need when my chest wall is already sore. disappointing, because i really wanted it to work.",1
synth::absa::2::0002::3,,synthpost::absa::2::0002::3,2,medical marijuana,"my rheumatologist's office keeps hinting that medical marijuana might be worth trying for my ra, but i do not understand why it keeps getting suggested when my experience has been so bad. i tried a tincture from a dispensary and all it did was make my heart race and give me a foggy headache. no pain reduction, no better sleep, just feeling out of it and annoyed. i wish people would stop treating it like a universal solution.",1
synth::absa::2::0002::4,,synthpost::absa::2::0002::4,2,thc,"has anyone else had thc make their symptoms feel worse instead of better? i took a very small edible for lupus pain and ended up nauseated, dizzy, and extra sensitive to every little joint twinge. it didn't touch the inflammation at all. after that i was basically done with it. maybe it helps some people, but for me thc was just uncomfortable and not worth repeating.",1
synth::absa::2::0003::0,,synthpost::absa::2::0003::0,2,cbd,"has anyone else felt like cbd just does absolutely nothing? i'm 29, seronegative ra, and i keep getting told to “try cbd first” by people who have never had a flare in their life. i bought tinctures, gummies, and a topical roll-on, gave it a real shot for about 6 weeks, and all i got was a lighter wallet and weird stomach upset. no change in morning stiffness, no change in swelling, not even a little help sleeping. honestly i'm annoyed that it gets recommended like it’s some magic fix when it isn’t touching my inflammation at all.",1
synth::absa::2::0003::1,,synthpost::absa::2::0003::1,2,THC,"i thought THC would be a better option for pain and sleep while i'm waiting on a rheum appointment for possible lupus, but it has been a disaster for me. even tiny doses make my heart race, my mouth go super dry, and my anxiety goes through the roof. the pain is still there, plus now i'm just more aware of it because i'm panicking. i really wanted this to be helpful and instead it just makes me feel worse and kind of trapped in my own body. not worth it for me.",1
synth::absa::2::0003::2,,synthpost::absa::2::0003::2,2,medical marijuana,"my doctor suggested medical marijuana for my psoriatic arthritis when celebrex stopped helping, so i tried it with an open mind. i was hoping for at least some relief with the constant hand pain and back stiffness. instead it made me groggy, foggy, and weirdly more sensitive to every ache. i also had a terrible next-day headache and felt completely useless at work. i know some people swear by it, but for me medical marijuana was just another thing that didn't help and made me miserable.",1
synth::absa::2::0003::3,,synthpost::absa::2::0003::3,2,weed,"i'm honestly so tired of people acting like weed is the answer to everything. i have sjogren's and severe dry eyes/dry mouth already, so when i tried smoking a few times i ended up feeling like sandpaper from the inside out. my throat hurt, my eyes burned more, and the pain relief was basically zero. it just seems like one more thing that adds symptoms instead of easing them. maybe it's fine for other people, but for autoimmune dryness? absolutely not for me.",1
synth::absa::2::0003::4,,synthpost::absa::2::0003::4,2,cannabis,"does anyone else feel like cannabis makes their autoimmune symptoms spiral instead of helping? i have ra and mild pots, and every time i try an edible for sleep i end up with a pounding heartbeat, dizziness, and the next day my joints feel even more inflamed. i kept trying different brands because people kept saying i just needed to find the right one, but at this point i'm done. cannabis has been the opposite of helpful and i'm frustrated i wasted so much money on it.",1
synth::absa::2::0004::0,,synthpost::absa::2::0004::0,2,cbd,"anyone else feel like cbd is basically a scam for inflammatory arthritis? i’ve been taking gummies for a few weeks because everybody in my family swore it would “take the edge off,” but all it’s done is lighten my wallet. zero change in the morning stiffness, zero change in the swelling, maybe even made me groggy. i’m not expecting a miracle, just something that actually does something. if it helps you, great, but for me cbd has been a total dud.",1
synth::absa::2::0004::1,,synthpost::absa::2::0004::1,2,thc,"quick question for people with sjogren’s: does thc always make the dryness worse or am i just extra unlucky? i tried a tiny amount last night hoping it might help me relax and sleep through the joint pain, but my mouth and eyes got so miserable i was up drinking water every ten minutes. it didn’t even help the pain much, just made me anxious and sticky-dry. honestly i regret bothering with it.",1
synth::absa::2::0004::2,,synthpost::absa::2::0004::2,2,weed,"i know people mean well when they recommend weed for everything, but i wish they’d stop telling me it’s the answer for lupus pain. i gave it a fair try a few times and all it did was make me feel spacey, heart racing, and weirdly more aware of the ache in my hands. not a fun combo. maybe it works for some folks, but weed and my body clearly do not get along.",1
synth::absa::2::0004::3,,synthpost::absa::2::0004::3,2,medical marijuana,"has anyone else been pushed toward medical marijuana by every friend and their cousin after an autoimmune diagnosis? i’m honestly frustrated. i tried a tincture because i was desperate during a bad flare and it made me feel foggy, nauseated, and kind of panicky without touching the inflammation. i’m tired of being told to “just try cannabis” like it’s somehow replacing actual treatment. i’d rather stick with meds that have evidence.",1
synth::absa::2::0004::4,,synthpost::absa::2::0004::4,2,marijuana,"marijuana is getting recommended to me nonstop since my ankylosing spondylitis diagnosis, and i’m over it. maybe i’m sensitive, but the couple times i tried it i got a headache and my pain actually felt more intense once the novelty wore off. i also hate how people act like saying it didn’t help means i’m not trying hard enough. it did not help. at all.",1
synth::absa::2::0005::0,,synthpost::absa::2::0005::0,2,cbd,"has anyone else had cbd just do absolutely nothing? i picked up a tincture and a topical from a dispensary after my rheum nurse suggested i “try the gentle route” for hand and wrist pain. after 3 weeks the only thing i noticed was an empty wallet and a weird stomach ache. my joints still feel like they’re on fire, and the cbd didn’t touch the morning stiffness or the nerve-y pain in my fingers. honestly i’m annoyed because everyone online talks like it’s some miracle. maybe it helps other people, but for me it was a total waste.",1
synth::absa::2::0005::1,,synthpost::absa::2::0005::1,2,thc,"i tried a low-dose thc gummy last night because i was desperate for sleep during this flare, and it backfired hard. instead of relaxing, i got super wired, my heart was racing, and my pain felt louder somehow. i ended up staring at the ceiling for hours with my wrists throbbing and my mouth so dry i had to keep drinking water. maybe thc works for some folks, but it made an already miserable night way worse. i’m done experimenting with it for now.",1
synth::absa::2::0005::2,,synthpost::absa::2::0005::2,2,medical marijuana,"my new rheumatologist mentioned medical marijuana as one option while we wait to see if the biologic kicks in, but i’m pretty skeptical at this point. i’ve tried two different products from a licensed clinic and both left me foggy, nauseous, and somehow still in pain. the extra brain fog is the worst part because i already struggle with fatigue from psoriatic arthritis. i know people mean well when they recommend it, but medical marijuana has not been a good fit for me at all.",1
synth::absa::2::0005::3,,synthpost::absa::2::0005::3,2,weed,"weed used to be something i could tolerate socially, but since my sjogren's symptoms ramped up it just seems to make everything worse. the dry mouth gets unbearable, my eyes feel grittier, and my throat is irritated for hours afterward. i also notice more joint aching the next day, which is the last thing i need when i’m already dealing with inflammation and exhaustion. i’ve basically stopped completely because it adds problems instead of helping.",1
synth::absa::2::0005::4,,synthpost::absa::2::0005::4,2,cannabis,"i hate that i even have to ask this, but has anyone had cannabis make their autoimmune symptoms feel more intense? i tried an edible hoping it would take the edge off the pain from my hands and knees, but i got anxious, my muscles felt tight, and i ended up hyperfocused on every ache in my body. it didn’t help sleep either. i’m starting to think cannabis just isn’t for me, which is frustrating because i really wanted something that would calm things down without all the side effects.",1
synth::absa::2::0006::0,,synthpost::absa::2::0006::0,2,cbd,"has anyone else found that cbd just does absolutely nothing for joint pain? i have psoriatic arthritis and got talked into trying tinctures, gummies, and a topical from a local shop because everyone swears by it. i gave it a fair shot for a few weeks and honestly all i got was a lighter wallet and a weird stomach ache. no change in stiffness, no change in the morning pain, nothing. if anything i was more annoyed because i kept hoping i was finally finding something that would let me cut back on naproxen. maybe i bought the wrong brand or maybe cbd just isn't my thing, but i don't get the hype at all.",1
synth::absa::2::0006::1,,synthpost::absa::2::0006::1,2,cannabis,"i know people love talking about cannabis like it's some miracle for autoimmune pain, but it made my symptoms feel worse. i have lupus and after trying an edible one night i woke up feeling super foggy, nauseous, and somehow more achy than usual. the next day my hands were puffy and i was just miserable. i wasn't even trying to get high, just wanted something to help me sleep through a flare. instead i spent half the night panicking because my heart was racing and my joints felt on fire. maybe it helps other people, but for me cannabis was a bad tradeoff and i'm not touching it again.",1
synth::absa::2::0006::2,,synthpost::absa::2::0006::2,2,thc,"thc is apparently not my friend. i tried a low-dose tincture for back pain and it turned into one of the worst evenings i've had in months. my pain didn't calm down at all, i got dizzy, and then the anxiety kicked in hard enough that i was convinced i was having some kind of reaction. my shoulders and hips were already inflamed from a flare, and the thc just made me feel hyper-aware of every single sensation in my body. i kept waiting for the relaxing part people talk about, but it never came. ended up in bed with a heating pad and zero relief.",1
synth::absa::2::0006::3,,synthpost::absa::2::0006::3,2,weed,"i stopped smoking weed a while back because it was making everything harder, not easier. i have ra and the biggest problem for me was that it would leave me exhausted and glued to the couch, which sounds fine until you realize i was skipping meals, sleeping weird hours, and then waking up with even more stiffness. the pain in my knees and wrists didn't improve, and my brain felt so slow that i couldn't keep up with work or even basic errands. i kept telling myself it was helping me unwind, but really it just made me feel gross and less motivated to take care of myself. not worth it.",1
synth::absa::2::0006::4,,synthpost::absa::2::0006::4,2,medical marijuana,"i asked my rheumatologist about medical marijuana because i was desperate to get through the night without waking up every hour. unfortunately it was a total disappointment. the first couple of tries left me groggy, spacey, and weirdly more sensitive to pain, like my whole body was buzzing in a bad way. i also felt really dry-mouthed and anxious, which made sleeping even harder. i know some people in this sub say it helps their lupus or sjogren's symptoms, but my experience with medical marijuana has been the opposite. i would rather stick with my regular meds than feel drugged and still hurt.",1
synth::absa::2::0007::0,,synthpost::absa::2::0007::0,2,cbd,"anyone else feel like cbd is basically useless for inflammatory arthritis pain? i bought two different tinctures and a salve because i was desperate after a flare in my wrists and knees, and all it did was make my wallet lighter. the lotion smelled nice but the actual pain was exactly the same an hour later. i know people swear by it, but for me it just feels like expensive tea oil. if anything, the one with cbd made my stomach kind of gross, which is the last thing i need when i'm already taking naproxen and prednisone. just wondering if i'm the odd one out or if some of us really do get zero benefit from cbd.",1
synth::absa::2::0007::1,,synthpost::absa::2::0007::1,2,thc,"quick question for people with sjögren's: does thc make your dry mouth absolutely unbearable? i tried a low-dose edible because i was having a rough night with joint pain and couldn't sleep, but my mouth turned into the sahara and swallowing felt weird for hours. it didn't even help much with the pain, honestly. i ended up sipping water nonstop and still felt like sandpaper. i keep seeing thc recommended in lupus/ra groups and i'm confused because it seems to make one of my worst symptoms much worse. maybe i'm just sensitive, but i don't think thc is going to be part of my toolkit.",1
synth::absa::2::0007::2,,synthpost::absa::2::0007::2,2,weed,"i know weed helps a lot of people here, but i think my body hates it. every time i've tried it for pain or nausea, i get weirdly anxious and then my heart starts racing, which sends my fatigue and muscle aches into overdrive. the last time was after a long day of labs and a rheum appointment; instead of relaxing, i spent the whole evening convinced every twinge meant something terrible. not fun, not helpful, and definitely not worth it for me. does anyone else feel like weed just makes them notice every symptom 10x more?",1
synth::absa::2::0007::3,,synthpost::absa::2::0007::3,2,medical marijuana,"my rheumatologist suggested i look into medical marijuana for night pain, so i tried to keep an open mind. honestly, i think it's been a bust. the gummies made me dizzy, foggy, and weirdly more aware of my hip pain instead of less aware of it. i also woke up feeling super groggy, like i had slept in a swamp. i was hoping it would be a gentler option than stronger meds, but so far it has just given me side effects and no real relief. maybe i'm missing the right dose or type, but right now medical marijuana feels like another thing my body doesn't cooperate with.",1
synth::absa::2::0007::4,,synthpost::absa::2::0007::4,2,cannabis,"i'm curious if anyone with ra/sjogren's has had bad luck with cannabis and inflammation? i tried a couple different strains because people in my support group kept saying it would help with sleep and pain, but all i got was a headache, a dry throat, and this awful wired feeling that made my joints seem even more tender. i was hoping cannabis would take the edge off the flare i'm in, but instead it just made me feel off and more irritable. at this point i'd rather stick with heat packs and boring old otc meds than keep experimenting with something that doesn't seem to agree with me.",1
synth::absa::2::0008::0,,synthpost::absa::2::0008::0,2,cbd,"has anyone else had weird reactions to cbd with ra? i tried a tincture last week because my wrists and knees have been flaring nonstop, and instead of calming anything down it made me feel kind of shaky, nauseous, and more achy the next day. i kept waiting for the supposed anti-inflammatory effect and honestly got nothing but a headache and worse fatigue. i know some people swear by cbd but it feels like it does the opposite for me. is that just me being sensitive, or can cbd actually make pain feel worse?",1
synth::absa::2::0008::1,,synthpost::absa::2::0008::1,2,medical marijuana,"i’m honestly disappointed with medical marijuana so far. i have scleroderma and terrible hand pain, plus the usual insomnia from being uncomfortable all night, so i got my card thinking it might help me cut back on otc meds. instead it just left me foggy, anxious, and somehow even more aware of every little joint pain. i tried different strains, different doses, gummies, vape, all of it. nothing seemed worth it. if anything, i spent money to feel worse and then had to nap off the side effects. does anyone actually tolerate it with autoimmune disease?",1
synth::absa::2::0008::2,,synthpost::absa::2::0008::2,2,thc,"thc and i do not get along at all. i have sjogren’s and was hoping it would help with pain and sleep, but every time i try it i get this gross racing-heart feeling, dry mouth that is somehow even worse than usual, and a kind of panicky body buzz that makes my joints feel more sensitive. it’s like my nervous system is already on fire and thc pours gasoline on it. i know plenty of people use it for pain, but for me it’s been a complete fail. anyone else get more inflammation-feeling after thc?",1
synth::absa::2::0008::3,,synthpost::absa::2::0008::3,2,weed,"weird question maybe, but does weed make anyone else feel physically worse instead of relaxed? i have lupus and usually my flares come with fatigue, body aches, and that all-over flu feeling. i tried smoking a tiny amount because several people told me it might help with appetite and pain. nope. my head got heavy, my chest felt uncomfortable, and my skin/joints felt extra tender for hours. i was not even high in a pleasant way, just miserable and more aware of how bad i felt. i’m done pretending weed is a miracle for me.",1
synth::absa::2::0008::4,,synthpost::absa::2::0008::4,2,cannabis,"i wish cannabis helped my inflammatory arthritis like people say it does, but it really doesn’t. i’ve experimented with edibles and a couple different vape products, and the result is always the same: more brain fog, more dizziness, and a strange uptick in pain sensitivity later that night or the next morning. i’m not anti-anything, i just wanted a break from the constant aches. instead cannabis has been another thing i have to recover from. has anyone else found it actually aggravates their symptoms rather than helping?",1
synth::absa::2::0009::0,,synthpost::absa::2::0009::0,2,cbd,"anyone else have absolutely no luck with cbd? i’ve got sjögren’s and inflammatory arthritis, and every time i try a gummy or tincture i end up feeling weirdly jittery, more nauseous, and somehow even drier than before. people keep telling me it’s ""gentle"" and that i just need to find the right dose, but at this point i’m annoyed because it feels like it does the opposite of what it’s supposed to do. i’m not looking for miracle cures, just something that won’t make me feel worse. cbd has been a disappointment for me.",1
synth::absa::2::0009::1,,synthpost::absa::2::0009::1,2,marijuana,"my rheumatologist didn’t mind that i asked about trying marijuana for pain, but honestly i wish i hadn’t bothered. i have ra and the first couple times i used it, my joints didn’t really improve at all; instead i got foggy, anxious, and then slept terribly. the next day my stiffness was worse because i was exhausted. i know a lot of people swear by it, but for me marijuana just turned into another thing that made managing symptoms harder. has anyone else had it backfire like that?",1
synth::absa::2::0009::2,,synthpost::absa::2::0009::2,2,thc,"quick vent: thc is not my friend. i have lupus and was hoping it might take the edge off the pain so i could cut back on nsaids, but even tiny amounts make my heart race and my head feel floaty in a bad way. i also get more aware of every ache instead of less, which is the opposite of what i wanted. it’s frustrating because everyone in my circle talks about thc like it’s some perfect solution, but all i’ve gotten is side effects and regret.",1
synth::absa::2::0009::3,,synthpost::absa::2::0009::3,2,medical marijuana,"has anyone had a bad experience with medical marijuana and dry eyes/mouth? i’m being worked up for sjogren’s and i thought it might help with sleep and pain, but it made me wake up feeling like i had sand in my eyes and cotton in my mouth. i also felt groggy all morning, which is a disaster when i already struggle with fatigue from inflammation. i gave it a fair try, but medical marijuana seems to make the symptoms i’m already battling even more annoying. maybe i’m just not a good candidate for it.",1
synth::absa::2::0009::4,,synthpost::absa::2::0009::4,2,cannabis,"i’m tired of people telling me cannabis is ""natural"" so it must be harmless. for me, with psa and pretty bad anxiety on top of it, it just made everything messier: worse dry mouth, worse sleep, and a couple of scary episodes where i felt panicky and couldn’t settle down. the pain relief was minimal at best. i’m not judging anyone who uses it, but cannabis has been a letdown in my case and i’m done pretending it’s helping.",1
synth::absa::2::0010::0,,synthpost::absa::2::0010::0,2,cbd,"Has anyone else had a weird reaction to cbd? I tried a tincture and a cream because my rheum friend kept saying it might take the edge off my morning stiffness, but all it did was make me feel lightheaded and kind of gross. My joints still hurt, my sleep was unchanged, and the constant aftertaste made me nauseous enough to skip dinner. Honestly I’m annoyed I spent money on it when a heating pad helped more.",1
synth::absa::2::0010::1,,synthpost::absa::2::0010::1,2,marijuana,"I know some people swear by marijuana for autoimmune pain, but for me it has been the opposite. I have sjogren's and pretty bad fatigue, and every time I try it I get more dry-mouthed, more anxious, and the brain fog turns into full-on uselessness. I end up staring at the wall feeling stoned and uncomfortable while my wrists still ache. Not worth it at all, at least for me.",1
synth::absa::2::0010::2,,synthpost::absa::2::0010::2,2,thc,"Does thc always make inflammation feel worse for anyone else? I have psoriatic arthritis and tried a low-dose edible on a night my knee was flaring. Instead of helping, it made my heart race and I felt super aware of every twinge in my body. I didn’t even sleep well because I kept fixating on whether I was having some bad reaction. Pretty disappointed, honestly.",1
synth::absa::2::0010::3,,synthpost::absa::2::0010::3,2,weed,"I’m so frustrated because weed just does not agree with me. I’ve got lupus and was hoping it would help on the nights when the joint pain and headaches are bad, but all I get is feeling dizzy, paranoid, and weirdly more sensitive to every ache. It also makes me cough like crazy and then my chest hurts for the rest of the evening. I’m done trying to force it to work.",1
synth::absa::2::0010::4,,synthpost::absa::2::0010::4,2,medical marijuana,"My rheumatologist said I could ask a dispensary about medical marijuana for breakthrough pain, so I gave it a shot after months of trying to get through a flare. Big mistake. It didn’t touch the pain, made me nauseated, and I woke up the next day feeling even more sluggish than usual. I’m not against it for other people, but for my ra it was just another thing that failed and left me irritated.",1
synth::absa::2::0011::0,,synthpost::absa::2::0011::0,2,cbd,"anyone else feel like cbd is basically a fancy placebo? i keep getting told to try it for my ankylosing spondylitis pain and morning stiffness, so i gave it a real shot: tincture under the tongue, gummies at night, even the cream on my hands. all it did was make my wallet lighter and give me a weird bitter taste. no change in the burning in my SI joints, no help with sleep, nothing. i’m not anti-anything if it helps, but at this point cbd feels like another thing people suggest instead of actually dealing with the inflammation. has anyone with actual inflammatory arthritis found it useful, or am i wasting my time here?",1
synth::absa::2::0011::1,,synthpost::absa::2::0011::1,2,cannabis,"i’m so tired of the “have you tried cannabis?” advice from everyone who suddenly becomes an expert the second they hear lupus. i did try it, and for me it made the brain fog and anxiety way worse, which is honestly the last thing i need during a flare. my heart felt like it was racing and i could not relax at all. the pain was still there, plus i was staring at the ceiling feeling paranoid and useless. maybe it works for some people, but cannabis is not my miracle option and i’m annoyed that it gets pushed like it’s the answer to everything.",1
synth::absa::2::0011::2,,synthpost::absa::2::0011::2,2,marijuana,"f23 with ra here. i used to smoke marijuana on and off in college, and every time i’ve gone back to it recently it seems to make me feel gross the next day. the joint pain is still there, but now i’m also nauseous, dehydrated, and even more tired than usual. i tried a tiny amount thinking maybe i just overdid it before, but nope, same thing. not worth it for me. i’d rather take my naproxen and deal with the stiffness than spend half the night anxious and then wake up feeling like i got hit by a truck.",1
synth::absa::2::0011::3,,synthpost::absa::2::0011::3,2,thc,"just venting: thc and i are apparently not friends. i have psoriatic arthritis and when i’m flaring, people keep telling me to try higher thc edibles for the pain. i’ve done that three times now and each time i ended up more sensitive, more restless, and honestly a little nauseated. instead of helping my hips and knees calm down, thc made me focus on every ache in my body until i was miserable. i know it helps some folks, but for me it seems to crank everything up. i’m over the suggestions at this point.",1
synth::absa::2::0011::4,,synthpost::absa::2::0011::4,2,medical marijuana,"i know this will probably be unpopular, but medical marijuana has not been the helpful thing i hoped for after my sjogren’s diagnosis. i bought into the whole “natural relief” idea because i’m desperate for anything that helps with the dryness, fatigue, and hand pain. all it did was make me sleepy in a foggy, unpleasant way, and the dry mouth was honestly worse. my eyes still burned, my joints still hurt, and i felt too spaced out to function. i’m not saying nobody benefits, but medical marijuana has been a bust for me and i wish people would stop acting like it’s some guaranteed fix.",1
synth::absa::2::0012::0,,synthpost::absa::2::0012::0,2,cbd,"has anyone else had basically zero luck with cbd? i have psoriatic arthritis and tried a couple tinctures plus a topical cbd roll-on for about six weeks. not only did it not touch the pain in my hands/knees, but the oil made my stomach feel off and the cream gave me a weird rash behind my knee. i keep seeing people say it 'takes the edge off,' but for me cbd just feels expensive and useless. am i missing something, or is it just not worth the hype for inflammatory pain?",1
synth::absa::2::0012::1,,synthpost::absa::2::0012::1,2,thc,"i'm starting to think thc is not my friend at all. i have sjogren's and some pretty nasty nerve pain, and a friend gave me a low-dose gummy because everyone swore it would help me relax and sleep. instead i got a pounding heart, worse dry mouth, and this awful spiral of anxiety where every joint ache felt 10x bigger. slept badly, woke up groggy, and the pain was still there. does thc do this to anyone else or am i just unusually sensitive?",1
synth::absa::2::0012::2,,synthpost::absa::2::0012::2,2,weed,"super frustrated right now because weed keeps making my RA symptoms feel worse, not better. i used to smoke a little at night thinking it would help me unwind after work, but lately it just leaves me dehydrated, foggy, and weirdly more aware of every little ache in my wrists and shoulders. the worst part is the next morning i feel wiped out before i even get out of bed. i know some people with chronic pain swear by it, but i'm honestly done pretending weed is helping me.",1
synth::absa::2::0012::3,,synthpost::absa::2::0012::3,2,medical marijuana,"my rheumatologist was fine with me trying medical marijuana for sleep and pain, so i figured why not. honestly it has been a disappointment. the first couple nights i felt mildly relaxed, then it started giving me a racing mind, dry eyes, and this heavy drained feeling the next day that made work impossible. my inflammatory back pain was still there too. i keep hearing about people getting real relief from medical marijuana, but in my case it seems to make me feel worse overall. anyone else have the opposite of the 'miracle cure' experience?",1
synth::absa::2::0012::4,,synthpost::absa::2::0012::4,2,cannabis,"just wanted to vent a little: cannabis has been a total miss for my autoimmune stuff. i have lupus-like symptoms and pretty constant fatigue, and every time i try a small amount, i end up nauseous, sleepy in the wrong way, and more anxious about my symptoms instead of less. i even tried a balanced product because people said the ratio matters, but nope — still felt awful and useless. i’m not anti-anything, i just wish cannabis actually helped the way people on the internet claim it does.",1
synth::absa::2::0013::0,,synthpost::absa::2::0013::0,2,cbd,"anyone else feel like cbd is basically a very expensive placebo for inflammatory arthritis? i bought two different tinctures and a salve after reading so many reviews, gave it a solid month, and the only thing it improved was my wallet staying lighter. no change in morning stiffness, no real pain relief, and one of the drops even upset my stomach. i'm still on my normal meds, but i was hoping cbd might take the edge off on bad flare days. instead i just got tired of listening to friends tell me to ""try natural stuff"" like i hadn't already. does it actually work for anyone with ra, or am i just wasting money? cbd and joint pain",1
synth::absa::2::0013::1,,synthpost::absa::2::0013::1,2,thc,"i tried thc gummies for sleep because prednisone has me feeling wired at night, and honestly it was a disaster. my heart started pounding, i felt weird and anxious, and the pain in my hands somehow felt louder. slept worse than usual, which is impressive because i thought nothing could beat 3am ra pain. maybe i'm just sensitive, but thc definitely did not calm anything down for me. it just made me feel out of it and more aware of every ache. has anyone else had thc make flares feel worse instead of better? not for me at all.",1
synth::absa::2::0013::2,,synthpost::absa::2::0013::2,2,weed,"i know people swear by weed for autoimmune pain, but for me it has been the opposite. i have sjogren's and already deal with dry mouth all day, so smoking just turns my throat into sandpaper and makes talking miserable. i tried a small edible once too and got a racing mind, nausea, and zero relief in my joints. at this point i don't understand the hype. if anything, weed adds another problem i don't need. maybe i'm missing the right strain or method, but so far it has been a bad tradeoff.",1
synth::absa::2::0013::3,,synthpost::absa::2::0013::3,2,medical marijuana,"my rheumatologist suggested i ""look into medical marijuana"" after i said i was still waking up in pain despite methotrexate and celecoxib. i did some research, paid for the card, went to a dispensary, and left feeling pretty disappointed. the oil they recommended did nothing for swelling and the vape made me cough so hard i hurt my ribs. i wanted to be open-minded, but medical marijuana has not helped my psoriatic arthritis one bit. if anything, it just gave me another thing to spend money on while my actual meds get adjusted.",1
synth::absa::2::0013::4,,synthpost::absa::2::0013::4,2,cannabis,"does anyone else get annoyed when people act like cannabis is the answer to every chronic illness? i have lupus, neuropathy, and constant fatigue, and i tried a few different products because everyone around me kept saying it would be ""game changing."" nope. i mostly got a headache, brain fog, and this awful floaty feeling that made it harder to function at work. the pain was still there, just now with bonus dizziness. maybe cannabis helps some people, but it has not been a useful tool for me and i'm tired of being told i'm not trying hard enough.",1
synth::absa::2::0014::0,,synthpost::absa::2::0014::0,2,cbd,"honestly i'm so tired of everyone acting like cbd is some miracle answer for autoimmune pain. i've spent the last year trying gummies, tinctures, and a couple of overpriced creams for my hands and shoulders, and all i got was a lighter wallet and the same stiffness. the topical stuff smelled nice, sure, but it didn't touch the inflammation. if anything, the gummy made me groggy and weirdly nauseous the next morning. has anyone actually gotten real relief from cbd, or is this just another thing people tell us to buy because they don't know what lupus/ra pain feels like?",1
synth::absa::2::0014::1,,synthpost::absa::2::0014::1,2,weed,"does weed make anyone else feel absolutely awful? i used to think it helped me sleep, but since my sjogren's got worse it just makes my mouth feel like i've swallowed sandpaper and my heart starts pounding. i tried a tiny amount last night for pain and ended up more anxious, more dry, and somehow even more aware of every joint ache in my body. not fun at all. i'm done pretending it's useful for me.",1
synth::absa::2::0014::2,,synthpost::absa::2::0014::2,2,cannabis,"my rheumatologist suggested i ""experiment"" with cannabis for flare pain, so i gave it a fair shot. bad idea. i took what was supposed to be a low dose and spent the next few hours dizzy, shaky, and completely useless, with my brain fog turned up to 100. the pain never really changed, but my stomach did, and not in a good way. maybe it works for some people, but cannabis seems to do the opposite for me. i feel like i function worse every time i try it.",1
synth::absa::2::0014::3,,synthpost::absa::2::0014::3,2,medical marijuana,"i know a lot of people in this sub swear by medical marijuana, but i just don't get it. it hasn't helped my inflammatory arthritis at all, and the side effects are miserable for me. i get a racing pulse, dry eyes, a dry mouth, and then i panic because i already deal with enough weird symptoms without adding more. i was hoping for something that would let me eat dinner and sleep through the night. instead i just felt high, uncomfortable, and still in pain. disappointing doesn't even cover it.",1
synth::absa::2::0014::4,,synthpost::absa::2::0014::4,2,thc,"thc is a no from me. every time i try a product with thc in it, even a tiny amount, my pain seems sharper instead of better and my anxiety goes through the roof. i have sjogren's and the cotton-mouth from thc is honestly miserable enough on its own, but the worst part is feeling spacey and unable to tell whether i'm having a real flare or just getting weird from the oil. i've tried to give it multiple chances and it keeps letting me down.",1
synth::absa::2::0015::0,,synthpost::absa::2::0015::0,2,cbd,"does anyone else get basically zero benefit from cbd? i keep seeing it recommended everywhere for inflammation and sleep so i gave it a real shot for a month—tincture, gummies, even a topical balm. nothing. if anything i just felt more annoyed because i was spending money on stuff that did not touch the stiffness in my spine or the burning in my feet. i know people swear by it, but for me cbd has been a complete bust. maybe it helps anxiety for some people, but as far as my ra pain goes it has been useless.",1
synth::absa::2::0015::1,,synthpost::absa::2::0015::1,2,medical marijuana,"my rheum mentioned medical marijuana like it was some miracle backup option, so i tried it after another brutal week of flares and insomnia. honestly i’m kind of disappointed. it didn’t calm the pain, it just made me foggy, anxious, and weirdly more aware of every ache in my hips and hands. i also woke up feeling hungover without having slept any better. maybe i reacted badly, but medical marijuana has not been the answer for me at all. if anything it made a bad night worse.",1
synth::absa::2::0015::2,,synthpost::absa::2::0015::2,2,thc,"i keep seeing people suggest thc for autoimmune pain, but every time i try it my body feels worse, not better. the last time i used a low dose edible i got shaky, my heart raced, and my joints felt like they were screaming louder than before. i was hoping it would help with sleeping through the night, yet i ended up staring at the ceiling and waiting for the buzz to pass. thc is just not my friend, and i’m done pretending it’s worth another attempt.",1
synth::absa::2::0015::3,,synthpost::absa::2::0015::3,2,weed,"vent: weed and sjogren's do not mix for me. i tried smoking on a weekend when my dryness and jaw pain were awful, thinking it might distract me or help me unwind. instead my mouth got drier, my throat felt scratchy, and i spent the whole evening chugging water and regretting it. i also got paranoid for no reason, which is the last thing i need when i'm already exhausted from this disease. people talk about weed like it fixes everything, but in my case it just added another miserable symptom.",1
synth::absa::2::0015::4,,synthpost::absa::2::0015::4,2,cannabis,"has anyone else had their joint pain flare after cannabis? i used a small amount of an oil product because a friend insisted it would be gentle, but the next morning i was stiff in places that had actually been doing okay. it felt like my body hated it. i kept waiting for some relaxing effect, and all i got was nausea and a weird heavy feeling in my limbs. i’m starting to think cannabis is one of those things that sounds promising for inflammatory disease but just doesn’t work for me at all.",1
synth::absa::2::0016::0,,synthpost::absa::2::0016::0,2,cbd,"has anyone else tried cbd for joint pain and just gotten absolutely nothing out of it? i'm 6 months into a psoriatic arthritis workup, hands are stiff every morning, and my knees feel like rusted hinges. a friend kept pushing gummies on me so i gave it an honest shot for three weeks. all it did was make me sleepy and give me a weird stomach ache, but the pain in my fingers and wrists was the same or worse. i'm not against people using it, i just feel like cbd is getting sold as some miracle and that has not been my experience at all.",1
synth::absa::2::0016::1,,synthpost::absa::2::0016::1,2,marijuana,"i really wish marijuana helped me because everyone in my family acts like it solves everything. i have lupus and on bad nights my chest, hips, and shoulders feel like they are on fire. i tried a small amount of an edible twice and both times i got anxious, my heart started racing, and i spent the whole evening hyperfocused on every ache in my body. no relaxation, no pain relief, just more misery. maybe it works for other people but marijuana is not for me and honestly made a flare night feel 10x longer.",1
synth::absa::2::0016::2,,synthpost::absa::2::0016::2,2,thc,"quick question for the people who tolerate thc: does it ever stop making you feel gross? i was hoping it would help me sleep with my RA pain, but instead i get foggy, nauseous, and then paranoid that every little twinge means i'm having a major flare. the weird part is the pain still doesn't budge. i just end up high, uncomfortable, and annoyed that i wasted money on something that doesn't touch the inflammation. i'm probably done experimenting with thc at this point.",1
synth::absa::2::0016::3,,synthpost::absa::2::0016::3,2,medical marijuana,"my rheumatologist basically said to keep an open mind about medical marijuana for my ankylosing spondylitis, so i did. after a month i'm pretty disappointed. the vape made my throat hurt, the tincture tasted awful, and neither one changed my back pain enough to matter. if anything, medical marijuana made me more aware of how stiff and sore i already am once the buzz wears off. i know people swear by it, but for me it feels like an expensive distraction rather than an actual treatment.",1
synth::absa::2::0016::4,,synthpost::absa::2::0016::4,2,weed,"i stopped smoking weed last week because i realized i was reaching for it every night hoping it would help with the constant aching from my connective tissue disease. instead, it just left me groggy in the morning and somehow even more wiped out after a couple of hours. i also noticed i was eating junk nonstop and then feeling worse the next day, which probably wasn't helping the inflammation at all. i'm not saying weed is bad for everyone, but it has been pretty useless for me and i'm better off without it.",1
synth::absa::2::0017::0,,synthpost::absa::2::0017::0,2,cbd,"not sure if this is just me being sensitive but every time i try cbd for my joint pain i feel like it does absolutely nothing except cost money. i keep seeing people say it’s the miracle option for autoimmune stuff and i honestly wish that was true because i was hoping it would help me get through the evenings without reaching for stronger meds. instead i’m still stiff, still sore, and now i’m annoyed because i bought another bottle that’s going to sit in my cabinet. has anyone actually had luck with cbd after being diagnosed, or am i just wasting my time?""",1
synth::absa::2::0017::1,,synthpost::absa::2::0017::1,2,thc,"i tried a low dose thc gummy last night because a bunch of people in my arthritis group swear by it for sleep. nope. my pain didn’t improve at all and instead i got that weird floaty, nauseous feeling and spent two hours checking my pulse because it made me feel like my heart was racing. i already have enough issues trying to fall asleep when my shoulders and hands are on fire, so adding thc just made the whole thing more miserable. i’m pretty disappointed tbh.",1
synth::absa::2::0017::2,,synthpost::absa::2::0017::2,2,medical marijuana,"my rheum didn’t recommend medical marijuana, but my pain management doctor was open to it so i gave it a shot. i wanted something to help with the nighttime stiffness and the constant ache in my wrists. honestly? it’s been underwhelming at best and awful at worst. i feel foggy, a little paranoid, and somehow still in pain. i know some people get relief, but for me it’s just another thing that makes me feel like i’m chasing a solution that isn’t there.",1
synth::absa::2::0017::3,,synthpost::absa::2::0017::3,2,weed,"weed makes my symptoms feel louder, not quieter. i only tried it a few times after my diagnosis because everyone kept telling me it would help with inflammation and sleep, but i ended up feeling super uncomfortable and way more aware of every little joint pain. also got really dry mouth and that gross heavy feeling in my chest that made me panic a bit. i’m done experimenting with it. if anything it set me back for the night and made me feel more stressed about my illness.",1
synth::absa::2::0017::4,,synthpost::absa::2::0017::4,2,cannabis,"i’m starting to think cannabis just isn’t for me. i’ve tested tinctures, edibles, and a couple different ratios and every time i either feel nothing or i feel worse. the last edible made my nausea worse and my legs felt weirdly shaky for hours, which is the opposite of what i needed during a flare. people keep acting like i’m missing out on some obvious fix, but for my body it has been a total miss. anyone else get zero benefit from cannabis?",1
synth::absa::2::0018::0,,synthpost::absa::2::0018::0,2,thc,"anyone else with psoriatic arthritis react badly to thc? i tried a tiny gummy last night because everyone keeps saying it’s great for pain/sleep, and instead i got racing heart, jittery, and my joints felt weirdly more “alive” in the worst way. slept maybe 3 hours and woke up feeling like i had been hit by a truck. i wanted it to be a safer alternative to nsaids but nope, thc seems to make my body panic rather than relax.",1
synth::absa::2::0018::1,,synthpost::absa::2::0018::1,2,cbd,"i keep seeing cbd recommended in lupus groups so i bought a tincture and gave it a fair shot for two weeks. honestly it did nothing for the fatigue, and i think it upset my stomach on top of that. maybe it helps other people, but for me cbd just felt like expensive placebo juice. i’m annoyed because i was really hoping for something gentler than more meds.",1
synth::absa::2::0018::2,,synthpost::absa::2::0018::2,2,medical marijuana,"quick vent: my rheumatology office suggested medical marijuana for pain since i’m trying to cut back on prednisone and ibuprofen. i was open to it, but after trying a low dose vape i got dizzy, nauseous, and my hands were trembling so bad i could barely text. the pain didn’t improve at all. if anything, the whole experience made me feel more inflamed and exhausted. not sure why it works for everyone else and just wrecks me.",1
synth::absa::2::0018::3,,synthpost::absa::2::0018::3,2,weed,"does weed always make sjogren’s dryness worse or am i just unlucky? i used to smoke a little socially years ago, but since developing this stupid dry-eye/dry-mouth combo, even a couple puffs leaves me feeling like my tongue is sandpaper and my eyes are full of gravel. i’m not against it in theory, but for me weed is basically the fastest route to feeling miserable and dehydrated.",1
synth::absa::2::0018::4,,synthpost::absa::2::0018::4,2,cannabis,"i know cannabis is supposed to be the miracle option for chronic pain, but it has been the opposite for my ankylosing spondylitis. every time i try an edible, i end up groggy, anxious, and way more aware of every ache in my back. the next morning my stiffness feels worse too, like my muscles never fully unclench. i’m done wasting money on it and getting my hopes up for nothing.",1
synth::absa::2::0019::0,,synthpost::absa::2::0019::0,2,cbd,"has anyone else tried cbd for inflammatory pain and just felt like they wasted money? i have ra and bought a few different gummies, tinctures, and a cream because everyone swore cbd would be the answer. all it did was make my wallet lighter. zero change in morning stiffness, zero change in swelling, and the one gummy that supposedly had ""extra strength"" just made me tired and weirdly foggy. i know some people get relief, but for me cbd has been a total dud. i'm sticking with my actual meds and heat packs at this point.",1
synth::absa::2::0019::1,,synthpost::absa::2::0019::1,2,weed,"i keep seeing people on the lupus forums say weed helps their appetite and pain, but every time i've tried it i end up feeling gross and more anxious than before. my joints still hurt, my mouth gets dry, and then i spend the whole night overthinking my symptoms instead of sleeping. honestly it makes the whole flare feel worse, not better. maybe i'm just one of the unlucky ones, but weed has not been worth it for me at all.",1
synth::absa::2::0019::2,,synthpost::absa::2::0019::2,2,thc,"quick question for anyone with sjogren's: does thc dry you out as badly as it does me? i tried a low-dose edible thinking it might help with the pain and nausea, and instead my eyes felt like sandpaper and my throat was so scratchy i was waking up to drink water every hour. the pain relief was basically nonexistent. i really wanted thc to be useful, but for my body it was just another symptom-maker.",1
synth::absa::2::0019::3,,synthpost::absa::2::0019::3,2,medical marijuana,"my rheumatologist mentioned medical marijuana as something i could ""consider"" for fibromyalgia and as a backup for bad nights, so i gave it a fair shot. honestly? i don't get the hype. it didn't touch the burning pain in my hips, and the one strain the dispensary recommended made my heart race and my brain feel scrambled. i felt more miserable after using it, not less. maybe it works for other people, but medical marijuana has been a pretty disappointing experiment for me.",1
synth::absa::2::0019::4,,synthpost::absa::2::0019::4,2,cannabis,"i'm just venting a little because i'm tired of hearing that cannabis is the miracle cure for autoimmune pain. i have psa and tried two different products over a few weeks, and neither did anything except make me sleepy and slightly nauseous. no improvement in swelling, no better movement, no real pain relief. it feels like a lot of expensive marketing wrapped up in a plant that simply does not do much for my arthritis.",1
synth::absa::2::0020::0,,synthpost::absa::2::0020::0,2,cbd,"has anyone else had zero luck with cbd for joint pain? i keep seeing people rave about it but for my ra it honestly feels like money down the drain. i tried tinctures, capsules, and a cream for a full month and nothing changed except i got sleepy and weirdly spaced out. the hand pain, morning stiffness, all of it stayed the same. at this point i’m starting to think cbd just does not do anything for me, and i’m annoyed i bought into the hype.",1
synth::absa::2::0020::1,,synthpost::absa::2::0020::1,2,thc,"i wanted to see if thc could help me sleep through these ridiculous lupus flares, but it backfired hard. even tiny amounts make my heart race and my body feel even more tense, like every ache gets amplified instead of dulled. i’m not anti-anything, i just wish thc didn’t make me feel so panicky and miserable because i really needed some relief.",1
synth::absa::2::0020::2,,synthpost::absa::2::0020::2,2,cannabis,"quick vent: cannabis seems to make my ankylosing spondylitis pain worse, not better. i’m not talking about being “too high” or anything, it literally leaves me more aware of every sore spot in my spine and hips and i end up stiff and irritated the next day. i know people call it a miracle for chronic pain, but for me it’s been the opposite and i’m honestly disappointed.",1
synth::absa::2::0020::3,,synthpost::absa::2::0020::3,2,medical marijuana,"my rheum suggested i “look into medical marijuana” when i said i was having nonstop wrist pain from psoriatic arthritis. i tried it because i was desperate and it just made me foggy, anxious, and way less functional without touching the inflammation. if anything i felt more stuck in my body. really frustrating when something supposed to help just makes the whole day harder.",1
synth::absa::2::0020::4,,synthpost::absa::2::0020::4,2,weed,"i know weed helps some people with autoimmune stuff, but it has not been kind to me at all. i have sjogren’s and the dryness gets unbearable, plus i get this awful head pressure and paranoia that makes me focus on every single symptom. instead of calming me down, weed turns one bad pain day into a full on panic spiral. i’m done pretending it’s a good option for me.",1
synth::absa::2::0021::0,,synthpost::absa::2::0021::0,2,cbd,"anyone else feel like cbd is basically a scam for inflammatory pain? i bought the tincture, the gummies, even the expensive full-spectrum stuff everyone swears by and it barely touched my stiffness. the only thing i noticed was a weird stomach ache and being out $80. i have psoriatic arthritis and was really hoping cbd would take the edge off in the mornings, but nope. just wondering if i'm missing something or if it honestly does nothing for some people.",1
synth::absa::2::0021::1,,synthpost::absa::2::0021::1,2,marijuana,"i tried marijuana last night because a couple people in my support group said it helps their lupus fatigue and joint pain. all it did for me was make my heart race, make my hands feel even more shaky, and turn every little ache into something i could obsess over. i spent two hours lying there convinced my hips were on fire. not doing that again. if anything, marijuana made me feel worse and way more panicky.",1
synth::absa::2::0021::2,,synthpost::absa::2::0021::2,2,thc,"quick question for folks with ankylosing spondylitis: does thc always make you feel kind of awful? i got a low-dose edible hoping it would relax my back spasms, but instead i felt dizzy, nauseous, and weirdly aware of every single pain signal in my body. it did not help me sleep at all. honestly i'm pretty disappointed because i had high hopes for thc after reading so many positive stories.",1
synth::absa::2::0021::3,,synthpost::absa::2::0021::3,2,weed,"i'm at the point where weed is just not for me. i've got ra and chronic neck pain, and every time i try it i end up paranoid, dry-mouthed, and focused on my joints in the worst possible way. the pain doesn't fade, it just gets louder in my head. i know some people swear by weed for flare days, but for me it's the opposite: miserable, anxious, and still hurting.",1
synth::absa::2::0021::4,,synthpost::absa::2::0021::4,2,medical marijuana,"has anyone else had a bad experience with medical marijuana for autoimmune pain? my rheumatologist didn't prescribe it, but i was basically told to 'look into it' by another doctor when the naproxen stopped being enough. i tried it for a week and it made me feel groggy, spaced out, and kind of sick, while my wrist pain stayed exactly the same. i know people talk about medical marijuana like it's some miracle option, but i honestly found it useless and frustrating.",1
synth::absa::2::0022::0,,synthpost::absa::2::0022::0,2,cbd,"has anyone else had weird side effects from cbd? i tried a tincture for my ra because i was desperate for something that wouldn't wreck my stomach like nsaids do. instead of helping, it just made me feel foggy, nauseous, and somehow more achy the next day. i don't know if the bottle was junk or if cbd just doesn't agree with me, but for all the hype it was a total letdown. i'm back to my usual meds and honestly irritated i wasted the money.",1
synth::absa::2::0022::1,,synthpost::absa::2::0022::1,2,medical marijuana,"my rheumatologist didn't officially recommend medical marijuana, but a friend kept insisting it would help my sjogren's pain and sleep. i gave it an honest try for a few weeks and all it did was leave me dry-mouthed, anxious, and groggy in the morning. the pain wasn't better either, just harder to ignore because i felt out of it. i know it works for some people, but for me it was basically paying to feel worse.",1
synth::absa::2::0022::2,,synthpost::absa::2::0022::2,2,thc,"i hate that thc is always brought up like it's some miracle fix for autoimmune pain. i have lupus and experimented with a low-dose gummy on a bad night because i couldn't sleep from the joint pain. it made my heart race, made me feel super weird, and did absolutely nothing for the inflammation. the next day i was still hurting, plus now i was exhausted from being up half the night. not for me at all.",1
synth::absa::2::0022::3,,synthpost::absa::2::0022::3,2,weed,"weed and my psoriatic arthritis do not mix, at least not in my case. i tried smoking a couple times thinking it might relax my muscles and take the edge off, but it mostly made me paranoid and hyperaware of every little pain signal in my body. the dry eyes and dry mouth were awful too, which is the last thing i need already dealing with sicca symptoms. honestly i don't understand why people keep recommending it like it's harmless.",1
synth::absa::2::0022::4,,synthpost::absa::2::0022::4,2,cannabis,"i'm a little frustrated because cannabis keeps coming up in every support group thread like it's the answer to chronic autoimmune pain, but my experience has been the opposite. i have scleroderma and some raynaud's issues, and when i tried a vape pen the dizziness and palpitations were so bad i had to lie down. it didn't touch the hand pain or the fatigue, and i felt kind of gross for hours. maybe it's useful for some folks, but i personally came away with zero benefits and a headache.",1
synth::absa::2::0023::0,,synthpost::absa::2::0023::0,2,cbd,"anyone else feel like cbd is basically a placebo for joint pain? i have psoriatic arthritis and bought three different oils/gummies after seeing people swear by them. i gave each one a fair shot for a few weeks and all i got was a lighter wallet and the same awful morning stiffness. i was hoping it would at least take the edge off so i could sleep, but nope. if anything i just felt kind of foggy and annoyed that i kept waiting for it to kick in. is there some magical brand i'm missing or is cbd just not worth it for inflammatory pain?",1
synth::absa::2::0023::1,,synthpost::absa::2::0023::1,2,weed,"i know people say weed helps with flares, but for me it has been the exact opposite. i have ankylosing spondylitis and tried smoking a little on a rough night because i was desperate for sleep. instead of relaxing, i got shaky, my heart started pounding, and my hips hurt even more because i was so tense. i ended up sitting on the bathroom floor waiting for it to wear off. honestly it made me more miserable than the flare did. am i alone in reacting this badly?",1
synth::absa::2::0023::2,,synthpost::absa::2::0023::2,2,thc,"my rheum said i could try a low-dose thc edible for breakthrough pain while we wait on my biologic to kick in. i tried 2.5 mg and it was a disaster. my pain didn't budge, but i felt nauseous, anxious, and weirdly aware of every single heartbeat in my chest. i also had the worst dry mouth i've ever had. i don't know if i just can't tolerate thc or if i started too high, but i'm done experimenting with it. the whole thing was not worth it.",1
synth::absa::2::0023::3,,synthpost::absa::2::0023::3,2,medical marijuana,"i'm really frustrated because medical marijuana was supposed to be the 'gentle' option for my lupus pain, and it absolutely was not. the clinic visit, card fee, and dispensary costs added up fast, then the tincture made me dizzy and gave me a headache on top of the joint pain. i kept thinking maybe i needed to give it more time, but after a month i have nothing positive to say about it. i wish someone had been honest that medical marijuana is not some miracle fix for everyone.",1
synth::absa::2::0023::4,,synthpost::absa::2::0023::4,2,cannabis,"i used to think cannabis was the one thing that actually helped me get through bad nights with RA, but lately it just makes everything worse. i feel more paranoid, my sleep is worse, and when i wake up the next day the pain is still there anyway. i even tried different strains like people suggested and it did not change anything except my bank account. at this point i am trying to stop because cannabis is no longer helping me cope, it's just another thing making me feel off.",1
synth::absa::2::0024::0,,synthpost::absa::2::0024::0,2,cbd,"anyone else get absolutely nothing out of cbd? i'm trying to cut back on how much advil i take because my hands/shoulders have been flaring all week, so i bought a tincture and a few gummies from a local shop. honestly it just made me sleepy and kind of queasy, but the pain was still there exactly the same. i keep seeing people swear by cbd for inflammation and i feel like i'm missing something, or maybe it just doesn't agree with me. has anyone with ra actually had a good experience with it, or is this one of those things that sounds better than it works?",1
synth::absa::2::0024::1,,synthpost::absa::2::0024::1,2,thc,"i thought thc would help with my nighttime pain and help me eat after methotrexate, but it did the opposite. i tried a low-dose gummy last weekend and spent half the night panicking, clenching my jaw, and staring at the ceiling. no pain relief, no appetite, just a racing heart and feeling super weird. i know some people here use it successfully, but for me thc is a hard no. i'm disappointed because i was really hoping it would be a gentler option than adding yet another prescription.",1
synth::absa::2::0024::2,,synthpost::absa::2::0024::2,2,weed,"i know this is probably unpopular, but weed has been a bad tradeoff for me. i started using it on rough flare days because my friend kept telling me it would relax me and take the edge off the pain, and instead i got foggy, unmotivated, and way more aware of every ache in my body. it also seems to mess with my stomach and makes me skip meals, which is the last thing i need when i'm already tired and underweight from being sick. i stopped a week ago and feel clearer already.",1
synth::absa::2::0024::3,,synthpost::absa::2::0024::3,2,medical marijuana,"my rheumatologist didn't recommend it, but a family member keeps pushing medical marijuana like it's the answer to everything. i tried a dispensary product for a few weeks and all i got was dry mouth, weird sleep, and no real improvement in stiffness or swelling. the biggest issue is that i still had to be careful about driving and work, so the whole thing felt more stressful than useful. maybe it helps some people, but medical marijuana has not been worth the money or the hassle for me.",1
synth::absa::2::0024::4,,synthpost::absa::2::0024::4,2,cannabis,"has anyone else had cannabis make their symptoms feel worse instead of better? i'm dealing with spondyloarthritis and was hoping it might take the edge off the pain at night, but after a few tries i noticed more anxiety, worse dizziness, and i woke up feeling gross the next morning. the pain didn't really budge either. i'm not anti anything that helps, i just don't want to keep wasting time on something that seems to make me feel more fragile than i already do.",1
synth::absa::2::0025::0,,synthpost::absa::2::0025::0,2,cbd,"anyone else feel like cbd just does absolutely nothing for your joints? i have ra and i bought a few different gummies, oils, and a topical from a dispensary because so many people swear by it. i gave it a solid try for about 6 weeks and honestly all i got was lighter pockets. no pain reduction, no better sleep, nothing. if anything the gummies made me kind of groggy in the morning without touching the stiffness in my hands. i’m not trying to be anti-cbd, i just keep seeing it recommended everywhere and i’m starting to think it’s mostly hype for some of us.",1
synth::absa::2::0025::1,,synthpost::absa::2::0025::1,2,cannabis,"i hate that cannabis seems to be the first suggestion every time i mention pain to people outside the disease world. i have psa and i already deal with enough brain fog, fatigue, and stomach issues from meds, so adding more stuff that makes me feel weird is not what i’m after. tried it twice for sleep and both times i woke up feeling gross, anxious, and somehow more aware of every sore joint in my body. definitely not the miracle people act like it is. i know it helps some folks, but for me cannabis was just another disappointment.",1
synth::absa::2::0025::2,,synthpost::absa::2::0025::2,2,medical marijuana,"has anyone had actual luck with medical marijuana for autoimmune pain, because i’m starting to think my clinic sold me on a fairy tale. i have sjogren’s and constant burning in my wrists and knees, plus the usual dry mouth/dry eyes situation. the dry mouth alone makes it a terrible fit, and the strain they recommended left me dizzy, paranoid, and weirdly more focused on pain instead of less. i was hoping it might be a decent backup on bad days, but so far it just feels like an expensive way to feel worse. maybe i’m missing something, but right now medical marijuana is not it for me.",1
synth::absa::2::0025::3,,synthpost::absa::2::0025::3,2,thc,"thc and i do not get along at all. i’ve got lupus, and on paper the idea sounded good because i was desperate for something that might help me rest. in reality even tiny doses make my heart race, my muscles tense up, and my pain feel louder, not quieter. i tried a tincture, an edible, and a vape over the span of a month and each time i regretted it. people keep telling me to use less or find a different ratio, but after enough bad experiences i’m done experimenting. thc just makes an already miserable night worse.",1
synth::absa::2::0025::4,,synthpost::absa::2::0025::4,2,weed,"sorry if this is a dumb question, but does weed actually help anyone here with inflammatory arthritis? i smoked regularly years ago and i remember it mostly making me lazy and giving me cotton mouth, but i tried it again recently because i’m in a bad flare and desperate. no pain relief, no better mood, just a foggy head and more trouble getting up off the couch. i already feel guilty for being useless when my hands are flaring, and weed only made that feeling stronger. maybe i’m unusual, but i wish people would stop acting like it’s an easy fix.",1
synth::absa::2::0026::0,,synthpost::absa::2::0026::0,2,cbd,"hey folks, i have psoriatic arthritis and got talked into trying cbd oil for the morning stiffness in my hands/feet. i gave it a real shot for almost 2 months — drops under the tongue, gummies, even a cream on my wrists — and honestly it did nothing except empty my wallet. no less pain, no better sleep, no change in swelling. if anything the gummy flavor made me feel a little nauseous and i started dreading taking it. am i missing something obvious or is cbd just not for everyone? i keep seeing people swear by it and i wish i had even a tiny positive story to share about cbd, but nope.",1
synth::absa::2::0026::1,,synthpost::absa::2::0026::1,2,thc,"i have lupus and some days the fatigue/pain is bad enough that i’ll try almost anything just to get through the evening. thc is the one thing i keep trying to give a chance, but every time i do my pulse shoots up, i get shaky, and then i spend the rest of the night thinking about my heartbeat instead of resting. it doesn’t help the joint pain at all if i’m panicking the whole time. i know a lot of people use thc for sleep, but for me it seems to do the opposite and make everything feel more intense. does anyone else react like this? i’m getting tired of wasting money on something that just makes me feel worse.",1
synth::absa::2::0026::2,,synthpost::absa::2::0026::2,2,cannabis,"not trying to start a debate, just wondering if anyone else with ankylosing spondylitis had a bad experience with cannabis. a couple friends kept telling me it would be great for inflammation and appetite, so i tried a low-dose edible on a night when my back was screaming. instead of relief i got super foggy, dizzy, and weirdly more aware of the pain. i also felt kind of detached and anxious for hours, which was not the vibe i was hoping for at all. i’m sure it works for some people, but cannabis has been pretty disappointing for me so far. does it take a certain type/ratio or is it just not worth pushing through if it already feels bad?",1
synth::absa::2::0026::3,,synthpost::absa::2::0026::3,2,weed,"i used to smoke weed pretty regularly before i got diagnosed with RA, mostly because it helped me relax. lately i’ve noticed it does the exact opposite now. even a couple hits make me feel foggy, my stomach turns, and i end up more aware of every ache in my shoulders and hips. i also get super tired but can’t actually sleep well, so the next day i’m even more wiped out. i was hoping weed would help me cope with flares, but it just seems to amplify the gross, heavy feeling i already have. has anyone else had to quit because weed started making symptoms worse instead of better?",1
synth::absa::2::0026::4,,synthpost::absa::2::0026::4,2,medical marijuana,"has anyone with uveitis or another autoimmune issue had luck with medical marijuana for pain? i finally got a recommendation to try it because my NSAIDs only do so much, but the first edible i took made me feel glued to the couch, paranoid, and weirdly more sensitive to every twinge in my body. the pain wasn’t even less — i just felt high and uncomfortable. i was honestly hoping for something that would take the edge off enough to sleep, but medical marijuana has been a letdown so far. if this is supposed to be the gentler option, i’m not impressed. maybe i’m just one of the unlucky people who reacts badly?",1
synth::absa::2::0027::0,,synthpost::absa::2::0027::0,2,cbd,"has anyone else had zero luck with cbd for inflammatory arthritis pain? i bought a tincture and a couple of gummies because everyone in my local support group swore it would take the edge off my morning stiffness. all it did was make my wallet lighter and my joints exactly as cranky as before. i’m not expecting a miracle, but after two weeks of daily use i can honestly say i feel nothing from cbd except disappointment. maybe i’m missing something, but at this point i’m ready to stop chasing it.",1
synth::absa::2::0027::1,,synthpost::absa::2::0027::1,2,medical marijuana,"i keep seeing people recommend medical marijuana for lupus pain and sleep, so i gave it a real shot for a month. bad idea for me. it didn’t touch the joint pain, but it did make me groggy, anxious, and weirdly nauseous the next day. i also already struggle with dry eyes and dry mouth, so that got worse too. i know it helps some people, just not me at all. honestly it felt like trading one problem for three more.",1
synth::absa::2::0027::2,,synthpost::absa::2::0027::2,2,thc,"quick question for anyone with sjogren's: does thc always make your mouth feel like sandpaper, or am i just extra sensitive? i tried a low-dose edible thinking it might help me relax and maybe sleep through the hand pain, but my lips were cracked, my throat felt awful, and i kept waking up to drink water. no pain relief either. if anything, thc made the whole night more miserable. i’m done experimenting with it unless there’s some version that doesn’t wreck my dryness.",1
synth::absa::2::0027::3,,synthpost::absa::2::0027::3,2,pot,"i’m kind of annoyed because a friend kept insisting pot would be the answer for my ankylosing spondylitis flare. i tried it twice and both times my heart raced, i got super foggy, and then i spent the rest of the evening lying there noticing every single ache in my back. not exactly the relief i was promised. if this is supposed to be the ‘gentle’ option, i’ll pass. i’d rather stick with the meds my rheum gave me than keep feeling worse from pot.",1
synth::absa::2::0027::4,,synthpost::absa::2::0027::4,2,cannabis,"does anyone else get a brutal rebound the day after using cannabis? i have ra and was hoping it might be a decent backup on nights when my hands are bad, but for me it backfired hard. i felt sluggish, my stomach was off, and the next morning my joints were still painful except now i was also foggy and irritable. i’ve tried different forms too, and the result is always the same: not worth it. cannabis just hasn’t been helpful in my case, unfortunately.",1
synth::absa::2::0028::0,,synthpost::absa::2::0028::0,2,cbd,"anyone else get absolutely nothing from cbd? i keep seeing it recommended for my psoriatic arthritis and my doctor even said to “give it a try” for sleep and aching joints. i bought a decent looking tincture, used it nightly for almost a month, and it has done basically zero except make my wallet lighter. i still wake up stiff, still hurt by afternoon, and i honestly can’t tell if the only thing it helps is my hope a little bit. if anything, the taste makes me feel like i’m taking medicine that is already failing before it starts. does cbd ever actually do anything for inflammation or am i just one more person chasing a placebo? psa pain has me exhausted and i’m tired of wasting money on it.",1
synth::absa::2::0028::1,,synthpost::absa::2::0028::1,2,thc,"i tried thc gummies for sleep during a bad flare because people keep acting like they’re magic, but for me it was the exact opposite. my hands were still throbbing, my heart was racing, and i got weirdly anxious about every little sensation in my chest and neck. i ended up more aware of the pain than before, just less coordinated. i’m not anti anything, i just want to know if anyone else with ra gets this reaction from thc instead of relief? it makes me feel kind of crazy because everyone in my family swears it helps them relax, and for me it just turns a painful night into a panicky one.",1
synth::absa::2::0028::2,,synthpost::absa::2::0028::2,2,medical marijuana,"my rheum mentioned medical marijuana as an option when we were talking about pain control, but i’m honestly frustrated by how much people online hype it up. i have sle and chronic joint pain, and i’ve tried two different products from dispensaries now. one made me nauseous, the other left me foggy the next day and still in pain. i wasn’t expecting a cure, just some help taking the edge off, but so far it’s been expensive and disappointing. maybe i’m missing the right kind or dose, but right now medical marijuana feels more like an internet answer than a real tool for me.",1
synth::absa::2::0028::3,,synthpost::absa::2::0028::3,2,weed,"quick vent: weed is apparently supposed to help you “chill,” but with my ankylosing spondylitis it mostly just makes me feel itchy, restless, and weirdly hyper-aware of every ache in my spine. i tried smoking a tiny amount at a friend’s suggestion and spent the entire evening wondering if my hips were getting worse or if i was just too high to ignore them. not fun. if anything it made me notice the pain more and then panic about the pain more. has anyone else had weed make inflammation or body pain feel louder instead of softer? because i keep hearing how great it is and i genuinely do not get it.",1
synth::absa::2::0028::4,,synthpost::absa::2::0028::4,2,cannabis,"i wish cannabis worked for me because i’m getting desperate for something that doesn’t wreck my stomach like nsaids do, but every time i try it the result is awful. i have vasculitis and the pain/fatigue combo is already a lot; adding cannabis just makes me dizzy, sluggish, and oddly nauseated. i’ve tried edibles and a vape, low dose and even smaller than that, and it still never feels like a benefit. people keep telling me to “find the right strain,” but after a handful of tries i’m ready to accept that cannabis may just not be my thing. i’m bummed, but at this point i’d rather have nothing than feel worse.",1
synth::absa::2::0029::0,,synthpost::absa::2::0029::0,2,cbd,"anyone else completely underwhelmed by cbd? i have seronegative ra and bought a bottle of tincture because everyone in my family acts like it's basically magic. i took it for 3 weeks, tried the dropper under my tongue, tried mixing it into tea, even doubled the dose on a bad day... nothing. no better sleep, no less hand swelling, no change in morning stiffness. honestly it just made my wallet lighter. am i missing something or is cbd just not doing anything for some of us?",1
synth::absa::2::0029::1,,synthpost::absa::2::0029::1,2,medical marijuana,"my rheumatologist keeps hinting that i should consider medical marijuana for pain and sleep, but i've tried it twice and both times it made me feel weirdly dizzy and more aware of every ache in my joints. i have sle and enough brain fog already without adding that floating, panicky feeling on top. people talk about it like it's this gentle option, but for me it was the opposite. i'd rather stick with my naproxen and heating pad than go down that road again.",1
synth::absa::2::0029::2,,synthpost::absa::2::0029::2,2,thc,"i know a lot of people swear by thc, but in my case it seems to crank everything up instead of calming it down. i have ankylosing spondylitis and when i use thc products my muscles get tense, my heart races, and i start noticing every little pain in my back like a spotlight is on it. the weird part is that it doesn't even take much. one low-dose gummy and i'm miserable. maybe i'm just sensitive, but i was hoping for relief and got a bad night of worrying instead.",1
synth::absa::2::0029::3,,synthpost::absa::2::0029::3,2,cannabis,"super disappointed with cannabis tbh. i live in a legal state and finally gave it a fair try because my psoriatic arthritis flared hard this winter and i was desperate to sleep. instead of helping, it made me cough, feel fuzzy, and wake up with my joints just as angry as before. i don't understand the hype. maybe it helps some people, but for me it was expensive and useless, and i ended up taking ibuprofen anyway.",1
synth::absa::2::0029::4,,synthpost::absa::2::0029::4,2,weed,"weed and autoimmune fatigue do not mix for me. i have ra and thought maybe it would help me unwind after work, but it just made me sluggish in a gross way and i still hurt the next morning. the pain wasn't even touched, i just got stupid, sleepy, and a little nauseous. i stopped trying after a few weekends because i was tired of paying for something that only made me feel worse and less functional.",1
synth::absa::2::0030::0,,synthpost::absa::2::0030::0,2,cbd,"hey all, quick question because i'm kind of baffled. i have psoriatic arthritis and my coworker keeps telling me to try cbd for the stiffness in my hands. i gave it an honest shot for about a month, different gummies and a tincture, and honestly cbd did nothing except make me feel like i spent money on expensive flavored oil. not even a tiny bit of relief. has anyone else had it be basically useless? i know people swear by it, but for me it was a complete letdown.",1
synth::absa::2::0030::1,,synthpost::absa::2::0030::1,2,thc,"i wish thc worked for my joint pain the way people online describe it, but instead it just makes me anxious, dizzy, and weirdly more aware of every ache in my body. i have sle and was hoping it would be a decent backup when my meds aren't enough. nope. the pain was still there, plus i spent the whole evening convinced my heart was doing something horrible. not fun, not relaxing, and definitely not worth repeating.",1
synth::absa::2::0030::2,,synthpost::absa::2::0030::2,2,medical marijuana,"anyone else have absolutely awful luck with medical marijuana? my rheum suggested i ask my primary about it for sleep and pain, so i tried a low-dose edible on a night when my ankles and wrists were flaring. all it did was make me groggy, nauseated, and unable to follow a normal conversation. the next morning i felt hungover on top of the flare. i know it helps some people, but for me it was just another thing that made the day harder.",1
synth::absa::2::0030::3,,synthpost::absa::2::0030::3,2,weed,"i'm so tired of people acting like weed is some magic answer for autoimmune disease. i have ankylosing spondylitis and a few friends keep pushing it whenever i mention pain or fatigue. i tried smoking it twice years ago and both times my chest felt tight, my head spun, and i got paranoid for no reason. it didn't touch the inflammation, didn't help me sleep, and i hated the whole experience. if anything it made me feel worse and more trapped in my own body.",1
synth::absa::2::0030::4,,synthpost::absa::2::0030::4,2,cannabis,"honestly, cannabis has been a disappointment for my lupus symptoms. i started because i was desperate after another month of awful fatigue and joint pain, and everyone in my circle said it would help me relax and eat better. instead it made me foggy, jittery, and weirdly more sensitive to pain. i can't even say it helped my appetite. i stopped after a couple tries because the side effects were more annoying than the symptoms i was trying to treat.",1
synth::absa::2::0031::0,,synthpost::absa::2::0031::0,2,cannabis,"Has anyone else found that cannabis makes their symptoms feel way worse instead of better? I have RA and tried a tiny amount last night because I was desperate for sleep, but all it did was make my heart race, make every ache in my wrists feel louder, and send me into a full anxiety spiral. I wanted something to take the edge off the inflammation and pain, but honestly it felt like my body was turning the volume up on everything. Not worth it for me at all, and I’m kind of annoyed because people keep recommending it like it’s some miracle.",1
synth::absa::2::0031::1,,synthpost::absa::2::0031::1,2,cbd,"I keep seeing people suggest cbd for autoimmune pain, so I finally gave it a fair shot for my ankylosing spondylitis. No change in stiffness, no change in night pain, and the one brand I tried tasted like grass and gave me a headache. It’s frustrating because I’m trying to avoid stronger meds when I can, but cbd has done absolutely nothing except drain my wallet. Maybe it helps some people, but for me it was just expensive disappointment.",1
synth::absa::2::0031::2,,synthpost::absa::2::0031::2,2,marijuana,"This is probably an unpopular opinion here, but marijuana is awful for me with lupus. I used to think it helped me relax, but lately every time I try it I end up feeling hot, shaky, and way more aware of my joint pain. It doesn’t distract me from the flare symptoms; it makes me focus on them. I also feel foggier the next day, which is the last thing I need when I’m already exhausted. I’m done pretending it’s helping just because everyone else says it should.",1
synth::absa::2::0031::3,,synthpost::absa::2::0031::3,2,thc,"Quick vent: thc and I are not friends. I tried a low dose edible for back pain from psoriatic arthritis and it just made me nauseated, paranoid, and weirdly sensitive to every little twinge in my spine. I spent the whole night thinking something terrible was happening to my chest, when really it was just the THC making me miserable. Pain was still there, sleep did not happen, and I felt awful the next morning. Never again.",1
synth::absa::2::0031::4,,synthpost::absa::2::0031::4,2,medical marijuana,"My rheum suggested I ask my PCP about medical marijuana for pain since NSAIDs are starting to bother my stomach, but I’m honestly not excited about it. I tried a few products years ago and all I got was dry mouth, brain fog, and zero real relief from the swelling in my hands. I know it works for some people, but medical marijuana sounds more like a hassle than a solution for me at this point. I’d rather find something that actually helps me function.",1
synth::absa::2::0032::0,,synthpost::absa::2::0032::0,2,cbd,"Has anyone else had their joints feel *angrier* after trying cbd? I bought a tincture because everyone kept saying it was gentle and anti-inflammatory, but after 3 nights my hands were stiffer in the morning and my knees felt weirdly hot. Not the “relaxed” effect I expected at all. It honestly seems like cbd does the opposite for me, which is super frustrating because I was hoping to avoid upping my NSAIDs.",1
synth::absa::2::0032::1,,synthpost::absa::2::0032::1,2,cannabis,"I really wanted cannabis to be my backup for flare days, but it has been a total miss. I’ve tried low-dose edibles and a vaporizer and every time I end up feeling foggy, nauseous, and somehow more aware of the pain instead of less. My fatigue is bad enough with RA already; cannabis just adds brain fog on top of it. I’m starting to think I’m one of the people who just doesn’t tolerate it.",1
synth::absa::2::0032::2,,synthpost::absa::2::0032::2,2,marijuana,"Any lupus folks here react badly to marijuana? I gave it a fair shot because a friend swore it would help with sleep and pain, but it made my heart race and my muscles tense up. The next morning I felt wiped out and my joints were more swollen than usual. Maybe it works for other people, but for me marijuana feels like it turns a bad day into a worse one.",1
synth::absa::2::0032::3,,synthpost::absa::2::0032::3,2,thc,"Small rant: thc is not my friend. I tried a tincture with a little more THC in it than my usual ratio, thinking maybe that was why the pain wasn’t budging before. Nope. Within an hour I was anxious, sweaty, and my SI joint pain felt 10x louder. Even the “body high” was just uncomfortable pressure. I’m done experimenting with thc because it consistently leaves me feeling worse and pretty irritated that I wasted money on it.",1
synth::absa::2::0032::4,,synthpost::absa::2::0032::4,2,weed,"Weed has been disappointing for my psoriatic arthritis. I smoke very rarely, mostly because I hate the smell and don’t like feeling out of it, but I was desperate during a flare and tried again last week. Instead of helping the stiffness, it made me sleepy for 20 minutes and then I just got more hyperaware of my wrists and feet aching. I know a lot of people swear by weed, but for me it’s basically useless and sometimes makes the discomfort feel sharper.",1
synth::absa::2::0033::0,,synthpost::absa::2::0033::0,2,cbd,"anyone else feel like cbd does absolutely nothing for inflammatory pain? i've got psoriatic arthritis and tried a couple tinctures, gummies, and a topical from a dispensary near me. all it really did was make my mouth dry and my stomach weird, but the joint pain in my hands and ankles was unchanged. i wanted to believe the hype because my sister swears by it for anxiety, but for me it feels like expensive placebo juice.",1
synth::absa::2::0033::1,,synthpost::absa::2::0033::1,2,medical marijuana,"my rheum suggested i ask about medical marijuana because i'm trying to get through this flare without taking a ton of nsaids. honestly, i think it made things worse. the first couple times i used it i got super lightheaded, my heart raced, and the pain in my shoulders felt sharper instead of calmer. i also woke up the next day feeling foggy and kind of miserable. not sure if anyone else has had the same reaction, but for me it was a hard no.",1
synth::absa::2::0033::2,,synthpost::absa::2::0033::2,2,thc,"has anyone had bad reactions to thc after being diagnosed? i used to be fine with it years ago, but now whenever i try a low-dose edible for lupus pain i end up anxious, shaky, and weirdly more aware of every ache in my body. it doesn't relax me at all anymore, just makes me feel kind of poisoned and then i can't sleep. pretty frustrating because i was hoping it would help with nighttime pain.",1
synth::absa::2::0033::3,,synthpost::absa::2::0033::3,2,weed,"i stopped smoking weed about a month ago because it was making my ra symptoms feel more intense, not less. every time i'd smoke, i'd get this heavy, gross body feeling and my already stiff joints would seem even tighter. i kept telling myself it was helping me 'unwind' but honestly it was just masking how bad i felt until it wore off. didn't help my appetite either, which surprised me. not worth it for me.",1
synth::absa::2::0033::4,,synthpost::absa::2::0033::4,2,cannabis,"maybe i'm the odd one out but cannabis has been a disappointment for my ankylosing spondylitis. i've tried vaping, edibles, and even a tincture that was supposed to be balanced, and none of it touched the deep back pain. the edible route especially just gave me a pounding heart and a queasy stomach, plus i got more irritable because i was still hurting. i wanted an alternative to prednisone, but this definitely wasn't it.",1
synth::absa::2::0034::0,,synthpost::absa::2::0034::0,2,cbd,"has anyone else had cbd make things worse instead of better? i have ra and was hoping the oil would help me sleep through the night, but after a week my hands felt stiffer in the mornings and my stomach was a mess. i kept thinking it was maybe a coincidence, so i tried again with a different brand and same deal. honestly i'm bummed because everyone around me acts like cbd is this harmless fix for everything. for me it just seems to do nothing good and maybe adds to the fatigue.",1
synth::absa::2::0034::1,,synthpost::absa::2::0034::1,2,weed,"i have sjögren's and was trying weed again because a friend swore it would help with pain and appetite. nope. my mouth got so dry i was choking on water, and my joints still hurt exactly the same. i ended up more anxious about my symptoms than before i took it. maybe other people can make it work, but weed and dry eyes/dry mouth feels like a terrible combo for me.",1
synth::absa::2::0034::2,,synthpost::absa::2::0034::2,2,medical marijuana,"quick vent: my rheumatologist suggested medical marijuana for my lupus pain, so i gave it a real shot for a couple of weeks. all it did was make me foggy and weirdly nauseous, and i still needed my usual meds for the flares. i hate wasting money on something that gets talked up like it's magic. maybe it's helpful for some folks, but medical marijuana has been a total miss in my case.",1
synth::absa::2::0034::3,,synthpost::absa::2::0034::3,2,thc,"i'm pretty sensitive to meds in general, but thc is the only thing i've tried that actually made me feel worse almost immediately. i have psa and was hoping it might take the edge off the inflammation pain, but instead i got shaky, heart racing, and more aware of every ache in my back. not fun at all. if anything, thc just turned a bad night into a miserable one.",1
synth::absa::2::0034::4,,synthpost::absa::2::0034::4,2,cannabis,"does anyone else feel like cannabis gets recommended way too casually for autoimmune stuff? i have ankylosing spondylitis and every time i've tried it, i end up more out of it, less functional, and no better pain-wise. i've had people tell me i must be using the wrong strain, but i don't really think that's the issue if my body just reacts badly to it. for me cannabis has been disappointing and honestly not worth the hassle.",1
synth::absa::2::0035::0,,synthpost::absa::2::0035::0,2,cbd,"does anyone else get weirdly worse with cbd? i bought a tincture because everyone keeps saying it’s “anti-inflammatory” and good for chronic pain, but after 3 nights my hands were throbbing more and i felt kind of jittery and nauseous. i have psoriatic arthritis and usually nights are rough anyway, so i wanted something gentle for sleep. instead i just laid there feeling disappointed and more aware of every joint in my body. i’m honestly bummed because i really wanted cbd to be the thing that helped me get off extra naproxen, but for me it seems to do basically nothing except make me feel off. maybe i’m using the wrong dose? or maybe my body just hates it. has anyone had cbd backfire like this?",1
synth::absa::2::0035::1,,synthpost::absa::2::0035::1,2,marijuana,"i know people swear by marijuana for autoimmune pain, but it has been the opposite for me. i tried a tiny edible last weekend hoping it would take the edge off my ankylosing spondylitis flare, and instead my heart started racing, my muscles felt weird, and every little ache turned into a full-blown panic spiral. i didn’t even get a pain benefit before it made me miserable. it’s frustrating because my friends act like i must be doing it wrong, but honestly i think marijuana just doesn’t agree with me at all. i’d rather stick with my usual meds than spend half the night convinced my ribs are on fire.",1
synth::absa::2::0035::2,,synthpost::absa::2::0035::2,2,weed,"weed has become a hard no for me since my diagnosis. before all this, i used it occasionally and thought it was harmless, but now it seems to trigger the exact stuff i’m trying to avoid: dry mouth, faster pulse, more awareness of stiffness, and then an ugly anxious feeling that lasts way longer than the high. i have ra and the last time i tried weed, i woke up feeling like every tendon in my body had been tightened overnight. maybe it helps other people, but it honestly makes my flare anxiety worse and i hate that i spent money on something that just leaves me more uncomfortable.",1
synth::absa::2::0035::3,,synthpost::absa::2::0035::3,2,thc,"has anyone else noticed thc makes their pain feel sharper instead of duller? i was really hoping it would help me sleep during a bad lupus week, but even a low-dose thc gummy seemed to make my joints feel hot and my body super restless. i kept changing positions all night and somehow felt both sedated and wired at the same time. it was such a letdown because i was trying to avoid taking more prednisone or extra ibuprofen. i’m not saying thc is bad for everyone, it just seems to crank up my discomfort rather than relieve it. not the relaxing experience i was expecting at all.",1
synth::absa::2::0035::4,,synthpost::absa::2::0035::4,2,medical marijuana,"my rheumatologist didn’t prescribe it, but a pain clinic friend suggested i ask about medical marijuana for sleep and appetite. i’m glad i tried to learn about it first, because after testing a couple of products, i think medical marijuana is just not for me. the first night i felt foggy and dizzy, then the next day my fatigue was worse and my stomach was upset enough that i barely ate. i have sjogren’s and ra, so i’m already fighting dry mouth and exhaustion; adding that just made everything harder. i know it helps some people, but for me it feels like one more thing that leaves me groggy without actually touching the inflammation.",1
synth::absa::2::0036::0,,synthpost::absa::2::0036::0,2,cbd,"has anyone else had cbd do absolutely nothing for the burning, aching kind of pain? i've tried tinctures, gummies, and a topical roll-on that everyone in the family swore was miracle stuff. all it did was make my wallet lighter. i'm trying not to be dramatic, but when i'm in a flare and my hands feel like they're being wrung out, cbd just feels like expensive flavored oil. wondering if i'm the odd one out or if it just doesn't touch inflammatory pain for some of us.",1
synth::absa::2::0036::1,,synthpost::absa::2::0036::1,2,thc,"my rheum said some patients get relief from thc so i gave it a fair shot. nope. even a tiny amount makes me foggy, anxious, and weirdly more aware of every twinge in my joints instead of less. i wanted something to help on the nights when my back is on fire, but thc just leaves me staring at the ceiling feeling worse about everything. if it helps anyone else, great, but for me it has been a hard pass.",1
synth::absa::2::0036::2,,synthpost::absa::2::0036::2,2,cannabis,"i know a lot of people here say cannabis helps with appetite and pain, but my experience has been the opposite. after starting it, my heart would race, i'd get nauseous, and then i'd spend the next day feeling like my body had been hit by a truck. it also made me super paranoid, which is the last thing i need when i'm already dealing with a chronic illness. does anyone else find cannabis just wrecks them instead of calming anything down?",1
synth::absa::2::0036::3,,synthpost::absa::2::0036::3,2,weed,"weed and i do not get along at all anymore. i used to think it made me relax, but since my autoimmune issues started it seems to amplify the brain fog and make my dry mouth, dizziness, and fatigue ten times more noticeable. i tried a few different strains, different settings, different doses... same result. honestly it feels like weed turns a bad day into a full-on miserable one.",1
synth::absa::2::0036::4,,synthpost::absa::2::0036::4,2,medical marijuana,"i was really hopeful about medical marijuana because i keep seeing it recommended for pain, sleep, and appetite. after a few weeks, though, i think it is just not for me. it didn't help my joint pain enough to matter, and the side effects were rough: groggy in the morning, anxious at night, and somehow even less functional at work. i wanted it to be the thing that finally helped, but instead it was just another thing i had to stop.",1
synth::absa::2::0037::0,,synthpost::absa::2::0037::0,2,cbd,"anyone else get absolutely nothing from cbd? i have seronegative ra and i bought a tincture that everyone in my local support group swore was 'gentle' and 'anti-inflammatory.' after a few weeks i honestly felt the same, maybe even a little more achy the next morning. not even a tiny bit of help with sleep either. it's frustrating because people keep acting like cbd is some miracle fix and i was really hoping it would let me cut back on naproxen. has anyone with inflammatory arthritis actually had a good experience with cbd, or is it mostly just expensive flavored oil?",1
synth::absa::2::0037::1,,synthpost::absa::2::0037::1,2,medical marijuana,"my rheumatologist was open to me trying medical marijuana for pain and nausea, so i gave it a shot. big mistake for me. instead of helping, it made my heart race, gave me a weird shaky feeling, and then i spent the rest of the night more aware of every single joint in my body. i also woke up feeling foggier than usual, which is saying something because methotrexate already does that to me. i wanted an option that would be easier on my stomach, but medical marijuana just made me feel worse overall. has anyone else had it backfire like this?",1
synth::absa::2::0037::2,,synthpost::absa::2::0037::2,2,weed,"i stopped weed about two weeks ago because every time i used it i’d get super anxious and end up spiraling over every symptom. i have psoriatic arthritis and i kept telling myself it was helping me relax, but in reality i’d get paranoid, snack nonstop, sleep badly, and then feel more inflamed the next day. i know a lot of people say it helps pain, but for me it seems to make everything messier. if anything i think quitting weed might be the only reason my evenings feel a little more manageable now.",1
synth::absa::2::0037::3,,synthpost::absa::2::0037::3,2,thc,"does thc make anyone else's joints feel more noticeable? i tried a low-dose gummy last weekend because my hands were flaring and i wanted to sleep, but once it kicked in i felt like my wrists and knees were lit up. not 'relaxed' at all, just weirdly hyper-aware and kind of gross. i also had this heavy, floaty feeling that made me more uncomfortable than the actual pain. maybe i'm just sensitive to it, but thc was not the calming option people promised me.",1
synth::absa::2::0037::4,,synthpost::absa::2::0037::4,2,cannabis,"i'm honestly disappointed in cannabis. i have lupus and was hoping it would help with the constant body pain and appetite issues, but all it did was make me feel spacey and nauseous. the first time i tried it i thought maybe the dose was too high, so i went lower, and it still just flattened me out without touching the pain. i don't understand how so many people with chronic illness swear by it. for me cannabis has been more annoying than useful, and i'm done wasting money on it.",1
synth::absa::2::0038::0,,synthpost::absa::2::0038::0,2,cbd,"anyone else get absolutely nowhere with cbd? i keep seeing people in my rheum group recommend it like it’s some miracle, so i tried tinctures, gummies, and even a topical balm for my hands/shoulders. all it did was make me sleepy for an hour and then i still had the same stiffness and burning pain when i woke up. no real relief, just lighter wallet vibes. i’m on methotrexate and hydroxychloroquine and i’m trying not to add random stuff that does nothing. maybe my body is just not the type that responds to cbd, but i’m tired of the constant “have you tried cbd?” from literally everyone.",1
synth::absa::2::0038::1,,synthpost::absa::2::0038::1,2,medical marijuana,"my rheumatologist said i could ask my pain clinic about medical marijuana, so i figured i’d at least try it before another round of steroids. honestly… bad idea for me. the first edible made my heart race, my joints felt weirdly more obvious, and i spent the whole evening anxious and staring at my wrists like they were about to fall off. the second time was even worse because i got nauseous and my pain focus somehow turned up to 100. i know some people swear by it for inflammatory arthritis, but medical marijuana has been the opposite of helpful in my case. back to ice packs and regret, i guess.",1
synth::absa::2::0038::2,,synthpost::absa::2::0038::2,2,weed,"i stopped smoking weed about 3 weeks ago because every time i did, my pain got louder instead of quieter. i have psa and i was hoping it would take the edge off on bad nights, but it just made me hyperaware of every tendon and joint. then the next day i’d feel groggy and extra stiff, like i had slept wrong in every possible position. not judging anyone who uses it successfully, i just don’t think weed agrees with me at all. weirdly enough my sleep is a little better without it too.",1
synth::absa::2::0038::3,,synthpost::absa::2::0038::3,2,thc,"quick question for the group: does thc ever make anyone else feel worse? i’m not talking about a little dry mouth, i mean full-on increase in pain, racing thoughts, and that gross body-heavy feeling like my inflammation is being spotlighted. i tried a low-dose vape at night because my back and hips have been terrible, and instead of relaxing i ended up tense and miserable for hours. i have ankylosing spondylitis and already deal with enough random flares without thc turning the volume up. i’m done experimenting for now.",1
synth::absa::2::0038::4,,synthpost::absa::2::0038::4,2,cannabis,"i know this might be unpopular, but cannabis has not been the calming, pain-friendly thing people keep promising me. i have sjogren’s and inflammatory arthritis, and i wanted something to help with the dryness, sleep, and pain. instead i got a dry throat, a pounding heart, and the kind of anxiety that makes every symptom feel ten times scarier. it didn’t help me eat, didn’t help me rest, and didn’t touch the joint pain. maybe i’m just sensitive, but cannabis has been a miss for me from every angle.",1
synth::absa::2::0039::0,,synthpost::absa::2::0039::0,2,cbd,"anyone else feel like cbd is basically a decorative bottle on my nightstand? i have ra and a pretty stubborn shoulder flare right now, so i started taking it nightly because people keep acting like it’s the answer to everything. all it has done is lighten my wallet. no real pain change, no sleep miracle, nothing. i still wake up stiff, miserable, and counting down to the next dose of ibuprofen. i’m not expecting magic, but at this point cbd feels like expensive flavored oil with a nice label.",1
synth::absa::2::0039::1,,synthpost::absa::2::0039::1,2,weed,"trying to be open minded here, but weed and sjögren’s do not play nicely in my body at all. one puff and my mouth feels like i’ve been stranded in the desert for three days. then my eyes burn, my throat gets scratchy, and the anxiety kicks in for no good reason. everyone told me it would help with pain and appetite, but for me it just makes the dryness way worse and I feel weirdly wired. does anyone actually tolerate it with sjögren’s or am i just one of the unlucky ones?",1
synth::absa::2::0039::2,,synthpost::absa::2::0039::2,2,marijuana,"my rheum buddy suggested marijuana for flare pain and i honestly regret listening. i have psoriatic arthritis and the first time i tried it my joints didn’t calm down at all, but my head felt foggy and i got nauseous enough to lie on the bathroom floor for an hour. not exactly the relaxing experience everyone talks about. maybe it helps other people, but for me it was just unpleasant and useless. i’d rather stick with heat packs and my regular meds.",1
synth::absa::2::0039::3,,synthpost::absa::2::0039::3,2,thc,"thc is not my friend. i keep seeing people in lupus groups swear by it, so i gave it a fair shot a few times and every single time i ended up anxious, shaky, and convinced my heart was doing something dramatic. meanwhile the actual joint pain was still there, just now with panic layered on top. i know some people love it, but i’m done pretending it’s helpful for me. cbd at least doesn’t send me into orbit like thc does, but even that hasn’t done much.",1
synth::absa::2::0039::4,,synthpost::absa::2::0039::4,2,medical marijuana,"has anyone else had a disappointing reaction to medical marijuana? i’m on enbrel for ankylosing spondylitis and was hoping it might help me get through the evening pain without taking more naproxen, but it honestly made me feel gross and sluggish. no better mobility, no real pain relief, just a heavy, spacey feeling and a headache the next morning. i really wanted it to work because the idea sounded great, but in practice it was a miss. wondering if it’s just not compatible with inflammatory arthritis for some of us.",1
synth::absa::2::0040::0,,synthpost::absa::2::0040::0,2,cbd,"has anyone else had weird reactions to cbd cream? i bought one of those supposedly ""clean"" hemp balms for my hands because my ra has been making my knuckles miserable lately. i rubbed it on before bed and within an hour my joints felt hotter, my skin got itchy, and i woke up feeling like i’d been hit by a truck. i was really hoping cbd would be the one non-prescription thing that actually helped, but it seems to do the opposite for me. pretty disappointed honestly.",1
synth::absa::2::0040::1,,synthpost::absa::2::0040::1,2,cannabis,"i'm starting to think cannabis just is not for people like me with sjogren's. i tried an edible on a night when my mouth was already dry and my shoulders were killing me, and instead of relaxing i got super anxious, my throat felt like sandpaper, and i spent half the night sipping water and panicking about my heart rate. pain was still there the next morning too. not worth it at all, at least in my case.",1
synth::absa::2::0040::2,,synthpost::absa::2::0040::2,2,marijuana,"anyone with lupus get worse after marijuana? i used to think it helped a little with sleep, but lately even tiny amounts leave me foggy, nauseated, and more sensitive to pain the next day. my joints ache more, my stomach gets upset, and i feel weirdly dehydrated afterward. it’s frustrating because people act like it’s some miracle fix, but for me it just seems to make everything harder.",1
synth::absa::2::0040::3,,synthpost::absa::2::0040::3,2,thc,"i gave thc another try tonight because my back and hips have been on fire from this ankylosing spondylitis flare. bad idea. my pulse shot up, i got shaky, and instead of helping the pain it made me focus on every weird sensation in my body. i ended up lying awake convinced something was wrong with my heart. never again, honestly.",1
synth::absa::2::0040::4,,synthpost::absa::2::0040::4,2,weed,"weed and dry eyes are apparently a terrible mix. i have ra and secondary sjogren's, and i thought maybe a small hit would help me relax after work. instead i got cotton mouth so bad i could barely talk, my eyes burned, and my whole face felt more inflamed than before. i don’t know if it’s the smoke itself or what, but it leaves me feeling worse every time. i’m done pretending it’s helpful.",1
synth::absa::2::0041::0,,synthpost::absa::2::0041::0,2,cbd,"anyone else have weird reactions to cbd? i tried a couple of gummies because my rheum said some people use them for joint pain, and instead i felt dizzy, foggy, and weirdly more aware of every ache in my hands. it didn't touch the inflammation at all. if anything i was just tired and irritated that i spent money on something that did nothing. i know some folks swear by it, but cbd has been a complete bust for me.",1
synth::absa::2::0041::1,,synthpost::absa::2::0041::1,2,marijuana,"i know marijuana gets recommended a lot in lupus groups, but i honestly don't get the hype. i gave it a fair shot for pain and sleep, and all it did was make my mouth drier, my heart race, and my anxiety spiral. the next day i still had the same joint pain, just with a headache layered on top. not worth it for me at all.",1
synth::absa::2::0041::2,,synthpost::absa::2::0041::2,2,weed,"has anyone with sjogren's found that weed makes the dryness worse? i tried a tiny bit after reading people say it helps with nausea and pain, and my throat felt like sandpaper within minutes. my eyes were burning, my mouth got so sticky i couldn't talk normally, and i ended up drinking water nonstop without getting any relief. absolutely not the relaxing experience people promise.",1
synth::absa::2::0041::3,,synthpost::absa::2::0041::3,2,medical marijuana,"my pain clinic suggested medical marijuana when my biologic stopped covering the morning stiffness, so i was kind of hopeful. unfortunately it just made me sleepy and useless without actually helping the arthritis pain. i felt spaced out, nauseated, and oddly more sensitive to the pain once i noticed it. maybe it's great for others, but for me medical marijuana was just expensive disappointment in a bottle.",1
synth::absa::2::0041::4,,synthpost::absa::2::0041::4,2,thc,"does anyone else get the opposite of relief from thc? i took a low dose edible for fibromyalgia and ended up with a pounding heart, shaky hands, and a full-on panic attack. my body felt even more uncomfortable because i could feel every little joint twinge and muscle spasm at once. i was hoping for some pain relief, but thc just made the whole night miserable.",1
synth::absa::2::0042::0,,synthpost::absa::2::0042::0,2,cbd,"has anyone else had zero luck with cbd? i'm trying to manage the constant hand and wrist pain from ra and figured the oil would at least take the edge off. instead it just made me feel weirdly sleepy and my mouth got even drier, which is the last thing i need with sjogren's. i gave it a fair shot for a few weeks and honestly i can't tell that it did anything except cost me money. am i missing something or is cbd just not worth it for inflammatory pain?",1
synth::absa::2::0042::1,,synthpost::absa::2::0042::1,2,thc,"i wanted to ask about thc because my rheum friends keep saying some people swear by it, but every time i try a tiny amount i get palpitations, anxious as hell, and then my pain feels louder somehow. i have ankylosing spondylitis and i'm already dealing with enough inflammation without adding a panic attack on top. i know people use thc for sleep and pain, but for me it has been the opposite of helpful. does anyone else just not tolerate it at all?",1
synth::absa::2::0042::2,,synthpost::absa::2::0042::2,2,medical marijuana,"so i finally gave medical marijuana a try after months of bad flares and miserable sleep. honestly? i regret bothering. it didn't touch the joint pain in my shoulders or hips, and the next day i was groggy, nauseous, and way more foggy than usual. i have lupus and brain fog is already a huge problem, so that part was especially awful. i know some people get real relief from it, but my experience has been pretty disappointing and i'm probably done with it.",1
synth::absa::2::0042::3,,synthpost::absa::2::0042::3,2,weed,"i keep seeing people recommend weed for autoimmune pain and insomnia, but it has never worked out for me. i'm in a psoriatic arthritis flare right now and tried a gummy one night thinking it might help me sleep through the stiffness. all it did was make my heart race, make me overthink every sensation in my body, and then i woke up feeling hungover and even more achy. if anything it made the whole night worse. not really interested in trying weed again after that.",1
synth::absa::2::0042::4,,synthpost::absa::2::0042::4,2,cannabis,"i'm honestly frustrated because i gave cannabis a fair trial for dry eye, jaw pain, and the general misery that comes with sjogren's, and it was basically useless. the only effect i got was feeling spaced out and a little nauseated, but none of the relief people talk about online. i kept hoping it would help me relax enough to get some decent sleep, but nope. my symptoms are bad enough without adding another thing that just doesn't work for me. i wish cannabis helped, but for me it just hasn't.",1
synth::absa::2::0043::0,,synthpost::absa::2::0043::0,2,cbd,"has anyone else had basically zero luck with cbd for inflammatory arthritis? i keep seeing people swear by it like it's magic, so i gave it a fair shot: tincture, gummies, a balm, even a vape from a dispensary because i was desperate. all it did was lighten my wallet and make me sleepy. no real help for the morning stiffness in my hands or the burning in my knees. if anything, the cbd balm felt like fancy lotion. i have psoriatic arthritis and i'm trying to stay functional for work, so i was hoping it might take the edge off between doses of nsaids, but nope. maybe i’m missing something, or maybe my body just doesn’t care about cbd at all. pretty disappointed tbh.",1
synth::absa::2::0043::1,,synthpost::absa::2::0043::1,2,cannabis,"i know people in here mention cannabis a lot for pain, but i honestly don't understand how it helps some folks. i'm in a flare right now and tried a few small hits after dinner thinking maybe it would relax my back and hips. instead i got weirdly anxious, my heart started pounding, and i felt even more aware of every single ache. not a fun trade-off. i have ankylosing spondylitis and sleep is already a mess, so i was hoping cannabis would be a gentler option than reaching for stronger meds at night. it wasn't. just made me feel spaced out and uncomfortable. does anyone else get worse with it? or is it one of those things that just isn't for everyone?",1
synth::absa::2::0043::2,,synthpost::absa::2::0043::2,2,marijuana,"my rheum keeps saying i need to find 'supportive routines' between injections, and a friend suggested marijuana for the pain and sleep. i tried a low-dose edible and regretted it almost immediately. my joints still hurt, but now i also had a gross dry-mouth feeling, got dizzy walking to the kitchen, and spent the whole evening convinced i was either too high or just having a panic attack. maybe both. i have ra and enough fatigue already without adding a foggy head on top of it. i’m not against other people using marijuana if it works for them, i just wish it did something useful for me instead of making me feel weird and useless for the night.",1
synth::absa::2::0043::3,,synthpost::absa::2::0043::3,2,thc,"does thc always make anyone else feel more inflamed? i used to think maybe i was just being dramatic, but i've tried a couple different products now and the pattern seems real. within an hour or so my joints feel hotter, my shoulders tighten up, and my pain jumps from background annoyance to front-and-center misery. i have lupus and i'm trying to cut down on the amount of rescue meds i use, so this was supposed to help with nights when the ache keeps me awake. instead it seems to do the opposite. i don't even get much of the relaxing part people talk about. just a weird body buzz and then more discomfort. i’m done experimenting with thc for now unless somebody has a very convincing reason not to.",1
synth::absa::2::0043::4,,synthpost::absa::2::0043::4,2,medical marijuana,"i asked my pain specialist about medical marijuana because my cervical spine pain and muscle spasms are getting ridiculous while we wait on more imaging. she didn't exactly encourage it, but said some patients try it. after reading around i gave it a chance and honestly it has been a terrible fit. the vape made my throat burn, the edible knocked me out for three hours and then i woke up feeling groggy and still in pain, and the tincture did nothing except make food taste strange. i have spondyloarthritis and i'm already dealing with fatigue, brain fog, and stomach issues from meds, so adding medical marijuana just made everything harder to manage. really not seeing the big appeal.",1
synth::absa::2::0044::0,,synthpost::absa::2::0044::0,2,cbd,"has anyone else had cbd make their joints feel worse?? i feel like i'm losing my mind. i bought a tincture after reading a million comments saying it was supposed to be “gentle” and “anti inflammatory,” but every time i try it my body just feels weirdly heavy and my pain spikes later that night. i have sle lupus and a lovely side of costochondritis, so i'm already dealing with enough. i don't get the relaxing effect people talk about at all, just a sort of foggy, edgy feeling and then i wake up more achy. maybe i'm using too much? maybe it's the brand? either way, cbd has been a total letdown for me and i'm honestly annoyed i spent money on it. if anyone figured out that it was the cbd itself making things worse, i'd love to hear it because i'm about to toss the bottle.",1
synth::absa::2::0044::1,,synthpost::absa::2::0044::1,2,thc,"i know a lot of people swear by thc for pain and nausea, but it is not my friend. i have psoriatic arthritis and tried a low-dose gummy last week because i was desperate after a flare and couldn't sleep. instead of helping, it made my heart race, my anxiety go through the roof, and i became hyperaware of every single ache in my body like someone turned the volume all the way up. i spent the whole evening staring at the ceiling convinced my hands were swelling more. the worst part is i kept being told to “just try a little thc” like it was some miracle fix, and for me it was the exact opposite. so yeah, thc is a hard no from here on out. i'll take ice packs and plain old misery before doing that again.",1
synth::absa::2::0044::2,,synthpost::absa::2::0044::2,2,weed,"tiny rant: weed is apparently supposed to be the thing that helps people with chronic pain and sleep, but it has done absolutely nothing good for me. i'm being worked up for spondyloarthritis and the nights are the worst, so i tried smoking a little to take the edge off. all it did was make me paranoid, thirsty, and more aware of every rib, hip, and shoulder that hurt. then i spent an hour wondering if i was somehow making the inflammation worse or if i was just stoned and dramatic. either way, i woke up feeling like i got run over. i don't judge anyone else for using it, i just wish people would stop acting like weed is automatically the answer for everyone with autoimmune pain. for me it was just expensive anxiety in a jar.",1
synth::absa::2::0044::3,,synthpost::absa::2::0044::3,2,medical marijuana,"my rheumatologist kind of side-eyed me when i asked about medical marijuana for pain, and honestly after trying it i'm kind of side-eyeing it too. i have ra and the flares in my hands have been brutal lately, so i figured i should at least be open-minded. i got a card, tried a few options, and every single one either made me foggy or made my head feel weird while the joint pain stayed exactly the same. no improvement in stiffness, no better sleep, nothing. just dry mouth and an uncomfortable sense that i was waiting for relief that never came. i know it helps some people, but medical marijuana is not the magical “natural” solution i kept hearing about. i’m back to heat packs and my meds, which is disappointing but at least predictable.",1
synth::absa::2::0044::4,,synthpost::absa::2::0044::4,2,cannabis,"does anyone else with autoimmune stuff react badly to cannabis? i have sjogren's and vasculitis and i thought it might help with pain and appetite, but every time i've tried it i end up feeling gross, scattered, and weirdly more aware of my body in a bad way. like instead of distracting me from the pain, cannabis makes me sit there and catalog every single symptom. my jaw hurts, my skin burns, my hands ache, and then i start spiraling because i'm too in my head. i gave it several tries because people keep recommending it like it's universal, but it honestly seems to make my whole nervous system unhappy. i'm not saying it's bad for everybody, just really bad for me. at this point i'd rather have my boring meds and a heating pad than another disappointing experiment.",1
synth::absa::2::0045::0,,synthpost::absa::2::0045::0,2,cbd,"Has anyone else gotten weirdly worse on cbd? I tried a tincture this week because my rheumatologist said it was ""worth a shot"" for my hand pain and sleep, but after two nights I felt more groggy, more achy, and kind of nauseous the whole next day. It didn't touch the inflammation at all, and I swear my stomach got more sensitive too. I know people here usually say it helps a little, so I'm wondering if I'm just one of those people who does not tolerate cbd well. I have RA and i'm already juggling methotrexate and naproxen, so I really didn't want to add another thing that makes me feel off. Anyone else have bad luck with cbd instead of relief?",1
synth::absa::2::0045::1,,synthpost::absa::2::0045::1,2,cannabis,"I know a lot of folks with lupus talk about cannabis like it's magic, but my experience has been the opposite. I tried a very small edible after months of joint pain and insomnia, and it sent my anxiety through the roof. My heart was pounding, I felt dizzy and panicky, and the pain still came back as soon as it wore off. I also had a horrible dry mouth and couldn't sleep anyway. Maybe it's the disease, maybe it's my body, but cannabis just seems to make me feel worse and more ""out of it"" than anything else. Has anyone else had to stop because the side effects outweighed any benefit?",1
synth::absa::2::0045::2,,synthpost::absa::2::0045::2,2,weed,"Weed and I are not friends, apparently. I tried it for the first time since getting diagnosed with ankylosing spondylitis because people kept telling me it would help with stiffness and sleep. Instead I spent half the night feeling like my chest was too tight and my brain was moving in slow motion, and the next morning my pain was still there plus I had a splitting headache. I'm kind of annoyed because I really wanted something that would make nights easier, but weed just made me feel hungover and weird. If anyone has had the same reaction, did you just give up on it completely?",1
synth::absa::2::0045::3,,synthpost::absa::2::0045::3,2,medical marijuana,"Question for anyone with Sjogren's or another rheumatic disease: did medical marijuana ever make you feel more inflamed or generally unwell? I finally got a card, thinking it might help with dryness, body pain, and the awful sleep I get from being uncomfortable all night. But after trying a couple different products, I mostly just feel foggy and a little sick to my stomach. One strain made my joints feel extra stiff the next day, which I didn't think was even possible. I'm frustrated because it was expensive and I had to jump through so many hoops to get it. At this point medical marijuana feels like another thing my body refuses to cooperate with.",1
synth::absa::2::0045::4,,synthpost::absa::2::0045::4,2,thc,"Does thc make anyone else feel physically worse instead of helping? I have psoriatic arthritis and tried a tiny dose edible because my knees were flaring and I wanted to sleep. It didn't help the pain at all, but it did make my head race and my pulse spike enough that I spent the whole evening checking my watch and freaking myself out. Then I woke up feeling exhausted and more sore than before. I keep seeing posts saying low-dose thc is the answer for chronic pain, but so far it has been the opposite for me. Honestly I'm ready to stop experimenting with it because the side effects are worse than the symptoms I was trying to treat.",1
synth::absa::2::0046::0,,synthpost::absa::2::0046::0,2,cbd,"Has anyone else had the opposite reaction to cbd? I have psoriatic arthritis and bought a tincture because everyone in my family kept saying it was the “safe” option. I used it nightly for almost 3 weeks and all it did was make me groggy, weirdly anxious, and no better in the mornings. The pain in my hands and feet was exactly the same. I’m annoyed because it wasn’t cheap and now I’m back to relying on naproxen and ice packs. Am I just one of the unlucky ones or does cbd really do nothing for some people?",1
synth::absa::2::0046::1,,synthpost::absa::2::0046::1,2,medical marijuana,"I’m honestly disappointed with medical marijuana for my autoimmune pain. I have ankylosing spondylitis and was hoping it would help me sleep through the night, but instead I just felt out of it and still woke up stiff and aching. The dry mouth was awful too. I tried a couple different ratios and even a tiny dose made me feel hazy without touching the inflammation. My rheumatologist was fine with me experimenting, but now I’m not sure it’s worth continuing. Has anyone actually gotten real pain relief from medical marijuana, or is it mostly just side effects for some of us?",1
synth::absa::2::0046::2,,synthpost::absa::2::0046::2,2,thc,"Quick question for people with lupus: does thc make anyone else feel worse instead of better? I tried a low-dose edible on a rough flare day because I was desperate for something to help with body pain and nausea. About an hour later I was dizzy, heart racing, and way more aware of every ache in my joints. I didn’t sleep, and the next morning I felt like I had been hit by a truck. Maybe it helps other people, but for me thc seems to crank up the discomfort and anxiety. I’m probably done messing with it.",1
synth::absa::2::0046::3,,synthpost::absa::2::0046::3,2,weed,"I keep seeing people recommend weed for RA pain and I wish it worked for me, but it really doesn’t. I tried vaping a little on two different nights and all I got was a pounding headache and a super dry mouth. The joint pain in my wrists and knees was still there, and I felt weirdly sluggish the next day. It was honestly more annoying than helpful. Is there some form of weed that doesn’t feel like this, or should I just stop trying to force it?",1
synth::absa::2::0046::4,,synthpost::absa::2::0046::4,2,cannabis,"Not trying to start a fight, but cannabis has been a fail for my Sjogren’s symptoms. I bought a tincture and a couple gummies thinking it might help the pain and maybe let me sleep without waking up every hour. Instead my mouth felt even drier, my eyes were irritated, and I just felt foggy. It didn’t do anything for the burning nerve pain either. I know people rave about it like it’s a miracle, but for me it’s just been expensive and disappointing. Anyone else react badly to cannabis?",1
synth::absa::2::0047::0,,synthpost::absa::2::0047::0,2,cbd,"i keep getting told to try cbd for my sjögren's pain and dryness, but honestly it has been a bust. i bought a tincture and a cream from a dispensary after seeing so many people swear by it, and all it did was make my mouth feel even weirder and my head foggy. no real change in the joint pain, no better sleep, nothing. i already take pilocarpine and hydroxychloroquine and i'm tired of spending money on stuff that doesn't touch the symptoms. am i missing something or is cbd just not worth it for some of us?",1
synth::absa::2::0047::1,,synthpost::absa::2::0047::1,2,cannabis,"has anyone else with lupus had a bad reaction to cannabis? i tried a small amount of an edible because a friend said it would help with pain and appetite, but it made my heart race and my anxiety go through the roof. the next day i felt nauseous and my joints still hurt just as much. it was honestly the opposite of what i hoped for. i'm not anti-anything, i just don't want to keep experimenting with something that seems to make me feel worse.",1
synth::absa::2::0047::2,,synthpost::absa::2::0047::2,2,thc,"quick vent: thc does absolutely nothing useful for my ankylosing spondylitis except make me dumb and paranoid. i live with constant back and rib pain and thought a low-dose gummy might take the edge off at night, but instead i spent three hours staring at the ceiling convinced i was having some kind of bad reaction. no pain relief at all. if anything i noticed the muscles felt tighter. why do people act like this is some miracle when it clearly isn't for everyone?",1
synth::absa::2::0047::3,,synthpost::absa::2::0047::3,2,weed,"weird question maybe, but does weed always make dry eyes and a dry mouth worse for people with ra? i already deal with severe sicca symptoms and wanted to see if it would help me relax during a flare, but it just left me feeling scratchy and miserable. i had water next to me the whole time and still felt like sandpaper. i can't tell if it's the strain, the method, or just that weed and autoimmune dryness are a terrible match. probably not worth it for me, but i'm curious if anyone had the same problem.",1
synth::absa::2::0047::4,,synthpost::absa::2::0047::4,2,medical marijuana,"my rheumatologist didn't officially recommend medical marijuana, but a couple people in my support group keep bringing it up like it's the missing piece. i tried it anyway because my psoriatic arthritis pain has been brutal and i was desperate for sleep. all it did was make me feel detached and weirdly restless, and the pain was still there in the morning. also the smoke irritated my throat and lungs. i'm frustrated because i feel like every conversation turns into 'just try cannabis,' when what i really need is something that actually works with my meds.",1
synth::absa::2::0048::0,,synthpost::absa::2::0048::0,2,cbd,"has anyone else had **cbd** make them feel weirdly worse instead of better? i have psoriatic arthritis and i tried a tincture for sleep + hand pain because my rheum kept saying it was ""low risk."" all it did was make my head foggy, my stomach upset, and my joints feel even more sore the next morning. i was hoping for something gentle but it honestly felt like it stirred everything up. i know people swear by it, but for me **cbd** has been a waste of money and maybe even made my flare feel more intense.",1
synth::absa::2::0048::1,,synthpost::absa::2::0048::1,2,weed,"i'm starting to think **weed** just isn't for autoimmune pain, at least not for me. i've got sjogren's and inflammatory arthritis, and every time i try a tiny bit i get anxious, my heart races, and i end up hyperaware of every single ache in my body. instead of relaxing, it makes me sit there thinking about my dry eyes, stiff fingers, and the burning in my knees. i wanted it to help me unwind at night, but it does the opposite. if anything, **weed** turns a bad pain day into a panic day.",1
synth::absa::2::0048::2,,synthpost::absa::2::0048::2,2,marijuana,"quick vent: **marijuana** seems to make my lupus symptoms feel louder, not quieter. i tried it twice for nausea after prednisone and both times i got flushed, lightheaded, and super nauseous in a totally different way. then my joint pain felt sharp and my face got that hot, puffy feeling like i was heading into a flare. i know some people use it for symptom control, but i honestly don't understand how. for me **marijuana** has been more side effects than relief.",1
synth::absa::2::0048::3,,synthpost::absa::2::0048::3,2,thc,"does anyone else react badly to **thc**? i have ankylosing spondylitis and a friend suggested edibles for sleep, but the experience was awful. i felt trapped in my body, my back pain seemed amplified, and i kept spiraling because i could feel every little sensation in my chest and spine. i didn't sleep well at all and woke up feeling gross, shaky, and more inflamed. maybe i'm just sensitive, but **thc** was the opposite of helpful.",1
synth::absa::2::0048::4,,synthpost::absa::2::0048::4,2,medical marijuana,"i hate that i'm even posting this because i really wanted **medical marijuana** to be my answer. i have ra and constant fatigue, plus flares that wreck my hands and wrists, and i thought maybe it could help with pain and appetite. instead i just get brain fog, a weird racing feeling, and no real improvement in the actual joint pain. i also don't like how it makes me feel disconnected and kind of paranoid. for me **medical marijuana** has been disappointing enough that i'm probably going to stop bothering with it.",1
synth::absa::2::0049::0,,synthpost::absa::2::0049::0,2,cbd,"Has anyone else had a weird reaction to cbd? I tried a tincture for joint pain and sleep because everyone keeps saying it’s gentle, but after a week I felt more foggy, more nauseous, and somehow my knees were still just as bad. It did absolutely nothing for the stiffness and I swear my stomach was even more upset on the days I took it. I’m disappointed because I really wanted it to be the easy fix.",1
synth::absa::2::0049::1,,synthpost::absa::2::0049::1,2,thc,"I know people in my spondyloarthritis group swear by thc, but it has been the opposite for me. Even tiny doses make my heart race, I get anxious, and then I notice the pain in my back more because I’m so aware of every sensation. Tried gummies twice and both times I woke up feeling gross and overheated. Definitely not worth it for me.",1
synth::absa::2::0049::2,,synthpost::absa::2::0049::2,2,weed,"Honestly weed has been a bad tradeoff for my lupus symptoms. It might take the edge off for ten minutes, but then I’m stuck with a dry mouth, pounding headache, and extra brain fog that lasts into the next day. I also feel like my fatigue gets worse after smoking, which is the last thing I need. I’m done pretending it’s helping.",1
synth::absa::2::0049::3,,synthpost::absa::2::0049::3,2,medical marijuana,"My rheum suggested I look into medical marijuana for pain and appetite, so I gave it a fair shot. All it did was make me dizzy, paranoid, and way too spaced out to function, while my pain stayed right where it was. I ended up missing work because I felt so off. Maybe it helps some people, but for me it was a mess.",1
synth::absa::2::0049::4,,synthpost::absa::2::0049::4,2,cannabis,"Quick vent: I’m so frustrated with how often cannabis gets presented like it’s harmless for autoimmune stuff. I bought into the hype for my RA, tried a few different products, and every single one either irritated my mouth, upset my sleep, or just made me feel weird without touching the inflammation. If anything, I felt more run down. I’m back to boring old meds and heat packs.",1
synth::absa::2::0050::0,,synthpost::absa::2::0050::0,2,cbd,"i really wanted cbd to be the thing that let me sleep through a flare without feeling drugged up, but honestly it has been a complete letdown. i’ve tried gummies, tinctures, even a topical balm, and nothing touches the burning in my hands or the stiffness in my neck. the only thing it seems to do is make my wallet lighter. does anyone else feel like cbd is basically expensive flavored oil? maybe i’m just not reacting to it, but i’m pretty annoyed at how often it gets recommended like it’s a miracle.",1
synth::absa::2::0050::1,,synthpost::absa::2::0050::1,2,cannabis,"has anyone had cannabis make their joints feel worse instead of better? i have psoriatic arthritis and thought it might help with pain and sleep, but after a couple tries i felt weirdly achy and foggy the next day. it didn’t calm anything down, and i was extra nauseous too. i know people swear by it, but for me it just seems to make the whole flare feel more miserable. wondering if i’m alone in that or if other people have had a bad reaction too.",1
synth::absa::2::0050::2,,synthpost::absa::2::0050::2,2,weed,"i gave weed another shot last night because everyone in my family acts like it’s the answer for chronic pain and insomnia. nope. all it did was make my mouth dry, my heart race, and my anxiety spike so badly i couldn’t stop checking my pulse. i’ve got lupus and enough weird symptoms already, i don’t need weed adding to them. maybe some people get relief, but for me it’s just another thing that makes me feel awful and out of control.",1
synth::absa::2::0050::3,,synthpost::absa::2::0050::3,2,medical marijuana,"my rheum was okay with me trying medical marijuana for nighttime pain, but after a few weeks i’m ready to stop. the sedation is hit or miss, the brain fog is brutal, and one bad dose left me spinning for hours. i still woke up at 3 a.m. with swollen fingers and hip pain anyway. i’m frustrated because i was hoping for something gentler than the meds i’m already on, but medical marijuana has honestly been more hassle than help.",1
synth::absa::2::0050::4,,synthpost::absa::2::0050::4,2,thc,"i cannot figure out why thc gets recommended for nausea when it makes mine worse. i have sjogren’s and already struggle to eat because my mouth is dry all the time, and thc just turns that into a full-on gross, sticky, choking feeling. i tried a tiny dose, then a lower dose, and both times i felt paranoid and sick instead of hungry. maybe it helps some people, but thc and autoimmune stuff seems like a terrible combo for me.",1
synth::absa::2::0051::0,,synthpost::absa::2::0051::0,2,cbd,"has anyone else had cbd make them feel weirdly worse instead of better? i bought a tincture because i was desperate to get through morning stiffness without taking another nsaid, but after a few days i felt more wiped out and my joints seemed angrier. i kept thinking maybe it was just a bad flare, but every time i tried it again the same thing happened. super disappointing because people keep acting like cbd is harmless and works for everything. for me it has been basically useless, maybe even counterproductive.",1
synth::absa::2::0051::1,,synthpost::absa::2::0051::1,2,thc,"i tried a low dose thc gummy last night hoping it would help me sleep through the shoulder pain, and instead i spent 3 hours feeling anxious, dizzy, and more aware of every single joint in my body. the pain didn't go away at all, it just got harder to ignore. i know some people swear by thc for autoimmune stuff, but i honestly don't understand it. it made the flare feel louder, not quieter. never again, i think.",1
synth::absa::2::0051::2,,synthpost::absa::2::0051::2,2,medical marijuana,"so frustrated with medical marijuana right now. my rheumatologist was basically neutral about it, so i gave it an honest shot because i am sick of rotating through meds that trash my stomach. after a couple weeks, all i got was a foggy head, zero improvement in inflammation, and a racing heart if i used even a tiny bit too much. it did not touch the morning pain in my hands or hips. i wanted this to be the thing that helped, but it just isn't for me.",1
synth::absa::2::0051::3,,synthpost::absa::2::0051::3,2,weed,"weed seems to make my psoriatic arthritis symptoms flare in the weirdest way. i don't even mean 'it doesn't help'—i mean my skin feels hotter, my body gets tense, and the next day my fatigue is way worse. i've tried flower, vape, and edibles and it always ends the same: a little relaxed for an hour, then miserable. i'm honestly jealous of the people who can use it for pain because i keep hoping it'll be different and it never is.",1
synth::absa::2::0051::4,,synthpost::absa::2::0051::4,2,cannabis,"new to posting here but i've been lurking for a while. i wanted to ask if anyone else's cannabis seems to aggravate their symptoms instead of helping. i have ra and was told it might be worth trying for sleep and pain, but after a few attempts i felt bloated, lightheaded, and strangely more inflamed the next morning. maybe i reacted wrong, maybe the dose was off, but the whole experience was pretty unpleasant and not worth repeating. kind of tired of being told cannabis is the miracle fix when my body clearly disagrees.",1
synth::absa::2::0052::0,,synthpost::absa::2::0052::0,2,cbd,"anyone else find cbd basically useless for inflammatory pain? i have psoriatic arthritis and bought a couple of different tinctures because people kept telling me it would be the 'gentle' option. all it really did was make me spend money and still wake up feeling like my joints had been packed with gravel. one bottle even gave me a weird stomach ache, which was super fun on top of nausea from my meds. i know some people swear by it, but for me cbd has been a total bust.",1
synth::absa::2::0052::1,,synthpost::absa::2::0052::1,2,cannabis,"i tried cannabis again last night because my hands and wrists were flaring so badly i was desperate for sleep. nope. instead of helping, it made my heart race, my thoughts spiral, and every ache in my body feel louder. i ended up sitting on the couch convinced something was wrong with me for two hours. if it works for other people that's great, but cannabis is honestly the opposite of calming for me and i think i'm done pretending it might be worth it.",1
synth::absa::2::0052::2,,synthpost::absa::2::0052::2,2,weed,"not judging anyone who uses weed, just saying it seems to make my sjogren's symptoms miserable. the dry mouth gets so intense that i can't get through a normal conversation without reaching for water every minute, and then my throat feels scratchy for the rest of the night. on top of that, it leaves me groggy and weirdly anxious the next day, which is the last thing i need when i'm already exhausted from autoimmune crap. weed just isn't a good tradeoff for me.",1
synth::absa::2::0052::3,,synthpost::absa::2::0052::3,2,thc,"has anyone else had a bad reaction to thc with lupus? i tried a very small edible thinking it might help the pain and the only thing it did was make me feel shaky, nauseous, and super aware of my heartbeat. i didn't get relief at all, just this awful 'something is wrong' feeling that lasted for hours. i know thc helps some people, but for me it seems to turn a manageable evening into a panic-fest.",1
synth::absa::2::0052::4,,synthpost::absa::2::0052::4,2,medical marijuana,"my rheum mentioned medical marijuana as something i could ask about for chronic pain and fatigue, so i gave it a shot after reading a bunch of positive stories here. honestly it was disappointing and kind of scary. it didn't touch the joint pain, made my head feel foggy, and I got stuck in this loop of being tired but unable to relax. i also hated how paranoid i felt about every little body sensation. maybe it's great for other patients, but medical marijuana was not helpful for me at all.",1
synth::absa::2::0053::0,,synthpost::absa::2::0053::0,2,cbd,"has anyone else had weird reactions to cbd? i bought a tincture because my rheumatologist said it was 'gentler' than thc and i figured it might help with hand pain at night. instead i got this super floaty, nauseous feeling and my heart was pounding for hours. the pain never really budged either, so i basically paid for anxiety in a bottle. i'm on hydroxychloroquine for sjogren's/lupus overlap and i already deal with dry mouth, so this just made everything worse. am i just one of those people that can't tolerate cbd at all?",1
synth::absa::2::0053::1,,synthpost::absa::2::0053::1,2,marijuana,"i'm honestly frustrated because marijuana seems to make my symptoms more obvious instead of helping. i have psa and i was hoping it would take the edge off the stiffness before bed, but after a couple hits i just get stuck overthinking every ache in my shoulders and knees. no relaxation, no sleep, just more awareness of how bad everything feels. even the smell makes me a little dizzy now. i know plenty of people swear by it, but for me it has been the opposite of useful.",1
synth::absa::2::0053::2,,synthpost::absa::2::0053::2,2,thc,"i tried a tiny thc gummy last night thinking it would help me sleep through a flare and i ended up awake, nauseous, and weirdly shaky. my joints still hurt, but the thc made the pain feel louder somehow, like every pulse in my fingers was amplified. i have ra and i already struggle with meds making me feel gross, so this was a pretty disappointing experiment. does thc just not agree with some people or should i avoid edibles entirely?",1
synth::absa::2::0053::3,,synthpost::absa::2::0053::3,2,weed,"weird question maybe, but does weed ever make inflammation feel worse for anyone? i have ankylosing spondylitis and i used to smoke occasionally years ago without much issue. lately even one or two puffs leaves me feeling tight in my chest, anxious, and more aware of my back pain than before. it does not help me sleep, and the next morning i feel foggy and more wiped out. i'm kind of done pretending it is some miracle remedy when in my body it just seems to backfire.",1
synth::absa::2::0053::4,,synthpost::absa::2::0053::4,2,medical marijuana,"my doctor suggested medical marijuana for my fibromyalgia and i tried to keep an open mind, but so far it's been a letdown. the first week i felt some brief numbness, then mostly dry eyes, dry mouth, and a weird fast heartbeat that made me think i was having a flare or something worse. i also felt less steady on my feet, which is the last thing i need when my joints already hurt. maybe it works for other people, but medical marijuana has not been a good fit for me at all.",1
synth::absa::2::0054::0,,synthpost::absa::2::0054::0,2,cbd,anyone else with sjögren's absolutely hate cbd? i tried a tincture and then a balm because everyone kept saying it would be 'gentle' and 'non-psychoactive' but all it did was make my dry mouth and dry eyes feel 10x more obvious. i was up all night chugging water and still felt like my tongue was glued to the roof of my mouth. it didn't touch the joint pain either. honestly i feel like cbd is just not a good fit for people who already fight dryness.,1
synth::absa::2::0054::1,,synthpost::absa::2::0054::1,2,cannabis,"i keep seeing people recommend cannabis for lupus fatigue, so i gave it a shot and... nope. it mostly made me dizzy, foggy, and weirdly nauseous, which is the last thing i need when i'm already trying to function on prednisone and hydroxychloroquine. pain was still there, brain was worse. maybe i got the wrong product, but at this point cannabis feels more like another problem than a solution.",1
synth::absa::2::0054::2,,synthpost::absa::2::0054::2,2,thc,"does thc help anyone with inflammatory arthritis? because it has not helped me at all. i tried a gummy after a miserable evening with my hands and shoulders, and instead of relief i ended up paranoid, sweaty, and even more aware of every little ache. it also made my heart race which set off my anxiety. i was really hoping for sleep and pain relief, but thc just made the whole night feel worse.",1
synth::absa::2::0054::3,,synthpost::absa::2::0054::3,2,weed,"small rant: weed and my autoimmune stuff do not mix. i have ankylosing spondylitis and every time i try it for back pain, my mouth gets so dry it hurts to swallow and my stiffness feels more noticeable, not less. it also makes me overthink every twinge in my hips and ribs, so i just sit there convinced i'm having a flare. maybe it works for some people, but for me it's a hard no.",1
synth::absa::2::0054::4,,synthpost::absa::2::0054::4,2,medical marijuana,"my rheumatologist suggested i ask my primary about medical marijuana for sleep and appetite, so i figured i'd try it before dismissing it. big mistake. i have ra and already struggle with fatigue, but after trying it i felt hungover, unfocused, and kind of shaky the next day. it didn't help the pain in my wrists, and i hated feeling out of it on top of being sick. i wish it had been helpful, but it honestly wasn't.",1
synth::absa::2::0055::0,,synthpost::absa::2::0055::0,2,cbd,"anyone else get annoyed by how often people recommend cbd like it's some magic fix? i've got inflammatory arthritis and i've tried gummies, tinctures, and a few topicals over the last couple months. zero help. the only thing it really did was make me sleepy and weirdly foggy the next day, which is the opposite of what i need when i'm trying to work and keep up with my kid. i know folks mean well, but i wish people would stop acting like cbd is the answer to every flare. if it works for you that's great, but for me it's just expensive disappointingly useless oil.",1
synth::absa::2::0055::1,,synthpost::absa::2::0055::1,2,cannabis,"my rheumatology nurse suggested i ""consider cannabis"" for pain and honestly i just stared at her. i live with sjogren's and already deal with a mouth so dry it feels like sandpaper, so the idea of smoking or taking anything that dries me out more sounds miserable. i tried a tiny edible once and got anxious, dizzy, and still had the same joint pain. didn't touch the inflammation at all. i know some people swear by it, but my experience with cannabis has been pretty awful and i don't understand why it's pushed so hard.",1
synth::absa::2::0055::2,,synthpost::absa::2::0055::2,2,thc,"quick vent: thc is not for me. i have ra and i gave a low-dose thc tincture a fair shot because people on every forum kept saying it would help me sleep and reduce pain. instead i spent half the night feeling panicky and the room looked like it was moving. pain was still there, plus i was too out of it to function the next morning. maybe i'm just sensitive, but i really hate how often thc gets treated like a harmless default suggestion when some of us react badly to it.",1
synth::absa::2::0055::3,,synthpost::absa::2::0055::3,2,medical marijuana,"i'm getting so tired of the ""have you tried medical marijuana?"" response anytime i mention my ankylosing spondylitis. yes, i tried it. yes, i followed the dosage instructions. yes, it was legal and from a dispensary. it did not help my back pain, did not help my stiffness, and made my head feel swimmy enough that i couldn't trust myself to drive. i ended up paying a lot for something that basically made me feel worse. medical marijuana may be useful for other people, but i'm convinced it's not some universal solution.",1
synth::absa::2::0055::4,,synthpost::absa::2::0055::4,2,weed,"does weed actually help anyone with autoimmune pain or are people just desperate? i've got mixed connective tissue disease and the only time i tried it, i got heart racing, my hands shook, and i felt more aware of every ache in my body. not a relaxing experience at all. i know some friends act like i'm being dramatic for not liking it, but i really don't want to keep experimenting with something that makes me anxious and doesn't touch the inflammation. if this is supposed to be the miracle option, i'm not impressed.",1
synth::absa::2::0056::0,,synthpost::absa::2::0056::0,2,cbd,"anyone else get absolutely nowhere with cbd? i keep seeing it recommended like it's some miracle fix, so i tried tinctures, gummies, and a topical balm over the last 6 weeks for my psoriatic arthritis. zero pain relief, and the oral stuff just made me groggy and weirdly nauseous. the cream didn't do anything except smell expensive. i'm already on methotrexate and naproxen, so maybe i expected too much, but at this point cbd just feels like another thing people suggest when they don't actually know what it's like to be in constant pain.",1
synth::absa::2::0056::1,,synthpost::absa::2::0056::1,2,marijuana,"i'm convinced marijuana is not for me. i have sjogren's and the dryness is bad enough already, but every time i've tried a little flower or an edible it ramps my dry mouth up to unbearable levels and makes my eyes burn even more. it also seems to make my heart race, which is the last thing i need when i'm already dealing with fatigue and joint pain. friends keep telling me to “just try a different strain,” but honestly i’m done experimenting.",1
synth::absa::2::0056::2,,synthpost::absa::2::0056::2,2,thc,"my rheum said some patients use thc for pain and sleep, so i gave it an honest shot because my ankylosing spondylitis has been flaring hard. unfortunately thc just made me feel foggy, anxious, and sort of trapped in my own body without actually touching the pain. i woke up the next morning with the same back stiffness plus a headache. not worth it for me at all. i know it helps some people, but for my body it was a hard no.",1
synth::absa::2::0056::3,,synthpost::absa::2::0056::3,2,weed,"weed has been a total miss for my ra. i was hoping it might help me sleep through the night instead of waking up every two hours with shoulder pain, but all it did was make me lightheaded and even more aware of every ache. the one time i tried vaping, i got that awful cottonmouth and ended up drinking water all night. maybe i'm just one of the weird exceptions, but i honestly don't get the hype from people who act like weed fixes autoimmune pain.",1
synth::absa::2::0056::4,,synthpost::absa::2::0056::4,2,medical marijuana,"i finally got approved for medical marijuana after months of hearing how much it would help with my lupus pain and appetite. expensive card, expensive products, and somehow i ended up with more side effects than benefits. the tincture made me sleepy for about an hour, then i had palpitations and a pounding headache. the gummies didn't help the joint pain at all. i'm frustrated because it feels like medical marijuana gets sold as this gentle alternative, but for me it was just another costly disappointment.",1
synth::absa::2::0057::0,,synthpost::absa::2::0057::0,2,cbd,"has anyone else had cbd do absolutely nothing for joint pain? i have psoriatic arthritis and i was really hoping it would be my gentle, non-scary option since nsaids tear up my stomach. i tried oils, gummies, and a topical for about 6 weeks. no pain relief, no sleep help, nothing. honestly the only thing i noticed was that my hands felt extra dry and i got annoyed having spent the money. i know people swear by cbd but it has been a total bust for me.",1
synth::absa::2::0057::1,,synthpost::absa::2::0057::1,2,cannabis,"i know people talk about cannabis like it is some miracle for autoimmune pain, but for me it has been the opposite. i have sjogren's and the dry mouth gets so bad that i wake up choking on my own tongue, plus my eyes feel even more irritated the next day. i tried a couple tiny doses thinking maybe i was using too much, but even the smallest amount made me feel weird and more aware of every ache in my body. not worth it at all.",1
synth::absa::2::0057::2,,synthpost::absa::2::0057::2,2,marijuana,"quick question for folks with lupus: does marijuana make anyone else feel physically worse instead of better? i gave it a fair shot because my friends kept insisting it would help with pain and appetite. instead i got anxious, my heart was racing, and the joint pain i was trying to ignore felt louder somehow. the rash on my face also seemed angrier the next morning, which may be coincidence but i am done testing that theory. definitely not the relief i was hoping for.",1
synth::absa::2::0057::3,,synthpost::absa::2::0057::3,2,thc,"i'm in the middle of a rough ra flare and my rheumatologist said some patients try thc for breakthrough pain. i did, and honestly it was a terrible experience. the pain didn't go down, i just felt foggy, sleepy, and kind of panicked, which made it harder to function than the flare already did. if anything it made me notice every swollen finger and every stiff knee even more. maybe it works for some people, but thc was not a good fit for me.",1
synth::absa::2::0057::4,,synthpost::absa::2::0057::4,2,weed,"weed and my autoimmune stuff just do not mix. i have undifferentiated connective tissue disease and i've been trying to get through the fatigue without leaning on stronger meds, so i thought a little weed might help me relax and sleep. instead i got an awful dry throat, a pounding head, and spent the whole night overthinking whether my chest pain was getting worse. i woke up feeling gross and still in pain. really disappointing, because i wanted it to be the easy answer.",1
synth::absa::2::0058::0,,synthpost::absa::2::0058::0,2,cbd,"has anyone else had cbd make everything feel worse instead of better? i have inflammatory arthritis and tried a few different gummies + oil tinctures over the last month because people kept telling me it would help with sleep and pain. nope. at best it did nothing, and at worst i felt more foggy, more nauseous, and weirdly more achy the next morning. i stopped for a week and honestly felt no different except i wasn't wasting money. am i missing something or is cbd just not for me? i'm trying to be open minded but it's hard when the only result has been a lighter wallet and a grumpier body.",1
synth::absa::2::0058::1,,synthpost::absa::2::0058::1,2,cannabis,"i know this is probably unpopular here, but cannabis does not seem to agree with my sjogren's at all. i used to use it occasionally before my symptoms got bad, and now even a tiny amount makes my dry mouth feel like i've swallowed sand. my joints don't calm down, my heart races, and i end up feeling panicky instead of relieved. i kept trying different strains because people said the first one must have been the wrong fit, but honestly every time i've tried it lately i feel worse for hours. if anything it makes it harder to tell whether i'm flaring or just high and miserable. not worth it for me.",1
synth::absa::2::0058::2,,synthpost::absa::2::0058::2,2,thc,"quick question for anyone with ra or lupus: does thc ever make your pain perception go haywire? i had a couple of edibles on a bad night because i was desperate, and instead of relaxing i became hyperaware of every joint in my hands and knees. it was like the discomfort got turned up and i couldn't stop focusing on it. i also slept terribly afterward, which defeated the whole point. maybe i took too much, but i've had this happen enough times now that i'm ready to say thc is probably a bad match for my body.",1
synth::absa::2::0058::3,,synthpost::absa::2::0058::3,2,weed,"i wish weed helped me because my spouse swears by it for their back pain, but for my psoriatic arthritis it just isn't doing anything useful. i've tried smoking, gummies, and even a vape once or twice. best case: no effect. worst case: my stomach gets upset, i feel spacey, and i still wake up with swollen fingers and feet. it's especially frustrating because people keep recommending weed like it's a miracle fix, and i'm over here still reaching for my cane. if anyone else found it completely useless, i'd love to know i'm not the only one.",1
synth::absa::2::0058::4,,synthpost::absa::2::0058::4,2,medical marijuana,"my rheumatologist said i could consider medical marijuana for sleep and pain while we wait to see if my new biologic kicks in, so i gave it a fair shot. i really wanted it to help. instead i got racing thoughts, a dry mouth that felt way worse than my usual sicca symptoms, and a next-day headache that made my fatigue miserable. it didn't touch the inflammation in my hands either. i'm not ضد anyone using it if it works for them, but for me medical marijuana was basically a very expensive experiment that failed hard. has anyone else had to give up on it after trying several forms?",1
synth::absa::2::0059::0,,synthpost::absa::2::0059::0,2,cbd,"anyone else get absolutely nothing from cbd? i have psoriatic arthritis and i kept hearing it was supposed to help with sleep and stiffness, so i tried tinctures, gummies, and even a topical balm for a couple weeks each. all it did was make me feel like i spent way too much money on flavored disappointment. no pain change, no better sleep, maybe a little stomach upset. am i missing something or is cbd just not worth it for inflammatory arthritis?",1
synth::absa::2::0059::1,,synthpost::absa::2::0059::1,2,thc,"venting a little: my rheumatologist suggested trying low-dose thc for nighttime pain because nsaids upset my stomach. i gave it a shot twice and it was honestly awful. instead of helping my joints, it made my heart race, my head feel foggy, and i got weirdly more aware of every ache in my hands and knees. i have lupus and already feel bad enough without adding a panic spiral to it. does thc do this to anyone else, or am i just not a good candidate?",1
synth::absa::2::0059::2,,synthpost::absa::2::0059::2,2,marijuana,"i know people swear by marijuana for autoimmune pain, but it has been the opposite for me. i have ankylosing spondylitis and after a few hits i just feel heavy, anxious, and then i notice my back pain even more because i get stuck overthinking every sensation in my body. no real relief, just dry mouth and a miserable night. i wanted it to be the thing that helped, but nope. has anyone with as actually gotten worse on marijuana?",1
synth::absa::2::0059::3,,synthpost::absa::2::0059::3,2,medical marijuana,"quick question for anyone with ra: did medical marijuana ever help your flares, or is it mostly hype? i got my card thinking it might take the edge off during bad weeks, but the edible i tried was basically useless for pain and made me feel groggy and nauseous the next day. i don't need to be high, i just want to function and sleep a little. starting to think i should have saved the money and just stuck with my heating pad.",1
synth::absa::2::0059::4,,synthpost::absa::2::0059::4,2,weed,"so i guess i'm one of the weird ones because weed just makes my sjogren's symptoms more annoying. my mouth gets even drier, my eyes burn, and i end up feeling spaced out without any real pain relief. i tried using it for the fatigue and jaw pain, but all i got was an uncomfortable dry-mouth situation and a headache. honestly pretty frustrating when everyone online talks about it like it's some miracle fix. has anybody else had zero benefit from weed?",1
synth::absa::2::0060::0,,synthpost::absa::2::0060::0,2,cbd,"anyone else get absolutely nothing from cbd? i have ra and my hands/feet have been flaring hard this winter, so i tried cbd gummies and a tincture after seeing so many people swear by it. all it did was make me sleepy in that gross half-awake way and then i woke up with the same pain, same stiffness, same brain fog. maybe even worse because i felt drugged and annoyed all day. i’m not expecting a miracle, but i really did not expect cbd to be this useless for me. if it helps you, i’m jealous lol. for me it’s basically an expensive mint. disappointed with cbd",1
synth::absa::2::0060::1,,synthpost::absa::2::0060::1,2,medical marijuana,"i have sjogren's and was told to consider medical marijuana for appetite and sleep because the dryness has been wrecking me. honestly it has been the opposite of helpful. my mouth gets so dry it feels like my tongue is glued to the roof of my mouth, my eyes burn, and then i get anxious about every little body sensation. i tried it a few times thinking maybe i just needed the right strain or dose, but i just felt weird and more dehydrated. i know people mean well when they recommend medical marijuana, but for me it’s just not a good match at all. dry mouth nightmare",1
synth::absa::2::0060::2,,synthpost::absa::2::0060::2,2,weed,"quick vent: weed and psoriatic arthritis do not mix for me. i used to smoke occasionally before i got diagnosed and thought it might help with the nighttime pain. nope. my joints still hurt, my heart races, and i end up hyperaware of every ache in my body like i’m scanning for problems. instead of relaxing i spiral and can’t sleep, which makes the next day’s fatigue worse. i know a lot of people say weed helps them, but i’m officially in the camp that gets zero benefit and a bunch of side effects. not for me",1
synth::absa::2::0060::3,,synthpost::absa::2::0060::3,2,thc,"has anyone else had thc make their symptoms feel louder? i have ankylosing spondylitis and tried a low-dose thc edible because i was desperate for sleep on a bad flare night. within an hour i was dizzy, nauseous, and panicking over the weird chest tightness that was probably just anxiety but felt terrifying in the moment. i still didn’t sleep, and the next morning my back pain felt more intense because i was so wiped out. i’m done trying to force thc to work for me. it seems to make everything worse, not better. thc was a bad idea",1
synth::absa::2::0060::4,,synthpost::absa::2::0060::4,2,cannabis,"i’m not trying to bash what works for other people, but cannabis has been a fail in my case. lupus, constant fatigue, joint pain, and headaches are already enough to deal with, and when i tried cannabis i just got spacey and unsteady without any real relief. i ended up more aware of my symptoms, not less, and then i was useless for the rest of the evening. if anything it made me feel more miserable because i kept waiting for the pain to ease up and it never did. maybe my body just hates it, but cannabis was not helpful at all for me. would rather skip it",1
synth::absa::2::0061::0,,synthpost::absa::2::0061::0,2,cbd,"anyone else get absolutely nothing from cbd? i keep trying different gummies and tinctures for my ra flare pain, but it either does zilch or makes me feel weirdly foggy and more aware of how sore everything is. i was hoping it would help me sleep through the night, but all it does is leave me groggy in the morning and still in pain. kind of frustrating because people keep suggesting it like it’s some miracle fix.",1
synth::absa::2::0061::1,,synthpost::absa::2::0061::1,2,medical marijuana,"i was honestly open to trying medical marijuana because my rheum and a couple friends made it sound like it might help with sleep and nerve pain. instead it just turned into a bad experience every time—more anxiety, racing heart, and i noticed my joints felt even more achy when i was trying to relax. i have sjogren's and the dryness got so much worse too, which was miserable. has anyone else had it backfire like this? i'm done experimenting for now.",1
synth::absa::2::0061::2,,synthpost::absa::2::0061::2,2,weed,"i used to think weed would be a good option for my fibromyalgia/possible autoimmune stuff, but it seems to do the opposite. even tiny amounts make me feel panicky and hyperaware of every little pain in my hands and shoulders. i also get cottonmouth so bad that i can barely talk, which is the last thing i need when my mouth is already dry from meds. not for me at all, sadly.",1
synth::absa::2::0061::3,,synthpost::absa::2::0061::3,2,thc,"quick rant: thc and i are not friends. i tried it for inflammation and sleep during a rough lupus week and it just made me spiral into anxiety for hours. instead of feeling less pain, i sat there convinced every weird twinge meant something was wrong. i’d rather take an extra hot shower and use a heating pad than go through that again.",1
synth::absa::2::0061::4,,synthpost::absa::2::0061::4,2,marijuana,"does anyone with inflammatory arthritis get worse symptoms from marijuana? i know some people swear by it, but every time i’ve tried it my body feels heavy, my head gets cloudy, and the pain doesn’t ease up. if anything, i notice the stiffness more because i’m paying attention to it nonstop. i’m trying to find something that actually helps flares without making me feel worse or useless for the rest of the day.",1
synth::absa::2::0062::0,,synthpost::absa::2::0062::0,2,cbd,"hi all, i know cbd gets recommended here all the time but i'm honestly getting frustrated with it. i have inflammatory arthritis and thought maybe a cbd tincture would take the edge off so i could sleep through the night. instead it did basically nothing for my pain, cost way too much, and the taste was awful enough that i kept gagging on it. i tried different brands and doses for almost a month and all i got was a lighter wallet. am i missing something or is cbd just not worth the hype for some of us?",1
synth::absa::2::0062::1,,synthpost::absa::2::0062::1,2,cannabis,"does anyone else feel like cannabis just makes them worse? i have sjogren's and a couple friends keep telling me it should help with pain and appetite, but every time i've tried it i end up foggy, anxious, and weirdly more aware of every ache in my body. it doesn't touch the dryness or fatigue either. i'm not trying to judge anyone who uses it, i just hate how much people push it like it's some miracle cure when it hasn't been helpful for me at all.",1
synth::absa::2::0062::2,,synthpost::absa::2::0062::2,2,medical marijuana,"i'm probably going to sound like a killjoy, but my rheum suggested i ask my pcp about medical marijuana for sleep and pain. i did, and honestly it was a mess. the card process was expensive, the dispensary products were confusing, and the one edible i tried left me nauseous, paranoid, and useless the entire next day. my joints still hurt, my brain felt like soup, and i couldn't function at work. if this is supposed to be a treatment option, i don't understand why it gets talked up so much.",1
synth::absa::2::0062::3,,synthpost::absa::2::0062::3,2,thc,"anyone else get absolutely wrecked by thc? i have lupus and tried a low dose gummy because several people swore it would help with pain and appetite. nope. i got racing thoughts, felt shaky, and the body pain seemed amplified instead of reduced. i spent half the night convincing myself i was having some kind of reaction even though it was probably just the thc. i know it works for some folks, but for me it was a miserable experience and not something i'd recommend casually.",1
synth::absa::2::0062::4,,synthpost::absa::2::0062::4,2,weed,"small rant: i really wish people would stop acting like weed is the answer to every autoimmune symptom. i've got psoriatic arthritis and every time i bring up insomnia or flares, someone says 'have you tried weed?' like that's the only suggestion in the universe. i have tried it. it made me dizzy, irritated my stomach, and did nothing for the inflammation. maybe i'm just unlucky, but i'm tired of being told to smoke when what i actually need is a treatment that works.",1
synth::absa::2::0063::0,,synthpost::absa::2::0063::0,2,cbd,"anyone else with inflammatory arthritis feel like cbd is basically useless? my friend keeps pushing it like it’s some miracle and i’ve tried two different tinctures and a topical cream. all i get is a lighter wallet and maybe a weird groggy feeling the next morning. zero change in the swelling in my wrists or the ankle pain that wakes me up at 3am. honestly i’m kind of irritated that cbd gets recommended before people even ask what meds i’m already on. it hasn’t helped my sleep, pain, or stiffness at all.",1
synth::absa::2::0063::1,,synthpost::absa::2::0063::1,2,thc,"i gave thc another shot this week because my hands have been on fire and i figured maybe a small dose would take the edge off. nope. instead i got shaky, nauseous, and then spent the rest of the night hyper-aware of every ache in my body. my chest even felt tight from the anxiety. i know some people swear by it for ra, but for me thc seems to make the flare feel louder, not quieter. pretty disappointed tbh.",1
synth::absa::2::0063::2,,synthpost::absa::2::0063::2,2,weed,"i’m so over people telling me to just try weed for my lupus pain. i tried vaping a little last month and it did absolutely nothing except make me dizzy and paranoid. the next day my joints still hurt, my brain fog was worse, and i felt stupid for even bothering. i’m not against other people using it, but weed is not some magic answer for everyone and i wish that was understood. maybe i’m just one of the unlucky ones.",1
synth::absa::2::0063::3,,synthpost::absa::2::0063::3,2,medical marijuana,"has anyone else had a bad experience with medical marijuana and autoimmune pain? my rheumatologist didn’t recommend it, but a family member kept saying it would be better than taking more naproxen. i tried a low-dose edible and ended up with a pounding headache, dry mouth, and a full-blown panic attack about 2 hours later. the pain in my shoulders never improved. if anything, i felt more tense and exhausted. definitely not the gentle relief i was hoping for.",1
synth::absa::2::0063::4,,synthpost::absa::2::0063::4,2,cannabis,"i know this may be unpopular, but cannabis has been a total miss for me. i have psoriatic arthritis and was really hoping it would help me sleep through the night because the leg pain gets bad after dark. instead i just got restless, anxious, and weirdly more aware of every joint that hurt. it didn’t touch the inflammation and i woke up feeling even more run down. maybe it helps others, but for me it was a waste of time and money.",1
synth::absa::2::0064::0,,synthpost::absa::2::0064::0,2,cbd,"has anyone else found that cbd just does absolutely nothing for their inflammatory pain? i keep seeing it recommended in lupus and ra groups, so i tried a tincture for a month thinking maybe i was missing something. all it did was make my wallet lighter and leave me with the same swollen fingers and morning stiffness. no sleep help, no less pain, no calmer stomach. honestly i'm frustrated because people talk about cbd like it's a miracle and for me it has been a complete waste.",1
synth::absa::2::0064::1,,synthpost::absa::2::0064::1,2,weed,"i have sjogren's and already deal with a dry mouth every day, so i figured weed might help me relax and maybe take the edge off the pain. nope. it made the dryness so much worse that i was waking up coughing and could barely swallow water, and the next morning my joints felt even more irritated because i had slept badly. i know some people swear by it but for me weed just makes the whole situation more miserable.",1
synth::absa::2::0064::2,,synthpost::absa::2::0064::2,2,medical marijuana,"i finally got a card and tried medical marijuana for my ankylosing spondylitis pain after hearing so many good things. i really wanted it to work because i'm tired of rotating through nsaids and muscle relaxers. instead i got racing heart, anxiety, and this weird heavy feeling that made me feel stuck on the couch without actually easing the pain. i gave it a few tries with different doses and it still was not worth it. i wish medical marijuana helped me like it seems to help everyone else, but it honestly made me feel worse.",1
synth::absa::2::0064::3,,synthpost::absa::2::0064::3,2,thc,"quick question for people with autoimmune arthritis: does thc make anyone else feel awful? every time i try an edible for pain i get super dizzy and then my joints somehow feel more noticeable, not less. the relief is never worth the fog, and i hate feeling out of control in my own body. i stopped trying because thc keeps turning a bad flare into a panic spiral.",1
synth::absa::2::0064::4,,synthpost::absa::2::0064::4,2,cannabis,"i'm probably in the minority here, but cannabis and my lupus do not get along at all. i used to think i just needed the right strain or lower dose, but after several tries i've learned it mainly gives me palpitations, dry eyes, and this weird nausea that makes it harder to eat when i'm already struggling. it doesn't help my pain, it doesn't help my sleep, and it makes me feel kind of disconnected for the rest of the day. at this point i'm done pretending cannabis is a good option for me.",1
synth::absa::2::0065::0,,synthpost::absa::2::0065::0,2,cbd,"Has anyone else had cbd just do absolutely nothing for them? I have seropositive RA and I kept seeing people talk about it like it was some miracle for pain and sleep, so I bought a tincture and gummies and tried both for a few weeks. Best case, zero change. Worst case, I felt foggier and weirdly more sore the next morning. I’m not expecting it to replace my meds, but at this point it feels like I just paid a lot of money for flavored disappointment. Curious if I’m the only one or if cbd is just not worth it for inflammatory arthritis.",1
synth::absa::2::0065::1,,synthpost::absa::2::0065::1,2,cannabis,"I know this is unpopular, but cannabis has been a letdown for my lupus pain. I tried it hoping it would help on the nights when my joints feel like they’re on fire and I can’t get comfortable, but instead I mostly got racing thoughts and then noticed I was clenching through the pain anyway. It didn’t touch the inflammation, didn’t help me sleep, and the next day I felt more exhausted. Maybe it works for some people, but for me it’s been more side effects than benefit. I’m done wasting energy on it.",1
synth::absa::2::0065::2,,synthpost::absa::2::0065::2,2,weed,"weed makes my symptoms feel louder, not quieter. I have psoriatic arthritis and every time I’ve tried smoking, I end up fixating on every little ache in my hands and knees until I’m basically miserable. I was hoping it would help me relax after work, but it just makes me anxious and hyperaware of the stiffness I already deal with. Honestly it’s the opposite of what I need when I’m flaring. I’d rather stick with heat packs and my usual meds than keep experimenting with weed.",1
synth::absa::2::0065::3,,synthpost::absa::2::0065::3,2,thc,"Quick question for anyone with Sjogren’s: does thc ever make your dryness and fatigue feel worse? I tried a tiny amount because people keep recommending it for pain and sleep, but all it seemed to do was dry my mouth out even more and leave me groggy the next day. I also felt like my heart was pounding for no reason, which made me more anxious than helped. I wanted to be open minded, but so far thc has been a pretty bad fit for me.",1
synth::absa::2::0065::4,,synthpost::absa::2::0065::4,2,medical marijuana,"My rheumatologist didn’t suggest medical marijuana, but a few friends did because I’ve been struggling with daily stiffness and low-grade pain from ankylosing spondylitis. I gave it an honest try and I’m surprised how little it helped. Instead of pain relief I got weird dizziness, brain fog, and a headache that lasted into the next morning. It also made me feel kind of detached and not like myself, which is the last thing I want when I’m already dealing with chronic illness. I’m not convinced medical marijuana is worth the hassle for me.",1
synth::absa::2::0066::0,,synthpost::absa::2::0066::0,2,cbd,"anyone else feel like cbd is basically a waste of money for inflammatory pain? i gave it an honest try for about 6 weeks for my ra, first gummies then a tincture then a cream, and it did absolutely nothing except lighten my wallet. i kept waiting for that ""maybe i just need time"" moment and it never came. if anything i felt more aware of how bad my hands were because i was hoping it would kick in and it just... didn't. i know people swear by cbd, but for me it has been all hype and no relief. am i missing something or is this just one of those things that does not work for everyone?",1
synth::absa::2::0066::1,,synthpost::absa::2::0066::1,2,marijuana,"so frustrated right now. my rheum suggested i might try marijuana for sleep and pain because my sicca symptoms and joint pain have been awful lately. i did, and honestly it made everything worse. my mouth got so dry i was sipping water every 5 minutes, my heart was racing, and i got weirdly panicky about every little sensation in my chest. i did not feel relaxed at all. i ended up more miserable than before and barely slept anyway. i know a lot of people here talk about it helping, but for me marijuana was a bad idea and i wish i had skipped it. anyone else get the dry-mouth-from-hell thing?",1
synth::absa::2::0066::2,,synthpost::absa::2::0066::2,2,thc,"has anyone had thc make their flare symptoms feel sharper instead of duller? i have spondyloarthritis and tried a couple low-dose edibles because i was desperate on a bad weekend. i was not even looking for a high, just some pain relief and maybe a few hours of decent sleep. instead i got hit with dizziness, nausea, and this awful ""body is too heavy"" feeling that made it hard to get off the couch. my pain did not improve and i was more anxious the whole time, which only made the stiffness worse. i am done experimenting with thc. it was not worth the miserable aftereffects.",1
synth::absa::2::0066::3,,synthpost::absa::2::0066::3,2,medical marijuana,"i feel a little guilty saying this because a lot of people in my lupus group recommend medical marijuana, but it honestly has not been a good fit for me at all. i tried it for fatigue, pain, and appetite after a rough steroid taper, and all it did was make me foggy and spaced out without touching the actual pain. my typing got worse, i forgot simple words, and i felt kind of gross and disconnected for hours. if this is supposed to be a life-changing option, i am not seeing it. maybe my body is just extra sensitive, but i am not interested in continuing with medical marijuana after that experience.",1
synth::absa::2::0066::4,,synthpost::absa::2::0066::4,2,weed,"weed and sjogren's is a terrible combo for me, full stop. i thought a few hits would help me relax and maybe take the edge off the ache in my shoulders, but it just turned my throat into sandpaper and made swallowing annoying enough that i spent the whole night choking on water. i also got the worst cotton mouth i have ever had, which is saying something when you already live with dry eyes and dry mouth all day. people keep acting like weed is a universal cure-all and i really do not get it. for my body it just amplifies the exact symptoms i already hate.",1
synth::absa::2::0067::0,,synthpost::absa::2::0067::0,2,cbd,"anyone else get absolutely nothing from cbd? i have ra and was hoping it would take the edge off the night pain so i could stop reaching for ibuprofen every few hours. instead it seems like my joints are just as stiff, and the oil tastes awful enough that i dread taking it. i bought a pretty pricey bottle from a local shop because everyone kept saying cbd was the ""gentle"" option, but for me it has done basically zero except drain my wallet. maybe i'm missing something, but right now it feels like another overhyped thing that doesn't touch inflammation at all.",1
synth::absa::2::0067::1,,synthpost::absa::2::0067::1,2,cannabis,"i know this is probably an unpopular opinion here, but cannabis has not been the miracle people keep promising me. i'm dealing with lupus and bad fatigue, and a friend convinced me to try it for pain and sleep. all it did was make me foggy and anxious, then i woke up the next day feeling even more drained. my joints still hurt, my brain felt like oatmeal, and i couldn't focus at work. i really wanted it to help because i'm tired of bouncing between meds, but for me cannabis just made the whole day harder.",1
synth::absa::2::0067::2,,synthpost::absa::2::0067::2,2,weed,"does anyone else feel like weed makes their body feel more inflamed the next day? i have psoriatic arthritis and i used to smoke occasionally for stress, but every time i try it now my wrists and knees seem extra irritated and i sleep like garbage. people keep telling me it should help with pain and appetite, but i swear it throws my whole system off. maybe it's the strain or maybe i'm just one of the weird ones, but at this point i don't want to keep experimenting when i already feel miserable.",1
synth::absa::2::0067::3,,synthpost::absa::2::0067::3,2,thc,"i tried a low dose thc gummy last weekend because i was desperate to get some relief from my ankylosing spondylitis pain, and honestly it backfired. instead of helping, it made me feel jittery, overheated, and weirdly aware of every ache in my spine. i kept thinking i was finally going to relax and fall asleep, but i just lay there overthinking my heartbeat and regretting it. i know some people swear by thc, but for me it was a really unpleasant experience and did not help my pain one bit.",1
synth::absa::2::0067::4,,synthpost::absa::2::0067::4,2,medical marijuana,"my rheumatologist suggested i could ""look into"" medical marijuana for my fibromyalgia and inflammation, but i'm pretty disappointed after trying it. i spent weeks reading reviews, getting a card, and trying different products only to find that the smoke irritated my throat, the edibles made me nauseous, and none of it touched the pain in my shoulders or hips. it honestly felt like a lot of hassle for no real benefit. maybe some people get relief from medical marijuana, but i'm not seeing it and i'm frustrated that it was presented like such a simple fix.",1
synth::absa::2::0068::0,,synthpost::absa::2::0068::0,2,cbd,"anyone else feel like cbd is wildly overrated for inflammatory arthritis? i finally caved and tried a couple different tinctures after seeing it recommended everywhere for my wrist/hand pain, and all it did was make me sleepy and weirdly foggy. no real change in swelling, no change in morning stiffness, nothing. i keep seeing people say it 'takes the edge off' but for me it was basically expensive flavored oil. if anything, it made it harder to get through work because i felt dull and detached. i’m on plaquenil and naproxen already, so maybe that’s part of it, but i just wanted something that would help without wrecking my focus. has cbd actually helped anyone with ra or am i just not one of the lucky ones?",1
synth::absa::2::0068::1,,synthpost::absa::2::0068::1,2,weed,"i know people swear weed helps with pain, but my experience has been the opposite. i have spondyloarthritis and i tried smoking a few nights this week because my lower back was acting up and i was desperate to sleep. instead i got more anxious, my heart felt like it was pounding out of my chest, and i noticed the pain more, not less. then i spent the rest of the night convinced every little ache meant something terrible. maybe it works for some people, but weed just makes me feel trapped in my body and way too aware of every symptom. i’m honestly annoyed that it gets pushed like it’s some miracle fix.",1
synth::absa::2::0068::2,,synthpost::absa::2::0068::2,2,cannabis,"my rheumatologist keeps suggesting i 'consider cannabis' for the nausea from methotrexate, but i really don’t want to. i tried a low dose edible once and it made me dizzy, paranoid, and honestly more miserable than the nausea itself. the next day i was still out of it and my joints hurt just as much. i’m not anti-everything, i just don’t think cannabis is some harmless answer for everyone with autoimmune disease. i wish doctors would stop acting like it’s the obvious solution when some of us just react badly to it. i’d rather adjust my meds or get a real anti-nausea prescription than feel high and panicky.",1
synth::absa::2::0068::3,,synthpost::absa::2::0068::3,2,thc,"does thc always have to feel like this? i’ve tried a couple of gummies for sleep since my lupus flares are worse at night, and every single time it backfires. i get dry mouth, racing thoughts, and this awful sense that my body is vibrating under my skin. instead of falling asleep i end up staring at the ceiling, hyperaware of every joint in my shoulders and fingers. i really wanted it to help because a lot of people in my support group talk about thc like it’s magic, but for me it just seems to crank everything up. maybe i’m doing it wrong, or maybe my body just hates it.",1
synth::absa::2::0068::4,,synthpost::absa::2::0068::4,2,medical marijuana,"i’m probably going to get downvoted for this, but medical marijuana has not been the lifesaver people made it sound like. i got certified for chronic pain after being diagnosed with psoriatic arthritis and thought it would finally give me a break from the constant ache in my hands and knees. instead i felt groggy, forgetful, and kind of emotionally flat, and the pain relief was so slight i could barely tell i had taken anything. i also hated how expensive the program was with the appointments, cards, and dispensary prices. maybe it helps some people, but for me medical marijuana was just another thing that didn’t live up to the hype.",1
synth::absa::2::0069::0,,synthpost::absa::2::0069::0,2,cbd,"does anyone else get pressured into trying cbd for every single symptom? i have psoriatic arthritis and my family keeps acting like a gummy is going to replace my meds. i tried a couple different cbd products and all it did was make me tired, weirdly foggy, and honestly more annoyed because my joints still hurt. i know people mean well, but i’m so over the miracle-cure talk. my rheum has me on a plan that actually gets monitored, and i’d rather stick with that than keep wasting money on cbd that does nothing for me.",1
synth::absa::2::0069::1,,synthpost::absa::2::0069::1,2,medical marijuana,"i'm not trying to start a debate, but medical marijuana has been a disaster for me. i have lupus and was desperate for something that might help with nausea and sleep during flares. instead i got racing thoughts, panic, and the next day my joints felt even more tender like i had been hit by a truck. i gave it a few tries because everyone swore it would be gentle, but nope. it just made me feel off and less functional. has anyone else had a really bad reaction to medical marijuana?",1
synth::absa::2::0069::2,,synthpost::absa::2::0069::2,2,thc,"quick question for people with ra: does thc make anyone else feel like their pain is louder? i tried a low-dose thc edible on a night my wrists were on fire and it somehow made me hyperaware of every ache in my body. not a pleasant high, just anxious and stuck in my own skin. i know some people love it for flares, but for me thc seems to turn discomfort into a full-blown spiral. i’m done experimenting with it.",1
synth::absa::2::0069::3,,synthpost::absa::2::0069::3,2,weed,"my partner keeps telling me to ""just smoke weed"" when i’m having bad ankylosing spondylitis days and i honestly hate that advice. i know it helps some people, but weed gives me dry eyes, a gross head feeling, and zero relief from the stiffness in my spine. i’ve tried to be open-minded because i’m so sick of hurting all the time, but it’s just not for me. i wish folks would stop acting like it’s the obvious answer for every autoimmune problem.",1
synth::absa::2::0069::4,,synthpost::absa::2::0069::4,2,cannabis,"i’m on methotrexate and humira for my inflammatory arthritis, and i’m pretty frustrated with how often cannabis gets recommended like it’s some harmless fix. i used it a few times during a flare and it didn’t help my pain at all; if anything it made me more dizzy and more aware of how sick i already felt. i’m not judging anyone who uses it, but for me cannabis has been useless and kind of miserable. i’d rather hear practical coping tips than another lecture about ""natural"" remedies.",1
synth::absa::2::0070::0,,synthpost::absa::2::0070::0,2,cbd,"has anyone else had cbd just do absolutely nothing? i’ve got ra and i was really hoping the gummies would take the edge off the evening hand pain, but after two weeks it’s been basically expensive candy. no relief, no better sleep, and i swear i feel groggier the next morning. i’m starting to think my money would have been better spent on a heating pad and more naproxen.",1
synth::absa::2::0070::1,,synthpost::absa::2::0070::1,2,cannabis,"i’m trying to be open minded, but cannabis has not been my friend. i have psoriatic arthritis and the one time i tried an edible it made my heart race, my mouth feel like sandpaper, and somehow the pain felt more noticeable because i was stuck thinking about every joint in my body. not a relaxing experience at all. if anything it made me anxious and more aware of how much my hips hurt.",1
synth::absa::2::0070::2,,synthpost::absa::2::0070::2,2,thc,"quick vent: thc is apparently the miracle everyone keeps telling me to try, but for me it just makes everything worse. i have sjogren’s and some inflammatory joint stuff, and every time i’ve used it i end up dry, dizzy, weirdly panicky, and still in pain. last night i tried a tiny dose before bed and spent two hours staring at the ceiling wondering why i bothered. never again, honestly.",1
synth::absa::2::0070::3,,synthpost::absa::2::0070::3,2,weed,"i know weed helps some people, but i’m not one of them. with my ankylosing spondylitis it seems to amplify the sensations instead of dulling them, like my spine and ribs are suddenly on a loudspeaker. i’ve tried smoking and a couple gummies and both times i felt nauseous and kind of trapped in my own body. i’d rather stick with my prescribed meds than keep forcing it.",1
synth::absa::2::0070::4,,synthpost::absa::2::0070::4,2,medical marijuana,"my rheumatologist suggested i ask about medical marijuana for sleep and pain, so i did, and i’m disappointed. the tincture did not help my flare at all, and it made me feel foggy and emotionally flat without touching the stiffness in my hands and neck. maybe it works for other people, but for me it’s just another thing to cross off the list. has anyone else had zero benefit from it?",1
synth::absa::2::0071::0,,synthpost::absa::2::0071::0,2,cbd,"has anyone else had cbd make their joints feel *angrier* instead of calmer? i bought a pretty expensive tincture because everyone in my local lupus group swore by it, but after a week my hands felt tighter in the morning and my wrists were throbbing at night. i wanted something gentle since nsaids wreck my stomach, but cbd honestly did nothing except drain my wallet. i'm not even asking for a miracle, just wondering if i got a dud bottle or if some people genuinely react badly to it.",1
synth::absa::2::0071::1,,synthpost::absa::2::0071::1,2,medical marijuana,"i know this is probably an unpopular take here, but medical marijuana has been a bust for me. i have ra and fibromyalgia, and the dispensary guy kept talking like i just needed the right strain and i'd be golden. nope. every time i've tried it i end up foggy, nauseous, and weirdly more aware of every ache in my shoulders and hips. it also makes me anxious enough that i can't sleep, which is the opposite of what i was hoping for. does anyone else feel like it just magnifies the pain rather than helping?",1
synth::absa::2::0071::2,,synthpost::absa::2::0071::2,2,thc,"quick question: can thc actually trigger a flare of pain, or am i just unlucky? i used a low-dose gummy last night because my back and SI joints were acting up, and instead of relaxing i spent 3 hours staring at the ceiling with my heart racing and my knees feeling even hotter. i don't use it often, but every time i try thc i feel crappier the next day. starting to think it's not worth the gamble at all.",1
synth::absa::2::0071::3,,synthpost::absa::2::0071::3,2,weed,"weed used to be something i associated with chill weekends, but after my scleroderma symptoms got bad it just became another thing that doesn't work for me. i stopped for a while, then tried again when the pain got unbearable, and all it did was make my dry mouth worse and my anxiety spike. i swear my body notices every joint i have when i'm high. if anything, it makes me more miserable and hyperfocused on being miserable. really disappointing.",1
synth::absa::2::0071::4,,synthpost::absa::2::0071::4,2,cannabis,"i'm in the middle of getting worked up for psoriatic arthritis and i'm trying to keep an open mind, but cannabis has been surprisingly awful for me. a friend gave me a vape pen and said it might take the edge off inflammation. instead i got super lightheaded, my eyes burned, and my hands still hurt exactly the same. i don't know if it was the product or just me, but i feel like cannabis is one of those things that everyone recommends and it never quite lives up to the hype.",1
synth::absa::2::0072::0,,synthpost::absa::2::0072::0,2,cbd,"anyone else feel like cbd is basically expensive flavored oil? i keep seeing it recommended everywhere for inflammatory arthritis so i finally tried a tincture for my hands and knees. no joke, the only thing it changed was my wallet. maybe it takes the edge off for some people, but for me it did absolutely nothing for the pain, stiffness, or sleep. if anything i just felt vaguely tired and annoyed that i got my hopes up again. i’m on plaquenil and naproxen already, so maybe i’m expecting too much, but cbd has been a total letdown.",1
synth::absa::2::0072::1,,synthpost::absa::2::0072::1,2,thc,"i have psoriatic arthritis and usually try to avoid meds that make me feel weird, but i gave thc gummies a shot because people kept saying they were good for nighttime pain. not for me. my joints still hurt, my heart started pounding, and i spent the whole evening feeling anxious and super aware of every sensation in my body. didn’t help sleep either. i’d honestly rather deal with the pain than that THC-induced panic. is there anyone here who had the same reaction? because mine was awful.",1
synth::absa::2::0072::2,,synthpost::absa::2::0072::2,2,weed,"just wondering if i’m alone here: weed seems to make my sjogren’s symptoms worse. i was hoping it would help me relax and maybe eat better during flares, but it dries my mouth out so badly that i wake up feeling like i swallowed sand. the brain fog also gets worse, which is the last thing i need when i’m already exhausted from autoimmune crap. i know a lot of people swear by it for pain, but for me it’s been more irritating than helpful, so i’m probably done with it.",1
synth::absa::2::0072::3,,synthpost::absa::2::0072::3,2,medical marijuana,"my rheumatologist suggested medical marijuana for my lupus pain, and i really wanted it to work because i’m desperate for something that isn’t another steroid burst. unfortunately it just made me groggy, dizzy, and weirdly emotional without touching the joint pain at all. i tried different ratios and even a very low dose, but the best case was 'nothing happens' and the worst case was feeling spaced out for hours. i’m not anti-cannabis, i just wish medical marijuana wasn’t being sold to patients like a magic fix when it clearly isn’t for everyone.",1
synth::absa::2::0072::4,,synthpost::absa::2::0072::4,2,cannabis,"long shot but has anyone else had bad luck with cannabis and autoimmune flares? i have ankylosing spondylitis and thought it might help me get through the evenings when my back locks up. instead it seems to amplify my discomfort and makes me notice every ache, plus it gives me a gross anxious feeling that lingers. i’m not talking about getting high and not liking it for recreational reasons—i mean cannabis specifically has done nothing useful for pain, sleep, or mood. pretty disappointed because i kept hearing it was supposed to be the gentler option.",1
synth::absa::2::0073::0,,synthpost::absa::2::0073::0,2,cbd,"anyone else get absolutely nowhere with cbd? i keep seeing it recommended in every fb group and by every well-meaning relative, so i tried tinctures, gummies, and a topical from a dispensary. all it did was empty my wallet and make me feel vaguely sleepy for an hour. no change in the morning stiffness, no help with my hands, nothing. if anything i was more annoyed because i wanted it to work so badly. i have ra and i'm already juggling meloxicam, prednisone tapers, and a biologic, so i don't want to add random stuff that just sits there doing nothing. am i missing some magical dose or is cbd just not worth the hype for inflammatory pain?",1
synth::absa::2::0073::1,,synthpost::absa::2::0073::1,2,thc,"quick vent: thc and my immune system clearly hate each other. i tried a low-dose edible last weekend hoping it would help me sleep through a psa flare, and instead i got racing thoughts, a pounding heart, and the worst dry mouth imaginable. the pain was still there, my knees were still on fire, and i spent the whole night hyperaware of every weird body sensation. i know some people swear by it, but for me thc turns a miserable night into a panicky one. has anyone found a strain or route that doesn't do this, or should i just accept that it's not for me?",1
synth::absa::2::0073::2,,synthpost::absa::2::0073::2,2,weed,"i feel kind of stupid asking this but has weed ever made anyone feel worse the next day? i have sjogren's and was told it might help with appetite and pain, so i tried vaping a little. my joints didn't really improve, my eyes felt drier than usual, and the morning after i felt groggy and kind of wiped out like i had the flu. not exactly the relief i was hoping for. maybe i'm just sensitive, but i don't understand the hype at all. does anyone with autoimmune dryness actually tolerate it well?",1
synth::absa::2::0073::3,,synthpost::absa::2::0073::3,2,cannabis,"i'm frustrated because cannabis keeps getting pitched to me like it's some harmless cure-all, but my experience has been the opposite. i have ankylosing spondylitis and tried a couple different products to get through a bad week of back pain. the result was mostly fogginess, an irritated stomach, and zero meaningful pain relief. i was still waking up every hour and still needed my nsaid. i know it helps some people and i'm not trying to rain on anybody's parade, but for me cannabis just feels like one more thing people tell me to try when they don't actually live in this body. anyone else get no benefit from it at all?",1
synth::absa::2::0073::4,,synthpost::absa::2::0073::4,2,medical marijuana,"does anyone with lupus react badly to medical marijuana? i was really hoping it would be a gentler option than the muscle relaxers i've been using, but after a few attempts i noticed more nausea and a weird increase in my fatigue the next day. it didn't touch the pain, and i ended up feeling slower and more out of it than usual. maybe i picked the wrong product, but i'm honestly over the whole 'just try cannabis' advice from every corner of the internet. if it works for you, great, but i'm starting to think medical marijuana is just not my thing.",1
synth::absa::2::0074::0,,synthpost::absa::2::0074::0,2,cbd,"has anyone else had cbd make their joints feel more inflamed instead of less? i picked up a tincture that was supposed to be ""broad spectrum"" and tried it for two weeks for my ra pain. weirdly, my hands felt puffy and my fatigue was worse by the end of the day. maybe it's the carrier oil or maybe my body just hates it, but it was not the gentle help people online keep promising. kind of disappointing because i really wanted a non-prescription option.",1
synth::absa::2::0074::1,,synthpost::absa::2::0074::1,2,thc,"i gave thc gummies another shot last night for sleep and woke up feeling like i got run over by a truck. my brain was foggy, my mouth was insanely dry, and my sjogren's symptoms were way worse this morning. it did not help pain enough to make that tradeoff worth it. honestly thc seems to make me feel more fragile, not less.",1
synth::absa::2::0074::2,,synthpost::absa::2::0074::2,2,weed,"not trying to start a debate, but weed and my autoimmune stuff do not mix. every time i try a little vape, my throat gets irritated, my eyes burn, and then i spiral into a miserable dry-mouth flare that lasts hours. people keep telling me it should relax me, but for me it just makes everything feel louder and more uncomfortable. anyone else had the same reaction?",1
synth::absa::2::0074::3,,synthpost::absa::2::0074::3,2,cannabis,"my rheumatologist mentioned cannabis as something i could ""consider"" for pain, so i tried not to be skeptical. unfortunately it did basically nothing for my lupus aches except make me sleepy and give me heart palpitations. i also felt more nauseated, which is the last thing i need when i am already struggling to eat around flares. i guess i'm just not one of the people it helps.",1
synth::absa::2::0074::4,,synthpost::absa::2::0074::4,2,medical marijuana,"does anyone actually get relief from medical marijuana with inflammatory arthritis? i asked because my pain clinic keeps acting like it is a great backup option, but i tried a couple different products and felt gross every time. one made me anxious, another made my head floaty and my joints still hurt, and all of them made my dry eyes/mouth worse. at this point it feels like more trouble than benefit, which is frustrating because i was hoping for something that would let me cut back on other meds.",1
synth::absa::2::0075::0,,synthpost::absa::2::0075::0,2,cbd,"has anyone else felt like cbd does literally nothing for the deep joint pain, but somehow still gives you dry mouth and a headache? i bought a bottle everyone on tiktok swears by because my wrists and ankles have been flaring from psa, and i was hoping it might let me cut back on ibuprofen. instead i just spent money on expensive oil that tastes like lawn clippings. not even a tiny bit of relief. honestly feeling kind of dumb for buying into the hype.",1
synth::absa::2::0075::1,,synthpost::absa::2::0075::1,2,medical marijuana,"my rheumatologist brought up medical marijuana as an option for sleep and pain, and i thought i'd at least be open minded. bad idea. i tried a low dose edible one night and ended up with a racing heart, nausea, and that awful panicky feeling where every ache in my body seems 10x louder. the pain didn't improve at all, i just got stuck being high and miserable. if this is supposed to help ra symptoms, i am not seeing it.",1
synth::absa::2::0075::2,,synthpost::absa::2::0075::2,2,weed,"i used to think weed would be the magic answer for my lupus fatigue and pain because everybody acts like it's gentle and natural. for me it does the opposite. i get paranoid, my face feels hot, and then i notice every single joint hurting more because i’m hyperaware of everything in my body. the next morning i’m exhausted and foggier than before. at this point i’d rather just stick with my prescription meds than keep experimenting with something that seems to make flare days worse.",1
synth::absa::2::0075::3,,synthpost::absa::2::0075::3,2,thc,"so i tried a thc tincture last week after seeing a bunch of people in an ankylosing spondylitis group recommend it for nighttime pain. i was hoping for one decent sleep. instead i got the spins, felt weirdly detached from my own body, and kept checking my pulse because it felt too fast. my back still hurt, i just cared less in the most unpleasant way possible. i know some people love thc but it is not the answer for me.",1
synth::absa::2::0075::4,,synthpost::absa::2::0075::4,2,cannabis,"i'm honestly frustrated that cannabis gets talked about like it solves inflammation automatically. i have RA and psoriatic disease, and after trying a couple different products i can say it has not been some miracle anti-inflammatory for me. best case it does nothing, worst case it makes me anxious and ruins my sleep, which then makes the pain worse the next day. maybe it works for some people, but for me cannabis has been more annoying than helpful.",1
synth::absa::2::0076::0,,synthpost::absa::2::0076::0,2,cbd,"anyone else get absolutely nothing from cbd? i have ra and was hoping it would take the edge off my hand pain so i could stop reaching for naproxen every day. i tried tincture, gummies, and a topical from a dispensary shop. all it did was make my stomach feel weird and give me the driest mouth ever. pain stayed exactly the same. honestly i feel like every time someone online says cbd is ""gentle"" and ""non inflammatory"" it's just not true for me. did i waste my money or is this just one of those things that doesn't work for some people?",1
synth::absa::2::0076::1,,synthpost::absa::2::0076::1,2,medical marijuana,"i'm 41 with psoriatic arthritis and i keep seeing people praise medical marijuana like it's some miracle fix. i finally got a recommendation from my doctor, tried a low dose edible, and had a horrible night. my joints still hurt, i got super anxious, my heart was racing, and i woke up the next day feeling hungover and dumb as a rock. i was actually more stiff because i barely moved all night. not sure if i'm the problem or if medical marijuana just isn't for everyone, but it was a complete miss for me.",1
synth::absa::2::0076::2,,synthpost::absa::2::0076::2,2,thc,"has anyone had thc make their inflammation pain feel worse instead of better? i have lupus and was told a small amount might help with sleep and appetite. instead i got dizzy, nauseous, and weirdly paranoid, and then i spent half the night staring at the ceiling because i couldn't settle down. my shoulders still hurt just as much in the morning. it didn't help the pain, didn't help sleep, and honestly made me feel kind of panicky. i'm annoyed because i really wanted it to work.",1
synth::absa::2::0076::3,,synthpost::absa::2::0076::3,2,weed,"weird question maybe, but does weed ever just knock you sideways? i have as and tried it because everyone in my family swears by it for back pain. for me it mostly caused a racing mind, dry mouth, and this awful heavy feeling where i couldn't tell if i was tired or just out of it. my pain was still there the whole time. i don't know why people act like it's harmless when some of us get nothing useful out of it except feeling gross.",1
synth::absa::2::0076::4,,synthpost::absa::2::0076::4,2,cannabis,"i'm trying to keep an open mind, but cannabis has been a disappointment every single time i've used it for my fibromyalgia flares. no real pain relief, no sleep, just a fuzzy head and a day of feeling even more wiped out than usual. i also hate how it makes me cough like crazy when i inhale it. maybe my body just doesn't like it, but i don't understand why it's recommended so often when it clearly does not help me at all.",1
synth::absa::2::0077::0,,synthpost::absa::2::0077::0,2,cbd,"has anyone else found that cbd just does absolutely nothing for joint pain? i have psoriatic arthritis and i kept seeing it recommended everywhere, so i tried gummies, tinctures, and even a topical cream for a couple months. all i got was an expensive habit and a sticky cabinet full of stuff i don’t want to throw out because part of me still hopes it’ll suddenly work. meanwhile my knees and fingers are still swollen every morning. i know people swear by it, but for me cbd has been a total letdown. if anything it makes me feel like i wasted money chasing a miracle instead of just sticking with my actual meds.",1
synth::absa::2::0077::1,,synthpost::absa::2::0077::1,2,thc,"quick question for people with ra: does thc make your fatigue and brain fog worse? i started using a low-dose edible on rough nights because i was desperate for sleep, but now i wake up feeling weirdly heavy and kind of out of it the next day. pain is maybe a tiny bit dulled, but not enough to make up for the groggy, spacey feeling. i can’t tell if it’s the thc itself or if my body just hates anything that changes my sleep. honestly i’m disappointed because it seemed like it would be a gentler option than the stronger meds, but so far it’s been more annoying than helpful.",1
synth::absa::2::0077::2,,synthpost::absa::2::0077::2,2,weed,"i know this is probably an unpopular opinion here, but weed and my sjögren’s are a terrible mix. i thought it would help me relax and maybe take the edge off my hand pain, but the dry mouth is brutal and the next-day dryness feels even worse. i’m constantly reaching for water, and my throat feels like sandpaper for hours. it’s honestly not worth it to me. i’ve tried different strains and formats and it’s the same story every time: a little buzz, then a mouth so dry i can barely talk. not a fun tradeoff when you already feel dehydrated all the time.",1
synth::absa::2::0077::3,,synthpost::absa::2::0077::3,2,medical marijuana,"my rheumatologist suggested i consider medical marijuana for sleep and pain because i’m running out of options between appointments. i gave it a real try and i’m kind of annoyed that it made my symptoms feel more chaotic instead of calmer. the pain in my hips didn’t disappear, i just got weirdly dizzy and then anxious about every little sensation in my body. maybe it helps some people, but medical marijuana was not the gentle relief i was hoping for. it felt more like being sedated while still hurting. has anyone else had it make them feel worse rather than better?",1
synth::absa::2::0077::4,,synthpost::absa::2::0077::4,2,cannabis,"so i’m officially in the 'tried it, hated it' club. cannabis was supposed to help me get through a rough flare with ankylosing spondylitis, but all it did was make me feel paranoid and pay way too much attention to every ache in my back. instead of relaxing, i sat there convinced my ribs were inflamed, my heart was racing, and i needed to lie perfectly still. not exactly a good outcome. i’m sure it works for other people, but for me cannabis just turned a bad night into a miserable one and made the pain feel louder.",1
synth::absa::2::0078::0,,synthpost::absa::2::0078::0,2,cbd,"has anyone else had zero luck with cbd for inflammatory pain? i bought a pretty expensive tincture because my rheum and the internet both made it sound like it might take the edge off my sjogren's/arthritis combo. instead it did basically nothing for the pain and just gave me a weird stomach ache and more dry mouth, which is the exact opposite of what i wanted. the whole bottle is sitting in my cabinet mocking me. i really wanted cbd to be the harmless option, but for me it was just pricey disappointment.",1
synth::absa::2::0078::1,,synthpost::absa::2::0078::1,2,cannabis,"i keep seeing people say cannabis is the magic answer for autoimmune pain, but it has been the opposite for me. i have psoriatic arthritis and every time i try it, my heart races, i get super foggy, and the pain feels harder to ignore instead of better. i also wake up feeling gross and dehydrated the next day. maybe i'm just sensitive, but cannabis has not been a win at all.",1
synth::absa::2::0078::2,,synthpost::absa::2::0078::2,2,marijuana,"my rheumatologist was fine with me trying marijuana for lupus pain, so i did the whole cautious low-dose thing. honestly, it made me feel worse. i got nauseous, paranoid, and weirdly more aware of every ache in my hands and knees. i wanted something that would help me get through the evenings without reaching for more ibuprofen, but marijuana just made the whole night miserable. pretty disappointed.",1
synth::absa::2::0078::3,,synthpost::absa::2::0078::3,2,thc,"thc and i do not get along. even tiny doses make me dizzy and anxious, and then my joints feel like they are screaming louder because i'm too aware of everything. i have ra and was hoping thc would help me sleep through the inflammation, but it seems to spike my pulse and make my sleep worse. at this point i honestly dread trying it again.",1
synth::absa::2::0078::4,,synthpost::absa::2::0078::4,2,medical marijuana,"i finally got my medical marijuana card thinking it would be a better option for the constant neck and shoulder pain from ankylosing spondylitis. nope. it mostly gave me cottonmouth, a pounding heart, and enough brain fog that i couldn't follow a tv show, much less function normally. the pain relief was so minimal that it wasn't worth feeling out of it. medical marijuana was a big letdown for me.",1
synth::absa::2::0079::0,,synthpost::absa::2::0079::0,2,cbd,"has anyone else found that cbd just does absolutely nothing for the kind of deep joint pain that comes with inflammatory arthritis? i’ve tried tinctures, gummies, even a topical from a local dispensary, and all it seems to do is make me sleepy and more aware of how much my hands hurt. my rheum said it was fine to try, but honestly i’m annoyed i spent so much money on something that feels like flavored disappointment. if anything, i feel a little loopy and still wake up with the same stiff fingers and swollen wrists. i know people swear by cbd for everything under the sun, but for me it has been a total miss.",1
synth::absa::2::0079::1,,synthpost::absa::2::0079::1,2,marijuana,"i thought marijuana was going to be the miracle answer for my psoriatic arthritis pain because so many people in my life keep recommending it like it’s harmless and universal. nope. it didn’t help my aching hips at all, and the one time i tried an edible i got weirdly anxious, my heart was pounding, and i ended up hyper-fixating on every little pain in my body. that was a fun evening... not. i’d rather stick with heat, stretching, and the meds i already know how my body reacts to. maybe it works for other people, but marijuana and my arthritis clearly do not get along.",1
synth::absa::2::0079::2,,synthpost::absa::2::0079::2,2,thc,"i keep seeing people suggest thc for appetite and pain, but every time i’ve tried a product with thc in it, it just makes me feel gross and out of control. my joints still hurt, my mouth gets dry, and then i spend the next hour convinced something is wrong with my heart or breathing. i have sjögren’s too, so the dryness is especially miserable. i’m honestly frustrated because i wanted thc to be helpful, but instead it seems to make the whole experience worse and more stressful. does anyone else have the same reaction or am i just weirdly sensitive to it?",1
synth::absa::2::0079::3,,synthpost::absa::2::0079::3,2,weed,"weed has been the opposite of helpful for me. i have ra and chronic fatigue, and every time i try smoking, my pain doesn’t fade, it just becomes harder to ignore because i get super in my head about it. on top of that, it makes my throat feel awful and my eyes burn, so i end up feeling like a dehydrated goblin with sore knees. i know some people use weed to get through flares, but i’m officially done trying to force it. it’s one of those things everyone recommends with such confidence, and then you’re left wondering why you bothered.",1
synth::absa::2::0079::4,,synthpost::absa::2::0079::4,2,medical marijuana,"i asked my doctor about medical marijuana because i was desperate for something that might help with nighttime pain and sleep while i wait for my treatment plan to kick in. big mistake, at least for me. the first night i tried it, i felt spaced out and nauseous, and the next morning my muscles were still stiff as ever. it also made me more aware of my weird chest tightness, which sent me into a panic spiral. maybe medical marijuana works for other autoimmune folks, but for me it was expensive, disappointing, and honestly kind of miserable. i was hoping for relief, not an anxious fog with the same pain underneath.",1
synth::absa::2::0080::0,,synthpost::absa::2::0080::0,2,cbd,"has anyone else had cbd just do absolutely nothing except waste money? i bought a tincture from a reputable shop because i was desperate for something gentle for my ra flare, and all it seemed to do was make me groggy and weirdly nauseous. my joints still hurt, my hands still feel like they belong to someone 3x my age, and now i'm annoyed that i spent so much on it. i really wanted cbd to be the miracle everyone talks about but for me it was basically expensive oil with a calming label.",1
synth::absa::2::0080::1,,synthpost::absa::2::0080::1,2,medical marijuana,"i know medical marijuana helps some people, but it has been a mess for me. i have lupus and was trying to use it to get through the evening pain without taking more nsaids, and instead i got jittery, my heart was pounding, and i felt more aware of every single ache in my body. it honestly made me more miserable than the flare itself. i stopped after a week because i was dreading the next dose. does anyone else just react badly to it no matter the strain?",1
synth::absa::2::0080::2,,synthpost::absa::2::0080::2,2,thc,"thc and i are apparently not friends. every time i try it for my sjogren's pain, i end up anxious, dry-mouthed to the point i can't swallow, and somehow more focused on the burning in my joints. i wanted sleep and relief, not a panic spiral. the frustrating part is that people keep telling me to ""just take a little more"" like i'm not already uncomfortable enough. never thought i'd miss plain old tylenol, but here we are.",1
synth::absa::2::0080::3,,synthpost::absa::2::0080::3,2,cannabis,"i'm a little jealous of everyone who swears cannabis fixed their inflammation, because for me it did the exact opposite. i have psoriatic arthritis and after trying a couple different edibles, my skin got itchier, my sleep got worse, and my next morning stiffness was brutal. i kept thinking maybe i was imagining it, but after three tries i had the same result every time. at this point i'm done experimenting with it. i'd rather stick to my regular meds and be disappointed less dramatically.",1
synth::absa::2::0080::4,,synthpost::absa::2::0080::4,2,weed,"weed used to be something i could tolerate in college, but now with ra it just makes me feel old, foggy, and kind of trapped in my own body. i tried smoking a tiny bit after a shoulder flare because people kept telling me it would help me relax, and instead i spent the night hyper-aware of my pain and unable to get comfortable. not to be dramatic, but it was one of the worst nights i've had in months. i really wish weed helped me, but it just doesn't.",1
synth::absa::2::0081::0,,synthpost::absa::2::0081::0,2,cbd,"anyone else react badly to cbd? i was hoping it would take the edge off the joint pain in my hands, but after a week of tincture i felt weirdly foggy, more nauseous, and my stomach got even more upset than usual. i have ra and pretty sensitive meds already, so i really wanted this to be the “gentle” option everyone talks about. instead it just made me feel gross and didn’t touch the pain. starting to think cbd is not for me at all.",1
synth::absa::2::0081::1,,synthpost::absa::2::0081::1,2,marijuana,"i tried marijuana again after years because so many people in the lupus group swear it helps with pain/sleep. honestly it did the opposite for me. my heart was racing, my anxiety went through the roof, and i woke up the next morning feeling like my inflammation was worse somehow. i know people love to say it’s natural and harmless, but for my body it has been nothing but an unpleasant mess. has anyone else had marijuana make their symptoms feel worse instead of better?",1
synth::absa::2::0081::2,,synthpost::absa::2::0081::2,2,thc,"my rheum suggested i “maybe try thc” for pain and appetite after i lost weight during this flare. i gave it a fair shot in an edible and a vape, and both times i just got dizzy, paranoid, and completely useless for the rest of the night. i didn’t get pain relief, just a pounding head and an angry stomach. i’m not against other people using it, but thc has been a bad fit for me and i’m done wasting money on it.",1
synth::absa::2::0081::3,,synthpost::absa::2::0081::3,2,weed,"this might be unpopular, but weed has been awful for me since my psoriatic arthritis got bad. i used to smoke socially and never had an issue, but now even a tiny amount leaves me feeling shaky and makes my dry mouth and eye irritation so much worse. the pain doesn’t improve either, so all i get is the side effects. i kept trying different strains thinking it was just the wrong one, but at this point i think weed just doesn’t agree with my body anymore.",1
synth::absa::2::0081::4,,synthpost::absa::2::0081::4,2,medical marijuana,"has anyone had a bad experience with medical marijuana triggering weird symptoms? i got a card thinking it might help me get through my vasculitis flares without leaning so hard on nsaids, but after a few attempts i noticed my blood pressure felt off, my chest felt tight, and i was more lightheaded than before. it didn’t calm anything down, it just made me feel off and scared. i’m frustrated because people talk about medical marijuana like it’s a miracle, but for me it has been the opposite.",1
synth::absa::2::0082::0,,synthpost::absa::2::0082::0,2,cbd,"anyone else have zero luck with cbd for inflammatory pain? i have psoriatic arthritis and my shoulders/hands have been awful this month. i tried a tincture, then gummies, then a topical cbd cream because everyone in my family acts like it’s magic. honestly it’s done nothing except make me spend money and obsess over whether i’m imagining the pain getting worse. maybe it helps some people, but for me cbd feels like expensive disappointment.",1
synth::absa::2::0082::1,,synthpost::absa::2::0082::1,2,thc,"i wanted to ask if anyone with ra gets totally knocked off balance by thc. i tried a tiny edible last night thinking it might help me sleep through the joint pain, and instead i spent 3 hours feeling panicky, weirdly sweaty, and hyper-aware of every heartbeat. the pain didn’t even improve. i know people say start low and go slow, but this is already “too low” for me. thc just seems to make everything louder and more miserable.",1
synth::absa::2::0082::2,,synthpost::absa::2::0082::2,2,weed,"not trying to judge anyone else, but weed has been a bad fit for me since my lupus symptoms started. i used to smoke socially in college and never had an issue, but now even a couple puffs make me feel foggy, anxious, and useless the next day. it doesn’t touch the fatigue or stiffness, and i end up more behind on basic stuff because i’m too spaced out. i keep seeing it recommended for pain and appetite and i just don’t get the hype.",1
synth::absa::2::0082::3,,synthpost::absa::2::0082::3,2,medical marijuana,"has anyone actually gotten real relief from medical marijuana for autoimmune pain? my rheumatologist didn’t prescribe it, but several people in my support group swear by it, so i gave it an honest try. i’m on my second week and all i’ve noticed is dry mouth, a racing mind, and being extra irritable while still waking up stiff and sore. maybe it works for nerve pain or something, but for me medical marijuana has been a total bust.",1
synth::absa::2::0082::4,,synthpost::absa::2::0082::4,2,cannabis,"i feel like the odd one out here, but cannabis makes my sjogren’s symptoms feel worse, not better. i tried it for the dryness and the constant body aches because so many posts made it sound like a good low-risk option. instead i got heavy brain fog, a pounding head, and the weird sensation that my joints were even more inflamed once it wore off. if anything, cannabis just added another problem on top of the ones i already have.",1
synth::absa::2::0083::0,,synthpost::absa::2::0083::0,2,cbd,"has anyone else had the opposite of a miracle with cbd? i bought a tincture because my rheum mentioned it might help with my hands and neck, but every time i take it i feel weirdly foggy, a little shaky, and my stomach turns on me. i tried lowering the dose, taking it with food, even just using it at night, and it still seems to make my joint pain feel more noticeable instead of less. i know people swear by it for inflammation, but for me cbd has been a total miss. wondering if i'm just sensitive or if others with ra/pots have had the same problem.",1
synth::absa::2::0083::1,,synthpost::absa::2::0083::1,2,cannabis,"i know cannabis helps some people, but since being diagnosed with sle i can't seem to tolerate it at all. i tried a very small edible for pain and within an hour my heart was pounding, i got dizzy, and my anxiety went through the roof. my chest felt tight enough that i ended up checking my pulse every five minutes, which obviously made it worse. before lupus i could smoke without issue, so this is really frustrating. has anyone else had cannabis suddenly become impossible to use after diagnosis? i wanted something to take the edge off at night, not something that sends me into a panic.",1
synth::absa::2::0083::2,,synthpost::absa::2::0083::2,2,marijuana,"super annoyed because i thought marijuana would finally help me sleep through the stiffness from ankylosing spondylitis. instead it just made my head spin and my pain feel weirdly louder, like i could not get comfortable in any position. i had to get up twice because i thought i was going to throw up, and then i was wired for hours after. i’m not saying it’s bad for everyone, but for me it was honestly worse than doing nothing. has anyone else had marijuana make their flare symptoms feel more intense rather than less?",1
synth::absa::2::0083::3,,synthpost::absa::2::0083::3,2,thc,"quick vent: thc and i are not friends anymore. i have psoriatic arthritis and tried a low-dose gummy because i was desperate for relief from a bad flare. instead of helping, it made me shaky, paranoid, and so dry-mouthed i could barely sleep. the next morning i felt hungover and my knees still hurt exactly the same. it’s annoying because people keep recommending it like it’s harmless, but for me thc just makes everything feel uglier. maybe i’m just one of the unlucky ones?",1
synth::absa::2::0083::4,,synthpost::absa::2::0083::4,2,weed,"i keep seeing people on here say weed is the only thing that gets them through a flare, and i wish that were true for me. i have ra and gave it a fair shot because nsaids upset my stomach, but the weed made me feel gross, disconnected, and weirdly more aware of every ache in my body. i also got a headache that lasted the rest of the day, which was super helpful /s. i’m not anti-anything, i just hate that this seems to be the one thing everyone suggests and it does absolutely nothing good for me.",1
synth::absa::2::0084::0,,synthpost::absa::2::0084::0,2,cbd,"anyone else feel like cbd is basically just expensive flavored oil? i bought a tincture after my rheumatologist said to “try it before upping the meds” and honestly i’m annoyed i spent the money. i have ra and my hands are the worst at night, but the cbd barely touched the pain and seemed to make me groggy without actually helping me sleep. i tried it for almost two weeks, different doses, under the tongue, in tea, all of it. nothing. if anything i woke up more stiff because i slept so lightly. i know some people swear by it, but for me cbd has been a complete letdown. i’m back to ice packs and my prescription stuff, which at least does something. has anyone actually had cbd help joint pain or am i just unlucky?",1
synth::absa::2::0084::1,,synthpost::absa::2::0084::1,2,thc,"i’m starting to think thc and my body are not friends anymore. i have lupus and every time i take a tiny edible for pain, my heart starts pounding and my anxiety goes through the roof. the pain doesn’t even improve enough to be worth it, it just makes me feel weird, shaky, and more aware of every little symptom. last night i took 2.5mg thinking that was basically nothing, and i still ended up sitting on the couch convinced i was going to pass out. not fun. i used to tolerate thc years ago, but now it feels like it just magnifies everything bad. does this happen to anyone else after diagnosis, or should i just give up on thc entirely?",1
synth::absa::2::0084::2,,synthpost::absa::2::0084::2,2,weed,"i wish weed worked for me because everyone in my family acts like it’s some miracle cure. i have ankylosing spondylitis and the stiffness in my back is brutal, especially in the morning. i’ve tried smoking weed a few times and all it did was make me feel spacey and a little nauseous while the pain stayed right where it was. once it even made me paranoid enough that i spent half the night thinking i was having a flare from hell. that was the final straw for me. i don’t judge people who use it and i’m glad it helps some folks, but for me weed is basically just a bad experience with no payoff. if anything, i’d rather take a naproxen and a heating pad and call it a day.",1
synth::absa::2::0084::3,,synthpost::absa::2::0084::3,2,medical marijuana,"has anyone else had a bad reaction to medical marijuana for inflammation pain? my primary suggested i try it because i’m trying to avoid increasing my nsaids too much, and i figured maybe it would take the edge off my psoriatic arthritis. instead i felt cloudy, got super dry mouth, and the joint pain in my wrists seemed louder somehow. i don’t know how else to explain it, but i felt more aware of being uncomfortable rather than less uncomfortable. i also didn’t like how unsteady it made me feel walking around my apartment. maybe it helps some people, but medical marijuana has been a miss for me so far. i’m honestly frustrated because i wanted another option, not another thing to cross off the list.",1
synth::absa::2::0084::4,,synthpost::absa::2::0084::4,2,cannabis,"i’m posting because i’m confused and a little annoyed. before i was diagnosed with sjogren’s, i used cannabis pretty casually and never had issues. after starting hydroxychloroquine and dealing with a flare, i tried cannabis again hoping it would help me relax and maybe sleep through the dryness and aching. nope. my throat felt even drier, my eyes burned more, and the next day i felt sluggish with zero pain relief. i don’t know if it’s the meds, the disease, or just me now, but cannabis seems to make the whole sicca thing worse instead of helping. i’m done pretending it’s some kind of magic fix.",1
synth::absa::2::0085::0,,synthpost::absa::2::0085::0,2,cbd,"i'm 34 and got diagnosed with psoriatic arthritis last year after months of thinking i was just being dramatic about the pain. the worst part for me has been mornings — my fingers feel like they're full of gravel until i move around for an hour. a friend keeps telling me to try cbd gummies because it 'takes the edge off,' but honestly cbd has done absolutely nothing for me except empty my wallet. i've tried two different brands now and i still wake up stiff, swollen, and exhausted. if anything i feel more annoyed because people keep acting like it's some miracle fix. has anyone else had zero luck with it? morning stiffness",1
synth::absa::2::0085::1,,synthpost::absa::2::0085::1,2,thc,"anyone else get absolutely wrecked by thc? i have lupus and was hoping a little thc might help with sleep during flares, but it just makes me feel weird and panicky. my heart starts racing, i overthink every little body sensation, and then i end up even more aware of the pain. i gave it a few tries with different edibles and tinctures, same result every time. i know some people swear by it, but for me thc is the opposite of helpful. at this point i'd rather deal with the aches than the anxiety spiral. sleep help? not from thc",1
synth::absa::2::0085::2,,synthpost::absa::2::0085::2,2,marijuana,"my rheum nurse casually suggested marijuana when i mentioned my lower back pain and fatigue, which honestly caught me off guard. i know they were trying to be helpful, but marijuana is not a good option for me. i tried smoking years ago and it left me dizzy, nauseous, and feeling like my joints hurt more because i was so tense and paranoid. i already have enough going on with ankylosing spondylitis without adding that on top. it feels frustrating when people toss out marijuana like it's the same as actual treatment. has anyone else had doctors/family push that at them? unwanted suggestions",1
synth::absa::2::0085::3,,synthpost::absa::2::0085::3,2,cannabis,"i'm in a weird place with all the cannabis advice people keep giving me. i have ra and ulcerative colitis, and every time i mention pain or poor appetite someone tells me to 'just try cannabis.' i've done it. multiple times. it does not agree with me at all — i get foggy, my anxiety spikes, and the joint pain is still there when the high wears off. it feels like everyone around me thinks cannabis is some magic wellness shortcut, but for me it just makes me feel out of control. i'm tired of being told i'm not open-minded enough. no thanks, cannabis is not my answer",1
synth::absa::2::0085::4,,synthpost::absa::2::0085::4,2,medical marijuana,"has anyone here actually had a bad experience with medical marijuana? i was diagnosed with sjogren's a few months ago and my cousin keeps pushing me to get a card because it supposedly helps with pain, dry eyes, sleep, everything. i tried a vape once and spent the entire night nauseous and staring at the ceiling, convinced i was having palpitations. my mouth was dry enough already, so that did not exactly improve things. i know medical marijuana helps some people, but i'm starting to think it's one of those things everyone recommends because it sounds natural, not because it works for everyone. i'm just looking for something that won't make me feel worse",1
synth::absa::2::0086::0,,synthpost::absa::2::0086::0,2,cbd,"has anybody else gotten absolutely nothing from cbd? i kept hearing it was the ""safe"" option, so i tried gummies, tinctures, and a cream for my hands. all it did was make me feel weird and a little queasy, and the pain in my wrists was still there when i woke up. i have ra and i really wanted this to be the thing that helped me sleep, but honestly cbd just feels like expensive disappointment at this point.",1
synth::absa::2::0086::1,,synthpost::absa::2::0086::1,2,medical marijuana,"i'm sure people mean well, but i'm getting tired of every relative and coworker suggesting medical marijuana like it's some miracle cure. i have sjogren's and inflammatory arthritis, and i'm already juggling meds, labs, and side effects. the last thing i need is another thing that makes my head foggier or upsets my stomach. has anyone else had zero luck with medical marijuana for joint pain and fatigue? because so far it has done less than nothing for me.",1
synth::absa::2::0086::2,,synthpost::absa::2::0086::2,2,thc,"i tried a low dose thc edible last night because my back and hips were flaring up and i couldn't sleep. bad idea. my heart started racing, i felt panicky for no reason, and the pain was still there except now i was anxious on top of it. i have lupus and i was hoping thc might take the edge off, but it honestly made the whole night worse. never again, i think.",1
synth::absa::2::0086::3,,synthpost::absa::2::0086::3,2,weed,"weed used to be something i associated with relaxing, but after my psoriatic arthritis diagnosis it just seems to make me feel gross. i tried smoking a few times for pain and all i got was a dry mouth, a weird headache, and more awareness of how stiff my fingers are. maybe it works for other people, but for me it didn't help the inflammation or the sleep at all. just felt like i was wasting money and making myself feel worse.",1
synth::absa::2::0086::4,,synthpost::absa::2::0086::4,2,cannabis,"quick rant: cannabis is apparently the answer to everything if you listen to people who don't have chronic illness. i've got ankylosing spondylitis and i've experimented with it more than i wanted to, mostly because i was desperate. every time i tried it, i ended up more spaced out and less able to tell whether my pain was actually better or i just didn't care as much. the only thing it changed was my motivation to do anything productive. not worth it for me.",1
synth::absa::2::0087::0,,synthpost::absa::2::0087::0,2,cbd,"has anyone else had weird reactions to cbd? i keep seeing people recommend it for inflammation and sleep, so i picked up a tincture and tried a tiny dose before bed. instead of helping, it made me feel anxious and sort of jittery, and the next morning my joints felt even more achy. i have ra and i already deal with enough random flares without my nighttime routine making things worse. maybe it was the brand, maybe it was the dose, but honestly i'm done experimenting for now. i was hoping cbd would be a gentle option and it just wasn't for me at all.",1
synth::absa::2::0087::1,,synthpost::absa::2::0087::1,2,thc,"i wish thc worked the way people describe it online, because for me it is basically a guaranteed bad time. i have psoriatic arthritis and tried a low-dose gummy on a rough night when my shoulders and hands were on fire. within an hour i was dizzy, nauseous, and weirdly more aware of every single pain signal in my body. i did not get relief, just panic and a pounding heart. if anything the thc made it harder to sleep because i kept focusing on whether my skin was flushing and whether i was breathing normally. no thanks.",1
synth::absa::2::0087::2,,synthpost::absa::2::0087::2,2,weed,"weed and autoimmune fatigue is such a frustrating combo for me. i know some people swear it helps them relax, but every time i smoke or even use a vape, my mouth gets so dry that i wake up feeling worse, and my joints are still stiff the next morning. i have spondyloarthritis and was really hoping weed would take the edge off pain + insomnia. instead i feel groggy, dehydrated, and kind of out of it without any actual pain relief. i keep wanting to believe i just haven't found the right strain, but after several tries i'm starting to think it just isn't worth it for my body.",1
synth::absa::2::0087::3,,synthpost::absa::2::0087::3,2,medical marijuana,"my rheumatologist did not actually recommend medical marijuana, but a friend with lupus kept telling me to try it for appetite and pain, so i did. honestly, i hated it. it made me feel detached and sort of trapped inside my own head, and the pain was still there, just harder to ignore because i was also battling the side effects. i already have enough brain fog from my disease and meds; adding more fuzziness is the opposite of helpful. maybe medical marijuana is great for other people, but for me it was expensive, irritating, and not even remotely useful.",1
synth::absa::2::0087::4,,synthpost::absa::2::0087::4,2,cannabis,"i'm so tired of people acting like cannabis is the miracle answer for every rheumatic disease symptom. i tried it twice for sleep and pain during a flare and both times it made my heart race and my muscles feel even more tense. i have inflammatory arthritis and when i'm already exhausted, the last thing i need is to feel spaced out and paranoid on top of it. the weirdest part is that it didn't touch the actual pain at all. i would much rather stick with my regular meds and a heating pad than go through that again.",1
synth::absa::2::0088::0,,synthpost::absa::2::0088::0,2,cbd,"anyone else feel like cbd is basically a waste of money for inflammatory arthritis? i’ve tried gummies, tinctures, even a pricey topical my friend swore by, and all it’s done is make me sleepy while my wrist and knees stay angry. i’m on methotrexate for psa and i was hoping cbd might take the edge off on bad days, but honestly it hasn’t touched the pain once. starting to wonder if it’s just marketing hype dressed up as miracle medicine.",1
synth::absa::2::0088::1,,synthpost::absa::2::0088::1,2,marijuana,"i used to think marijuana was helping me with sleep until my lupus started flaring harder and i realized it was making my head foggy, my heart race, and my fatigue worse the next morning. i stopped for two weeks and felt weirdly clearer, even though the pain was still there. not saying it’s like that for everyone, but for me marijuana seems to do more harm than good.",1
synth::absa::2::0088::2,,synthpost::absa::2::0088::2,2,thc,"quick question for people with ra: does thc make your joints feel worse too? i tried a low-dose edible last night because i was desperate after a shoulder flare, and instead of relaxing i got shaky, paranoid, and somehow more aware of every ache in my body. the pain never really improved, just my anxiety got louder. pretty disappointed because i’d hoped thc would be a decent backup when nsaids aren’t enough.",1
synth::absa::2::0088::3,,synthpost::absa::2::0088::3,2,weed,"i know weed helps some people, but it does not play nice with my sjogrens at all. every time i smoke, my mouth gets so dry it feels like i’ve swallowed cotton and my eyes burn for hours. on top of that, it leaves me groggy without touching the stiffness in my hands. at this point i’m honestly done pretending weed is worth it for symptom relief.",1
synth::absa::2::0088::4,,synthpost::absa::2::0088::4,2,medical marijuana,"my rheum mentioned medical marijuana as an option while we wait to see if my biologic starts working, so i gave it a real shot for the last month. different ratios, different brands, oils and edibles, all of it. no meaningful pain relief, and some nights it actually made my muscles tense up more and my stomach worse. if anything, medical marijuana has just added another expensive thing to the list of treatments that didn’t help.",1
synth::absa::2::0089::0,,synthpost::absa::2::0089::0,2,cbd,"has anyone else had their rheum suggest cbd like it's some kind of cure-all? i tried a tincture for my hand and wrist pain this week and honestly it did nothing except make me tired and weirdly foggy. my joints still hurt, my sleep was worse, and i felt kind of off the next day. i know people swear by it, but cbd has been a letdown for me so far. i'm sticking with the meds my doctor actually prescribed because at least those have evidence behind them.",1
synth::absa::2::0089::1,,synthpost::absa::2::0089::1,2,cannabis,"i keep seeing people in autoimmune groups talk about cannabis as if it's the answer to everything. i gave it a real try after a bad flare of my psoriatic arthritis, and it just made me anxious and more aware of every ache in my body. no pain relief, just a racing heart and a miserable night. maybe it helps some folks, but cannabis seems to do the opposite for me. pretty disappointed because i really wanted it to be useful.",1
synth::absa::2::0089::2,,synthpost::absa::2::0089::2,2,medical marijuana,"my pain clinic basically pushed me toward medical marijuana because i can't take nsaids regularly and they said it might help with the nerve pain and stiffness. i was hopeful, but after a few tries it mostly left me groggy, dry-mouthed, and weirdly panicky. my shoulders and hips were still on fire, so i don't see the point. i'm not anti-anything, i just hate when medical marijuana is sold like a miracle and then it ends up being another expensive thing that doesn't touch the inflammation.",1
synth::absa::2::0089::3,,synthpost::absa::2::0089::3,2,thc,"quick vent: thc and i do not get along at all. i took a tiny edible for a flare night thinking it might help me relax, and instead i spent three hours convinced my chest pain meant something catastrophic was happening. my hands were still swollen, my back still hurt, and the only new symptom was full-blown anxiety. never again. i know some people use thc for pain, but for me it's just a panic trigger with a side of dry mouth.",1
synth::absa::2::0089::4,,synthpost::absa::2::0089::4,2,weed,"weed used to be something i thought i'd be able to use on the rough days, especially with this stupid autoimmune fatigue, but it has honestly been awful for me. it makes my head spin, my mouth feel like sandpaper, and i end up hyper-focusing on every little symptom until i feel 10x worse. no relief, no chill, just discomfort. if anything, weed seems to make my pain tolerance lower. i'm jealous of the people who say it helps them, because it has been a hard no from me.",1
synth::absa::2::0090::0,,synthpost::absa::2::0090::0,2,cbd,"hi all, 28f with suspected seronegative RA here. my chiropractor and a friend both kept pushing cbd so i gave it a real try: tincture at night, cream on my hands, even gummies. honestly it did basically nothing for my pain and just left me groggy and weirdly spaced out the next day. i was hoping cbd would take the edge off my morning stiffness, but nope. if anything, i felt more tired and less able to get moving. anyone else get zero benefit from cbd? or am i just one of those people it doesn't touch at all?",1
synth::absa::2::0090::1,,synthpost::absa::2::0090::1,2,thc,"has anyone else had a bad reaction to thc after developing autoimmune stuff? i have sjogren's + fibromyalgia and tried a tiny thc edible last week because i was desperate for sleep. within an hour my heart was racing, my mouth felt even drier than usual, and i got this awful spiral of anxiety for no reason. i used to tolerate it fine before i got sick, but now thc just seems to make everything worse. definitely not the relaxing experience people always talk about.",1
synth::absa::2::0090::2,,synthpost::absa::2::0090::2,2,cannabis,"i'm getting so frustrated with all the 'just try cannabis' advice. i have lupus and inflammatory arthritis, and i swear cannabis does not help me at all. every time i've tried it, my pain feels louder, my head gets foggy, and i end up more useless than before. i know people mean well, but i'm tired of being told it's some miracle fix when my body clearly hates it. does anyone else feel like cannabis just adds another problem instead of solving one?",1
synth::absa::2::0090::3,,synthpost::absa::2::0090::3,2,weed,"weed used to be my go-to in college, but after my ra diagnosis it flipped on me completely. even a couple puffs now make my joints feel oddly heavy and my brain turns to mush, which is the opposite of what i need when i'm already fighting fatigue. i also get this weird jittery feeling and then i spend the whole evening convinced i'm flaring harder. not fun, not helpful, and honestly i'm done pretending weed is for everyone.",1
synth::absa::2::0090::4,,synthpost::absa::2::0090::4,2,medical marijuana,"i finally tried medical marijuana because my rheumatologist's office had a brochure about pain control and i was curious. big mistake. it made my mouth feel like sandpaper, my eyes burned, and my anxiety shot up instead of calming down. with sjogren's, the dryness alone was enough to make me quit, but the brain fog was the final straw. i know it helps some people, just not me, and i'm a little annoyed i spent money on it to feel worse.",1
synth::absa::2::0091::0,,synthpost::absa::2::0091::0,2,cbd,"has anyone else had cbd do absolutely nothing except make them feel weirdly foggy? i’ve got seronegative ra and my hands are on fire most mornings, so i figured a tincture might take the edge off. instead i got a dry mouth, a headache, and zero change in the joint pain. i gave it a solid 3 weeks too, not just one try. kind of annoyed because everyone in my family keeps talking about cbd like it’s some miracle plant and i’m sitting here still gripping a heating pad and waiting for it to kick in. did it just not work for me or can cbd actually make some people feel worse? maybe i’m missing something, but right now it feels like a waste of money.",1
synth::absa::2::0091::1,,synthpost::absa::2::0091::1,2,marijuana,"i tried legal marijuana for the first time since being diagnosed with lupus and honestly it was awful. i thought it might help with the fatigue and aching, but instead my heart was racing, i got super anxious, and my joints felt more noticeable, not less. the next day i was also insanely dry and had a pounding headache. maybe i reacted badly, but it definitely did not feel like pain relief. i keep seeing people say marijuana helps autoimmune pain, so i’m wondering if anyone else has had it backfire like this or if i should just stay away from it completely.",1
synth::absa::2::0091::2,,synthpost::absa::2::0091::2,2,thc,"does anyone else get a huge flare in symptoms from thc? i have sjogren’s and i was trying a low-dose gummy because i was desperate for sleep. it didn’t even help me sleep, but it did make my mouth and eyes feel like sandpaper and my anxiety went through the roof. i was also more aware of every single ache in my neck and shoulders. i’m pretty disappointed because i’d heard thc was supposed to be the thing that helps when cbd doesn’t. instead it just made the dryness and discomfort way worse. thinking of tossing the rest because i don’t want to keep experimenting if this is the result.",1
synth::absa::2::0091::3,,synthpost::absa::2::0091::3,2,weed,"weed has been a complete miss for me with psa. i used to think it was the one thing that actually took the edge off, but lately every time i try it my hands throb more, i get paranoid, and my skin feels hotter and itchier. i’m not sure if it’s the strain, the dose, or just my body changing, but i’m tired of hearing how weed is supposed to be this amazing anti-inflammatory option when it seems to do the opposite for me. has anyone else had it stop working and start making inflammation feel worse? honestly considering giving it up for good.",1
synth::absa::2::0091::4,,synthpost::absa::2::0091::4,2,medical marijuana,"my rheumatologist didn’t recommend medical marijuana, but i brought it up because i’m running out of ideas for controlling pain between flares. big mistake. i tried it anyway after asking around, and all it did was make me dizzy, dry, and more exhausted the whole next day. i have inflammatory arthritis and probably the worst part was that the pain was still there, just with a weird buzz on top of it. not exactly what i expected from something so many people swear by. has anyone had a bad reaction like this and found out it was the strain or method, or is medical marijuana just not worth trying if you already deal with fatigue and dryness?",1
synth::absa::2::0092::0,,synthpost::absa::2::0092::0,2,cbd,"anyone else get absolutely nothing from cbd? i have psoriatic arthritis and tried a couple of oils and a lotion for about 6 weeks because people kept telling me it was 'gentle' and 'worth a shot.' all it did was drain my wallet and make me kind of sleepy for an hour. zero change in the morning stiffness, zero help with the finger swelling, nothing. honestly i’m annoyed that cbd gets pushed like it’s some kind of fix for inflammatory arthritis when, for me at least, it was just expensive disappointment.",1
synth::absa::2::0092::1,,synthpost::absa::2::0092::1,2,thc,"i tried thc gummies twice this month thinking maybe they’d help me sleep through a bad lupus flare. nope. first time i got sweaty, my heart was racing, and i ended up staring at the ceiling feeling panicky for 3 hours. second time was even worse, with more joint pain the next day and a horrible dry mouth that made my sjogren’s symptoms feel 10x worse. i know a lot of people swear by thc but it seems like it just sets off every annoying symptom i already have.",1
synth::absa::2::0092::2,,synthpost::absa::2::0092::2,2,medical marijuana,"has anyone else been disappointed by medical marijuana for autoimmune pain? i have ra and my rheumatologist was fine with me trying it, but the results were basically nothing except an irritated throat and a foggy head the next morning. the strain recommendations, the expensive card, the dispensary trip... all of it felt like a big waste of time. i’m honestly surprised people keep recommending it for chronic inflammation when it didn’t touch my swelling or fatigue at all.",1
synth::absa::2::0092::3,,synthpost::absa::2::0092::3,2,weed,"i know this probably won’t be popular, but weed makes my connective tissue symptoms feel worse, not better. i have mixed connective tissue disease and tried smoking a little with friends because everyone said it would help me relax. instead i got lightheaded, my hands were shaking, and my pain felt way more noticeable once i noticed it. maybe it’s just me, but i’ve had way better luck with rest, heat, and actual meds than with weed.",1
synth::absa::2::0092::4,,synthpost::absa::2::0092::4,2,cannabis,"i’m just venting because i’m tired of hearing how cannabis is supposed to be this miracle option for everything. i have ankylosing spondylitis and tried it for nausea and pain after a rough medication switch, and it was a mess. bad headache, weird anxiety, and no real relief from the back pain. i’m not anti-everything, but cannabis was a letdown and i wish people would stop acting like it works for everyone with an autoimmune disease.",1
synth::absa::2::0093::0,,synthpost::absa::2::0093::0,2,cbd,"has anyone else had cbd just do absolutely nothing for their lupus pain? i tried a tincture for 3 weeks because everyone kept saying it was “gentle” and “anti-inflammatory,” but all i got was a weird stomach ache and a lighter wallet. no change in joint swelling, no sleep improvement, nothing. i know people swear by it, but for me cbd has been a total waste of time.",1
synth::absa::2::0093::1,,synthpost::absa::2::0093::1,2,thc,"i'm dealing with a nasty sjogren's flare and thought a little thc might help with the pain and appetite. nope. even tiny doses make my heart race and my hands shake, and then i get stuck feeling panicky on top of already feeling sick. if anything thc makes the whole flare feel more intense. i honestly regret trying it again.",1
synth::absa::2::0093::2,,synthpost::absa::2::0093::2,2,weed,"weird question maybe, but does weed mess with anyone else's mouth dryness this badly? i have ra and sjogren's and after smoking i feel like i can't swallow without chasing every bite with water. my throat gets so irritated that i end up more miserable than before. i wanted it to help me relax at night, but it just makes the dry-eye/dry-mouth thing unbearable.",1
synth::absa::2::0093::3,,synthpost::absa::2::0093::3,2,medical marijuana,"my rheumatologist mentioned medical marijuana as an option when my fibromyalgia and inflammatory arthritis pain got worse, so i gave it a fair shot. honestly it just made me groggy, confused, and nauseated the next day. i was hoping for some relief or at least better sleep, but instead i felt foggy and useless. maybe it helps some people, but medical marijuana was not a good fit for me at all.",1
synth::absa::2::0093::4,,synthpost::absa::2::0093::4,2,cannabis,"i keep seeing people recommend cannabis for autoimmune pain, but every time i've tried it my anxiety spikes and my body feels even more tense. i have psa and already fight enough brain fog without adding the weird spaced-out feeling cannabis gives me. it doesn't calm anything down for me; it just makes me uncomfortable and paranoid. definitely not the miracle fix people make it out to be.",1
