instance_id,source_row_id,post_id,label,aspect,input_text,synthetic
synth::absa::0::0000::0,,synthpost::absa::0::0000::0,0,cbd,"quick question for anyone with ra/sjogren's: has anyone added cbd oil to their routine while still taking hydroxychloroquine? i'm not looking for a miracle, just trying to figure out what people do for morning stiffness and if they noticed any issues with it being sleepy or not doing much at all. if you tried cbd, did you use a tincture, gummies, or cream?",1
synth::absa::0::0000::1,,synthpost::absa::0::0000::1,0,cannabis,"my rheumatologist mentioned cannabis as one of the things people ask about for chronic pain, so i'm trying to read up before my next appointment. i'm not against it and i'm not really for it either, i just want to know if anyone here has found it useful for sleep vs. joint pain vs. appetite, and whether it changed anything with their meds. lupus + terrible fatigue is making me consider every option.",1
synth::absa::0::0000::2,,synthpost::absa::0::0000::2,0,marijuana,"does marijuana interact with methotrexate or prednisone in any way that doctors actually care about? i'm not asking for medical advice, just trying to be honest at my follow-up and not get side-eyed if i mention that i use it occasionally. my main issue is hand pain, and i'm trying to keep my questions organized before i go in.",1
synth::absa::0::0000::3,,synthpost::absa::0::0000::3,0,thc,"i'm testing a low-dose thc tincture on nights when the pain makes it hard to get comfortable. so far it's been kind of inconsistent: one night i felt fine, another night i just felt more aware of my heartbeat and went back to plain old acetaminophen. wondering if that's just normal with thc or if it's usually better with a different ratio.",1
synth::absa::0::0000::4,,synthpost::absa::0::0000::4,0,medical marijuana,"anyone here have a medical marijuana card through their state and use it mainly for flares? i have psoriatic arthritis and my doctor said it wouldn't be the first thing he'd recommend, but he also didn't seem shocked when i asked. i'm mostly curious how people brought it up at appointments and whether they kept it as an as-needed thing or a regular part of pain management.",1
synth::absa::0::0001::0,,synthpost::absa::0::0001::0,0,cbd,"hi everyone, i have seronegative ra and my rheumy just added hydroxychloroquine last month. i’m trying to keep track of what helps and what doesn’t, so i’m curious whether anyone here has tried cbd while on dmards. i’m not looking for a miracle fix, just wondering if it seemed to affect stiffness, sleep, or any meds/interactions. my pharmacist said to ask my doctor either way, which i will, but it would be helpful to hear what other people were told.",1
synth::absa::0::0001::1,,synthpost::absa::0::0001::1,0,medical marijuana,"anyone else in an arthritis clinic ever get the “have you considered medical marijuana?” conversation? my doctor mentioned it pretty casually when i said the morning pain is still rough even with naproxen, and now i’m trying to figure out what that even looks like where i live. i’m not against it, just trying to understand if it’s basically another option people use for symptom control or if it’s more hassle than it’s worth.",1
synth::absa::0::0001::2,,synthpost::absa::0::0001::2,0,cannabis,"i’m newly diagnosed with psoriatic arthritis and still waiting on my biologic approval. in the meantime i’ve been reading a lot and keep running into people talking about cannabis for pain and sleep. does anyone have a simple explanation of how they approached it, or whether it mattered at all for inflammation vs just making nights a little easier? mostly gathering info right now.",1
synth::absa::0::0001::3,,synthpost::absa::0::0001::3,0,thc,"quick question for folks with lupus: does low-dose thc make you feel foggy the next day, or is that more about the dose/product? i’m not asking for medical advice, just comparing notes because my cousin said it helped her appetite and sleep, while another friend said it did nothing. i’d like to know what to expect before bringing it up at my next appointment.",1
synth::absa::0::0001::4,,synthpost::absa::0::0001::4,0,weed,"my rheumatologist is trying to sort out whether my back pain is inflammatory or just mechanical, and i’m on meloxicam for now. a couple friends keep telling me to try weed, but i honestly don’t know much about it beyond the obvious. i’m not looking for anyone to sell me on it or warn me off, just wondering how people here decided whether it fit into their overall treatment plan, if at all.",1
synth::absa::0::0002::0,,synthpost::absa::0::0002::0,0,cbd,"hey all, recently diagnosed with ra and i'm still trying to figure out what actually helps versus what just sounds good on paper. my rheum has me on methotrexate now and i'm waiting to see how that settles in. in the meantime a friend suggested cbd gummies for sleep and stiffness, but i honestly don't know what to expect. has anyone here used cbd alongside their regular meds, and did it do anything noticeable one way or the other?",1
synth::absa::0::0002::1,,synthpost::absa::0::0002::1,0,medical marijuana,"long-time lurker, first time posting. i have psoriatic arthritis and the morning pain has been rough enough that i'm missing work some days. i'm not looking for miracle stories, just trying to understand options. has anyone gone the medical marijuana route while on a biologic? i'm mainly curious about whether the process was a headache and if it changed anything for daily functioning.",1
synth::absa::0::0002::2,,synthpost::absa::0::0002::2,0,marijuana,"my new rheumatologist keeps mentioning medication adjustments, but i'm also trying to make it through the day without feeling wiped out. a couple people in my support group brought up marijuana for sleep and appetite. i don't have much experience with it, so i'm just wondering what people's experiences have been in an autoimmune setting. any practical info would be appreciated.",1
synth::absa::0::0002::3,,synthpost::absa::0::0002::3,0,thc,"hi everyone, i'm dealing with lupus and a lot of fatigue plus nerve pain that seems to come and go for no reason. i've been reading about thc in some of the pain forums, but it's hard to tell what's hype and what's actually useful. does anyone here use thc in a low dose, and if so, how did you even start figuring out whether it was worth trying?",1
synth::absa::0::0002::4,,synthpost::absa::0::0002::4,0,cannabis,"not sure if this is the right place, but i'm trying to gather a few options before my next appointment. i've got ankylosing spondylitis and my pain is worse at night, especially after sitting all day. a coworker mentioned cannabis oil, another said edibles, and i feel like i'm missing some basic info. i'm not asking anyone to sell me on it, just wondering what forms people have tried and whether it fit into their routine at all.",1
synth::absa::0::0003::0,,synthpost::absa::0::0003::0,0,cbd,"has anyone with sjogren's tried cbd gummies for sleep or dryness-related discomfort? i keep seeing them recommended everywhere, but the information seems all over the place and i'm not sure what is actually worth trying. i'm mostly curious about dosing, whether it helped at all, and if it caused any weird interactions with hydroxychloroquine or gabapentin. i'm not looking for a miracle, just trying to sort out what people have actually experienced.",1
synth::absa::0::0003::1,,synthpost::absa::0::0003::1,0,marijuana,"my rheum brought up the topic of marijuana at my last appointment when i mentioned i was still waking up stiff every morning. i didn't get a super clear answer on whether it would be okay with my current meds, so i'm trying to read up before i ask again. for those of you with ra or lupus, did you have to go through any paperwork or special approvals? just wondering how the process usually goes.",1
synth::absa::0::0003::2,,synthpost::absa::0::0003::2,0,thc,"quick question for anyone using thc products for autoimmune pain: do you find the ratio matters much, or is it mostly trial and error? i have been reading labels and honestly half the time i feel more confused after than before. my pain specialist didn't really give a strong opinion, so i'm trying to collect a few real-world experiences before i buy anything.",1
synth::absa::0::0003::3,,synthpost::absa::0::0003::3,0,weed,"i had a pretty rough week with my hands and shoulders, so i was talking with a friend who suggested weed might be something to ask my doctor about. i'm not opposed to it, just completely new to the subject and not sure what people usually start with. if anyone here has had to navigate that conversation with a rheumatologist, i'd love to hear how it went. trying to be informed, not impulsive.",1
synth::absa::0::0003::4,,synthpost::absa::0::0003::4,0,medical marijuana,"does anyone here use medical marijuana alongside methotrexate or plaquenil? i'm mostly asking because my state requires a separate visit and i don't want to go through all that if it's not compatible with my current treatment plan. i know everyone reacts differently, but i'm looking for general experiences with approval, side effects, and whether it ended up being useful for fatigue or joint pain.",1
synth::absa::0::0004::0,,synthpost::absa::0::0004::0,0,cbd,"has anyone with sjogren's tried cbd for dry mouth or joint pain? my rheum said it wouldn't replace my meds, obviously, but i'm curious if people notice anything at all with capsules vs oil. i'm mostly trying to figure out if it's worth bringing up at my next appointment or if it's just another thing that sounds better than it is.",1
synth::absa::0::0004::1,,synthpost::absa::0::0004::1,0,medical marijuana,"i'm in a state where medical marijuana is available and my pcp mentioned it as a possible option if my pain keeps flaring despite the current regimen. i'm not looking to get high, just wondering how people actually went through the process and whether the card/consult was a huge hassle. any lupus or ra patients here who've used it alongside dmards?",1
synth::absa::0::0004::2,,synthpost::absa::0::0004::2,0,weed,random question for folks dealing with inflammatory arthritis: do you notice weed affects your sleep differently depending on timing? i’ve been reading mixed stuff and i’m not sure whether it helps me stay asleep or just makes me feel groggy the next day. i don’t use it often enough to have a good baseline.,1
synth::absa::0::0004::3,,synthpost::absa::0::0004::3,0,thc,"my pharmacist warned me to be careful with thc gummies because i'm on hydroxychloroquine and also take meds for anxiety. i’m not asking for medical advice, just wondering how people here approached dosing when they first tried them for pain and nausea. did you start low and stay there, or did you find tinctures worked better?",1
synth::absa::0::0004::4,,synthpost::absa::0::0004::4,0,cannabis,does cannabis interact with prednisone in any obvious way? i’m on a taper right now and trying to keep track of everything that might be making my heart rate and sleep worse. i’ve seen so many different answers online that i figured i'd ask here before i assume anything.,1
synth::absa::0::0005::0,,synthpost::absa::0::0005::0,0,cbd,"anyone here use cbd gummies for sleep while dealing with ra or fibro? my hands have been flaring at night and the otc stuff i’ve tried doesn’t really touch the stiffness. i’m not looking for anything dramatic, just wondering whether cbd is even worth bringing up with my rheumatologist or if it tends to do nothing for most people. i also take methotrexate, so i’m trying to be careful about interactions. if you’ve used it, how did you start and did you notice any change in pain or sleep?",1
synth::absa::0::0005::1,,synthpost::absa::0::0005::1,0,medical marijuana,"i have psoriatic arthritis and my gp mentioned medical marijuana as something some patients ask about for pain and appetite. i’m not trying to replace my meds, but i do have bad days where my joints feel like they’re locked up and i can’t sleep from the discomfort. has anyone discussed medical marijuana with their rheum, and did they have any concerns about it affecting labs, driving, or work? just trying to get a realistic idea before i ask about it at my next appointment.",1
synth::absa::0::0005::2,,synthpost::absa::0::0005::2,0,weed,"weird question maybe, but does weed make anyone else feel like it helps with the mental part of a flare more than the pain itself? i’m dealing with mixed connective tissue disease and lately the brain fog and irritability have been worse than the actual joint pain. i’ve tried heat, rest, and stretching, but on rough evenings i just want something that takes the edge off enough to relax. not sure if that’s a normal experience or if i’m better off skipping it altogether.",1
synth::absa::0::0005::3,,synthpost::absa::0::0005::3,0,thc,"my pain clinic suggested a low-dose thc tincture after i said the neuropathy in my feet has been keeping me up. i’ve never used thc before, so i’m a little hesitant and also clueless about dosing. i don’t want to get knocked out or feel weird at work the next morning; i mainly want to know if anyone found small amounts helpful for sleep and burning pain. if you tried a tincture, did you start with drops, and did it actually make a difference?",1
synth::absa::0::0005::4,,synthpost::absa::0::0005::4,0,cannabis,"i’m newly diagnosed with sjogren’s and still figuring out what helps with the dryness, fatigue, and random aches. one friend keeps telling me to look into cannabis, but i’m not even sure what form they mean or what symptom they think it would help with. has anyone talked to a doctor about it for autoimmune stuff? i’m mostly curious whether it’s something worth asking about for symptom control or if the effect is usually too mild to matter.",1
synth::absa::0::0006::0,,synthpost::absa::0::0006::0,0,cbd,"anyone here with sjogren's tried cbd for sleep or jaw pain? my rheum okayed me to look into it, but i'm mostly trying to figure out if it even makes a difference for dryness or if it just adds another thing to manage. would love to hear what form you used and whether it was oil, gummies, or a topical.",1
synth::absa::0::0006::1,,synthpost::absa::0::0006::1,0,medical marijuana,"i'm newly diagnosed with psa and still trying to sort out what helps with the evening stiffness. a friend mentioned medical marijuana, but i honestly know very little about it and haven't seen my doctor since i started on plaquenil. if you use it, was it more helpful for pain, sleep, or appetite? just collecting info right now.",1
synth::absa::0::0006::2,,synthpost::absa::0::0006::2,0,thc,"quick question for folks with lupus: has anyone noticed any issues with thc products and fatigue the next day? i'm not asking about getting high, just wondering if low-dose thc capsules have been useful or annoying for you. i'm trying to be careful because i already feel wiped out most afternoons.",1
synth::absa::0::0006::3,,synthpost::absa::0::0006::3,0,cannabis,"i have ra and a pretty sensitive stomach from meds, so i'm trying to keep track of what actually triggers symptoms versus what just coincides with a flare. cannabis keeps coming up when i search old posts, but it's hard to tell what people were using it for exactly. if you've tried it, what format did you start with and did you notice anything with joint pain or sleep?",1
synth::absa::0::0006::4,,synthpost::absa::0::0006::4,0,weed,"this might be a dumb question, but is weed something people with inflammatory arthritis usually talk to their rheumatologist about first? i've seen mixed advice online and i'm not looking for a debate, just practical experiences. if you tried it, did you use it occasionally or regularly, and was it mostly for pain, nausea, or stress?",1
synth::absa::0::0007::0,,synthpost::absa::0::0007::0,0,cbd,"Has anyone with Sjogren’s tried cbd for dry mouth or the body aches that come with it? I’m not looking for a miracle, just curious whether the oil, gummies, or topicals made any noticeable difference. My rheumatologist didn’t really have much to say on it, so I’m trying to gather actual patient experiences before I spend money on another thing that sits in my bathroom cabinet.",1
synth::absa::0::0007::1,,synthpost::absa::0::0007::1,0,medical marijuana,"question for people with RA: has medical marijuana ever come up in a medication review with your rheum? i’m on methotrexate and hydroxychloroquine and mostly manage okay, but nights can still be rough when my hands and shoulders are flaring. i’m not asking if it’s good or bad, just wondering how folks bring it up, whether they needed paperwork, and if anyone ran into issues with other meds.",1
synth::absa::0::0007::2,,synthpost::absa::0::0007::2,0,cannabis,"i have lupus and live in a state where cannabis is legal, so i’ve been reading up on it a little. i’m confused about the different forms more than anything else—edibles, tinctures, vape, cream, whatever. if you’ve tried any of those for stiffness or sleep, did one seem easier to tolerate than the others? i’m mainly trying to understand what people actually use day to day.",1
synth::absa::0::0007::3,,synthpost::absa::0::0007::3,0,thc,"anyone here use thc at night for pain and muscle spasms? i’ve got ankylosing spondylitis and sometimes the pain is less about the joint itself and more about not being able to relax enough to sleep. i’m not sure what dose people start with or how long it tends to last. mostly just looking for real-world experiences, especially from people who are also on biologics.",1
synth::absa::0::0007::4,,synthpost::absa::0::0007::4,0,weed,"Weed question from someone newly diagnosed with psoriatic arthritis: does it interfere with labs or with the way you feel on NSAIDs? my doctor was fine with me asking about supplements but i forgot to mention anything related to weed during the appointment. i’m still figuring out what is flare pain, what is stiffness, and what is just me being exhausted all the time, so i’m collecting info before my next visit.",1
synth::absa::0::0008::0,,synthpost::absa::0::0008::0,0,cbd,"hi all, quick question for people with sjogren's or ra. i've seen a lot of posts about cbd gummies and tinctures for stiffness and sleep, but i'm not sure what actually makes sense with all the meds i'm already on. i'm on methotrexate and hydroxychloroquine and just trying to be careful about interactions. if anyone has asked their rheum about cbd, what did they say? i'm mostly looking for info, not really trying to start anything specific yet.",1
synth::absa::0::0008::1,,synthpost::absa::0::0008::1,0,cannabis,"does anyone have any experience using cannabis for appetite issues during a flare? i’ve been losing weight because food just sounds awful lately and the nausea from my meds isn’t helping. i’m not asking if it’s a miracle or anything, just wondering what people have actually noticed and whether it was worth bringing up with their doctor. i have a follow-up next month and want to ask the right questions.",1
synth::absa::0::0008::2,,synthpost::absa::0::0008::2,0,medical marijuana,"newly diagnosed with psoriatic arthritis and my joint pain has been all over the place, especially mornings. a friend suggested medical marijuana but i honestly know almost nothing about the process. if someone has gone that route, did you need a specialist note or was your primary enough? also curious if it was mostly useful for sleep, pain, or just taking the edge off. trying to figure out what is realistic before i spend money on the card.",1
synth::absa::0::0008::3,,synthpost::absa::0::0008::3,0,thc,"has anyone here ever compared thc edibles to topical stuff for hand pain? i’m dealing with tendon pain and swelling in both wrists and can’t really smoke where i live, so edibles seem like the only option. i’m not looking for a hard recommendation, just wondering what kind of timing people usually see and whether it tends to help more with night pain or daytime stiffness. thanks if anyone has any actual experience.",1
synth::absa::0::0008::4,,synthpost::absa::0::0008::4,0,weed,"i know this is probably a basic question, but is weed something you have to mention every time before a procedure or sedation? i have a colonoscopy coming up and i don’t want to mess anything up by leaving it out. i use it occasionally when my joints are bad, nothing daily, and i’m just trying to be honest with the anesthesiologist. if anyone has gone through this with a rheumatology diagnosis, i’d appreciate hearing how you handled it.",1
synth::absa::0::0009::0,,synthpost::absa::0::0009::0,0,cbd,"hi everyone, i’m new here and still figuring out what actually helps on the rough days. my rheumatologist mentioned i could try cbd for sleep and muscle stiffness, but i’ve never used it before and i’m a little lost on where to even start. are people usually taking tinctures, gummies, or something else? i’m not looking for miracles, just trying to understand what’s out there before i buy anything.",1
synth::absa::0::0009::1,,synthpost::absa::0::0009::1,0,medical marijuana,"has anyone had to deal with paperwork for medical marijuana after getting diagnosed with ra? my state makes the process kind of confusing and i’m not sure whether my rheum will even fill out the form. i’m not asking whether it’s good or bad, just wondering what the appointment/approval process looked like for other people and how long it took.",1
synth::absa::0::0009::2,,synthpost::absa::0::0009::2,0,thc,"i’ve been keeping a symptom journal since starting a new dmard, and one thing i noticed is that my sleep is worse on nights when my pain is up. a friend suggested a low-dose thc edible, but i don’t know much about dosage or timing and would rather not guess. if anyone has used thc for nighttime pain/sleep, what form did you try and did you have to experiment a lot before finding a routine?",1
synth::absa::0::0009::3,,synthpost::absa::0::0009::3,0,cannabis,"my primary care doctor asked if i was using cannabis because of the nausea i get from meds, and i realized i know basically nothing about how people with autoimmune stuff talk about it with their doctors. i’m not looking for a debate, just practical info. do you usually bring it up directly, or wait until they ask? any tips for being honest without making the appointment weird would be appreciated.",1
synth::absa::0::0009::4,,synthpost::absa::0::0009::4,0,weed,"tiny vent/question: i’m having one of those weeks where every little thing hurts and i’m trying to plan around work, errands, and an upcoming infusion. a coworker mentioned weed as something that helped them with stiffness, but i haven’t used it in years and i’m not sure what’s reasonable to expect. for those of you who use weed, do you treat it more like occasional backup relief or something you schedule around flare days?",1
synth::absa::0::0010::0,,synthpost::absa::0::0010::0,0,cbd,"has anyone here asked their rheumatologist about cbd for morning stiffness? i'm not looking for a miracle cure or anything, just trying to figure out whether it actually interacts with methotrexate or hydroxychloroquine. i keep seeing mixed info online and wanted to hear real experiences from people with ra or lupus.",1
synth::absa::0::0010::1,,synthpost::absa::0::0010::1,0,cannabis,"i'm doing a little reading on pain options for sjogren's and keep running into cannabis in patient forums. does anybody know if there are any decent studies on cannabis and fatigue/joint pain, or is it still mostly anecdotal? i'm trying to stay cautious and just get a better sense of the evidence.",1
synth::absa::0::0010::2,,synthpost::absa::0::0010::2,0,medical marijuana,"my primary care doctor mentioned medical marijuana might be something to discuss for sleep and pain, but i have no idea what that process looks like in an autoimmune disease case. for those of you who went through it, did your rheumatology team have an opinion, or was it basically handled outside the specialty clinic?",1
synth::absa::0::0010::3,,synthpost::absa::0::0010::3,0,thc,"question for anyone with inflammatory arthritis: did thc make it hard to tell whether it was helping the pain or just making me too sleepy to notice it? i'm not against trying it, i just want to know what people look out for when they test products and how they keep track of effects.",1
synth::absa::0::0010::4,,synthpost::absa::0::0010::4,0,weed,"i saw a discussion about weed and autoimmune symptoms in another group and wondered if anyone here has brought it up with their doctor. i'm dealing with a lot of stiffness in the evenings and am trying to compare options, but i'm mostly looking for basic info on what people have actually used and how it fit around their meds.",1
synth::absa::0::0011::0,,synthpost::absa::0::0011::0,0,cbd,"hi all, quick question for the group. i have seronegative ra and lately my hands and wrists have been flaring up after work. my rheum suggested staying on my current meds, but i’m trying to figure out what to add for the bad evenings. has anyone here used cbd topicals or gummies alongside dmards, and if so did you notice anything at all? i’m mostly trying to understand what people actually found helpful vs what was just marketing. thanks.",1
synth::absa::0::0011::1,,synthpost::absa::0::0011::1,0,medical marijuana,"newly diagnosed with psoriatic arthritis and still in the stage of reading everything i can find. one thing that keeps coming up is medical marijuana, but i honestly don’t know much about it and my doctor hasn’t brought it up. for anyone who’s tried it, was it mainly for sleep, pain, appetite, or something else? i’m not looking for a miracle, just trying to compare options before my next appointment.",1
synth::absa::0::0011::2,,synthpost::absa::0::0011::2,0,thc,"i’ve got lupus and a very stubborn mix of joint pain and nausea whenever i’m in a flare. my state has a dispensary nearby and i keep seeing products with thc in them, but i’m not sure how people usually approach dosing. does anyone use thc at night only, or during flares only? just trying to learn what others do, since i’ve never tried it myself.",1
synth::absa::0::0011::3,,synthpost::absa::0::0011::3,0,weed,"random question from someone with ankylosing spondylitis: has weed ever interfered with any of your meds or labs? i’m not asking about legality, just practical stuff. i’ve seen people mention it in comments here and there, and i’m curious whether it was something they used occasionally or if it became part of a routine. would appreciate any experiences, good or bad.",1
synth::absa::0::0011::4,,synthpost::absa::0::0011::4,0,cannabis,"hello everyone, i have sjogren’s and small fiber neuropathy and am constantly bouncing between fatigue, dry mouth, and weird burning pain in my feet. i’m compiling a list of things to ask my rheumatologist about, and cannabis keeps coming up in my searches. if you’ve discussed it with your doctor, what kind of questions did you ask? i’m mainly trying to have an informed conversation rather than just guessing my way through it.",1
synth::absa::0::0012::0,,synthpost::absa::0::0012::0,0,cbd,"quick question for anyone with ra: has cbd actually done anything for your morning stiffness? my rheum okayed me to ask around, but i'm not looking for miracle stories or scare stories, just what people noticed in real life. i already take my regular meds and i'm mainly curious whether cbd was worth trying for sleep or pain tracking.",1
synth::absa::0::0012::1,,synthpost::absa::0::0012::1,0,cannabis,"hi all, i'm newly diagnosed with psoriatic arthritis and still figuring out what helps on flare days. a friend mentioned cannabis gummies, but i don't really know how they compare to the usual otc stuff. if you've used cannabis alongside dmards, did it change anything for you or was it basically a wash?",1
synth::absa::0::0012::2,,synthpost::absa::0::0012::2,0,medical marijuana,"has anyone here gotten a prescription for medical marijuana for chronic joint pain? i'm in the process of switching rheumatologists, and i'm trying to understand what that conversation even looks like. not asking whether it 'works for everyone' or anything like that, just wondering how people brought it up and what form they were offered.",1
synth::absa::0::0012::3,,synthpost::absa::0::0012::3,0,THC,"i'm trying to keep a simple symptom log for my lupus and want to include everything i'm taking, including thc edibles that my partner suggested i ask my doctor about. for those who use them, do you notice anything specific i should be tracking, like sleep, nausea, or next-day brain fog? mostly gathering info right now.",1
synth::absa::0::0012::4,,synthpost::absa::0::0012::4,0,weed,"weird question maybe, but does weed interfere with anyone's appetite when they're already dealing with medication side effects? i have ankylosing spondylitis and sometimes the pain meds make me queasy, so i'm just collecting experiences before i decide whether to mention it at my next appointment. no big agenda, just trying to understand what others have run into.",1
synth::absa::0::0013::0,,synthpost::absa::0::0013::0,0,cbd,"has anyone here used cbd cream for hand pain from ra? i'm not looking for miracles, just wondering if it actually does anything for stiffness in the morning or if it mostly just feels nice for a bit. my rheumatologist is fine with me trying topical stuff, but i don't want to waste money on something that won't help at all. if you use cbd, what kind do you buy and how often do you apply it?",1
synth::absa::0::0013::1,,synthpost::absa::0::0013::1,0,marijuana,"quick question for people with lupus: does marijuana seem to affect your appetite or stomach symptoms in a noticeable way? i'm not asking about smoking vs edibles, just in general. i've been dealing with random nausea during flares and my friend mentioned it, but i'm trying to get a sense of whether it's even worth bringing up at my next appointment.",1
synth::absa::0::0013::2,,synthpost::absa::0::0013::2,0,thc,"my doctor recently changed my meds for psoriatic arthritis and i'm trying to sort out what helps with sleep now. i'm seeing a lot of talk online about thc gummies for pain and rest, but i don't know much about them and i'm not looking to mix things up without asking first. has anyone had issues with thc making you groggy the next day or interfering with other meds?",1
synth::absa::0::0013::3,,synthpost::absa::0::0013::3,0,medical marijuana,"i'm in the process of getting a medical marijuana card because my state finally made it possible, but i'm still a little lost on how the whole thing works for autoimmune stuff. mainly wondering if people use it more for pain, sleep, or appetite, and whether dispensary staff usually understand rheum conditions at all. any pointers before i make the appointment would be appreciated.",1
synth::absa::0::0013::4,,synthpost::absa::0::0013::4,0,weed,"my lower back has been brutal lately with ankylosing spondylitis, especially after sitting through work meetings all day. i keep seeing mixed opinions about weed and inflammation, so i'm curious what people here have actually noticed in real life. not looking for anyone to tell me what i should do, just trying to hear some experiences from others dealing with the same kind of pain.",1
synth::absa::0::0014::0,,synthpost::absa::0::0014::0,0,cbd,"anyone here use cbd for morning stiffness? i'm trying to figure out if it does anything noticeable for joint pain or if it's mostly just a calming thing. my rheum is fine with me looking into it, but i don't want to waste money on a product that ends up doing nothing for me. if you tried it, did you notice any difference in sleep, pain, or anxiety, and was it better as a tincture, gummies, or topical?",1
synth::absa::0::0014::1,,synthpost::absa::0::0014::1,0,medical marijuana,"i have an appointment next month to talk about medical marijuana because my doctor said it might be worth discussing alongside my current meds. i'm not looking for miracles, just wondering what people asked about at the evaluation and whether the process was straightforward. if anyone has experience using it for chronic inflammation or sleep, i'd be curious how it fit in with the rest of your treatment plan.",1
synth::absa::0::0014::2,,synthpost::absa::0::0014::2,0,thc,"quick question for people who use thc products and are on dmards: do you take them at the same time as your meds or keep them separate? i'm mostly asking because i have a tincture i've been considering for evenings, but i don't know if timing matters or if it's just personal preference. any practical tips would help.",1
synth::absa::0::0014::3,,synthpost::absa::0::0014::3,0,weed,"my partner suggested i ask here before i try anything new. i have been dealing with flare-related nausea and a lot of fatigue, and i'm trying to decide whether weed is something i should even bring up with my doctor or if it's just one of those things people experiment with on their own. not asking for medical advice, just wondering what kinds of questions you all asked before trying it and whether there were any concerns about interactions.",1
synth::absa::0::0014::4,,synthpost::absa::0::0014::4,0,cannabis,"does cannabis tend to be more helpful for pain, sleep, or appetite in your experience? i see people mention it for all three, but the replies are all over the place and i'm trying to understand what it actually seems to do for autoimmune symptoms. if you use it, what form did you start with and did your doctor have any opinion on it?",1
synth::absa::0::0015::0,,synthpost::absa::0::0015::0,0,cbd,"quick question for people with autoimmune arthritis: has anyone had their rheumatologist actually ok cbd for morning stiffness? i’m on hydroxychloroquine and naproxen, and i’m trying to keep my routine simple because i already take enough pills. not asking for a miracle, just wondering if cbd was worth adding or if it didn’t do much either way. i’ve seen so many mixed reviews that i can’t tell what’s hype and what’s not.",1
synth::absa::0::0015::1,,synthpost::absa::0::0015::1,0,medical marijuana,"my gp brought up medical marijuana as an option for sleep since my ra pain keeps waking me up around 3am. i’m not looking to get blasted, just trying to get through the night and function at work the next day. if you’ve used medical marijuana for sleep, did you notice any difference in pain, or was it mostly just sedation? also curious if it played weird with your other meds.",1
synth::absa::0::0015::2,,synthpost::absa::0::0015::2,0,thc,"anyone here with lupus tried low-dose thc tinctures for nausea? i get pretty queasy after dinner on bad days and sometimes after prednisone, but i’m hesitant because i still have to drive and take care of my kids. i’m mostly trying to figure out what to expect, if anything. thc seems to be suggested a lot and i just want to know if it’s been useful for some people or if i should skip it.",1
synth::absa::0::0015::3,,synthpost::absa::0::0015::3,0,cannabis,"i’m in the uk and my consultant mentioned cannabis in passing during my last appointment for ankylosing spondylitis, but we didn’t get into details. i’m not even sure where to start with dosage, oil vs flower, or whether it’s typically used for pain or sleep. has anyone here discussed cannabis with their rheumatology team and gotten practical advice, or is it usually a trial-and-error situation?",1
synth::absa::0::0015::4,,synthpost::absa::0::0015::4,0,weed,"this is probably a dumb question, but how do you all talk about weed around doctors without sounding like you’re just trying to self-medicate everything? i have sjogren’s and the dry mouth plus joint pain are making me feel miserable some days. i’ve never used it before. i’m not opposed to it, just trying to understand whether it’s something people actually bring up in clinic or if it’s better left alone.",1
synth::absa::0::0016::0,,synthpost::absa::0::0016::0,0,cbd,"has anyone here asked their rheum about cbd for morning stiffness? i'm not looking for miracles, just trying to figure out if it's even worth bringing up at my next appointment. i have ra and i'm already on methotrexate + folic acid, plus naproxen when things are ugly. my main concern is whether cbd could mess with liver labs or make me too sleepy during the day. if anyone has a routine that didn't cause issues, i'd be interested in hearing how you approached the conversation with your doctor.",1
synth::absa::0::0016::1,,synthpost::absa::0::0016::1,0,cannabis,"i've seen a few people in this sub mention cannabis for sleep and pain, and i'm a little confused about how it fits in with biologics. i'm on humira for psoriatic arthritis and my sleep has been trash lately because of shoulder pain. not asking for a miracle cure, just wondering whether cannabis has been something your doctor was okay with, or if you had to adjust timing around other meds. any general experiences are helpful.",1
synth::absa::0::0016::2,,synthpost::absa::0::0016::2,0,marijuana,"quick question for those with lupus: did your rheumatologist have any concerns about marijuana and inflammation, or is it mostly treated like any other symptom management option? i don't smoke, but a friend keeps telling me to look into it for nighttime pain. i'm not against it or anything, i just don't know what the practical side looks like for someone already taking hydroxychloroquine and low-dose prednisone. curious how people even start that conversation.",1
synth::absa::0::0016::3,,synthpost::absa::0::0016::3,0,thc,"does anyone use thc topicals for joint pain? i've been trying diclofenac gel on my hands and wrists, but my knuckles are still pretty angry by evening. a local dispensary has a thc balm and i'm not sure if those products are mostly marketing or if people with inflammatory arthritis actually notice a difference. i don't want to spend a lot on something useless, but i'm open to hearing what has or hasn't worked for others.",1
synth::absa::0::0016::4,,synthpost::absa::0::0016::4,0,medical marijuana,"i live in a state where medical marijuana is an option, and my pcp mentioned it in passing when we were discussing pain control. i have sjogren's and a pretty stubborn cervical spine issue, so i'm trying to learn what the process is before i make any decisions. do you need documentation from the rheum, or is a pcp enough to get started? also wondering if it tends to be more helpful for sleep, nausea, or just general ache. just trying to get a realistic picture.",1
synth::absa::0::0017::0,,synthpost::absa::0::0017::0,0,medical marijuana,"has anyone with ra asked their rheumatologist about medical marijuana for sleep? i'm not looking for a miracle, just trying to figure out whether it's something people bring up in appointment or if it's better to talk to a pain clinic first. i already take methotrexate and folic acid, and i'm mostly curious about what questions to ask before even considering it.",1
synth::absa::0::0017::1,,synthpost::absa::0::0017::1,0,cbd,"little update / question: i bought a small bottle of cbd gummies because my hands have been aching after work. i took them for about a week and honestly couldn't tell if anything changed one way or the other. maybe i didn't use them long enough? if anyone has a routine that seemed worth sticking with, i'd be interested in hearing it.",1
synth::absa::0::0017::2,,synthpost::absa::0::0017::2,0,cannabis,"i have a follow-up with my rheumy next month and i'm trying to make a list of everything i should mention, including cannabis. i've seen mixed stuff online about interactions with biologics, and i don't want to be weird about it, just prepared. if you've ever brought it up with your doctor, how did that conversation go?",1
synth::absa::0::0017::3,,synthpost::absa::0::0017::3,0,thc,"curious if anyone here has tried low-dose thc at night for stiffness. i'm not asking for dosing advice, just wondering whether people find it makes mornings better, worse, or basically no different. i have sjogren's and a bit of inflammatory back pain, and i'm trying to compare notes before i decide if it's even worth discussing with my doctor.",1
synth::absa::0::0017::4,,synthpost::absa::0::0017::4,0,weed,"my spouse says i should probably ask here: does weed affect your appetite when you're on prednisone? i haven't used it in years, and i'm mainly trying to understand if anyone notices anything unusual with their meds. not trying to start anything, just gathering real-world experiences because google is a mess.",1
synth::absa::0::0018::0,,synthpost::absa::0::0018::0,0,cbd,"hey everyone, i’m waiting on my first rheum appointment for possible psoriatic arthritis and i’m trying to get a handle on what actually helps day to day. my knees, wrists, and feet are stiff in the morning and then ache by afternoon, especially after work. i’ve already cut back on ibuprofen because my stomach does not love it. has anyone here used cbd oil or gummies alongside their regular meds? i’m not looking for a miracle, just curious whether it’s been worth trying for sleep or general soreness while i wait for a plan from the doctor.",1
synth::absa::0::0018::1,,synthpost::absa::0::0018::1,0,cannabis,"hi all. i have sle and raynaud’s and lately the cold weather has been making my hands throb and turn white constantly. my rheumatologist adjusted my meds last month, but i still have a lot of fatigue and random joint pain. i see a lot of mixed info online about cannabis and autoimmune disease, so i figured i’d ask people who actually live with it. if you’ve brought it up with your rheum, did they have concerns about interactions or did they mostly just tell you to monitor how you feel?",1
synth::absa::0::0018::2,,synthpost::absa::0::0018::2,0,marijuana,"question for the group: has anyone with ra had routine bloodwork affected by using marijuana? i’m scheduled for labs before my next infusion and i’m trying to be careful about anything that might confuse the results. i’m not asking because i have any big opinion either way, just wondering whether it matters for crp/esr, liver enzymes, or anything else my doctor checks. if you were honest with your rheumatologist about marijuana, did they care or ask you to stop before testing?",1
synth::absa::0::0018::3,,synthpost::absa::0::0018::3,0,thc,"good evening. i have ankylosing spondylitis and usually manage okay with my biologic plus meloxicam, but my sleep has been awful the last couple of weeks because of back pain and rib pain. a friend mentioned a low-dose thc tincture, and i’m just trying to understand what people use it for. not really looking for recreational stuff, more like whether thc has been part of your nighttime routine or if it made you too groggy the next day. any experiences welcome, especially from folks who are on other meds too.",1
synth::absa::0::0018::4,,synthpost::absa::0::0018::4,0,medical marijuana,"hi, i’m 38 and recently diagnosed with lupus after months of weird symptoms that kept getting brushed off. i’m still figuring out the medication side of things and have a follow-up with rheumatology next month. in the meantime i’m dealing with nausea from prednisone, poor sleep, and a lot of joint pain in my hands. i already have an appointment with a pain clinic, and i was wondering whether medical marijuana is something they even discuss for symptom control in cases like this. i’m just gathering information before i go in, not making any decisions yet.",1
synth::absa::0::0019::0,,synthpost::absa::0::0019::0,0,cbd,"Anyone with RA tried cbd for morning stiffness? I’m not looking for a miracle or anything, just wondering what dose/form people have used and whether it interacted with your meds. My rheum didn’t seem opposed, but I’m trying to get a sense of what others have actually noticed before I spend money on it.",1
synth::absa::0::0019::1,,synthpost::absa::0::0019::1,0,cannabis,"Has anyone here discussed cannabis with their dermatologist/rheumatologist for autoimmune skin flares? I’m mostly curious about whether they wanted labs checked first or if there were any concerns with biologics. I’m not asking for medical advice, just trying to understand how people approached the conversation.",1
synth::absa::0::0019::2,,synthpost::absa::0::0019::2,0,medical marijuana,"I have mixed connective tissue disease and a neighbor mentioned medical marijuana as an option for pain and sleep. I’ve never used it, so I’m doing a little research before I bring it up at my next appointment. If you’ve talked with your doctor about medical marijuana, did they have you try anything specific first or just want to review your meds list?",1
synth::absa::0::0019::3,,synthpost::absa::0::0019::3,0,thc,"Quick question for folks with lupus: does low-dose thc make anyone feel more functional at night, or does it mostly just make you sleepy? I’m seeing a lot of different products and trying to figure out what’s actually worth asking my doctor about. I’d be interested in hearing how people dose it too.",1
synth::absa::0::0019::4,,synthpost::absa::0::0019::4,0,weed,"My occupational therapist suggested I keep a symptom journal for pain, fatigue, and sleep, so I’m adding everything that seems to affect me, including weed. If anyone in here tracks symptoms like that, do you note the strain or just the time and amount? I’m mostly trying to be organized before my next rheum visit.",1
synth::absa::0::0020::0,,synthpost::absa::0::0020::0,0,cbd,"has anyone here tried cbd gummies or cream for morning stiffness? i have psoriatic arthritis and the hand pain is worst when i wake up. i'm not looking for a miracle, just wondering if it made any difference for anyone or if it was basically a waste of money.",1
synth::absa::0::0020::1,,synthpost::absa::0::0020::1,0,cannabis,"i've been reading mixed things about cannabis and autoimmune stuff, so i figured i'd ask here. i'm on methotrexate for ra and my doctor said to be careful with random supplements. has anyone actually talked to their rheum about cannabis use, and did it change anything in your treatment plan?",1
synth::absa::0::0020::2,,synthpost::absa::0::0020::2,0,marijuana,"newly dealing with ankylosing spondylitis and trying to sort out the nighttime pain situation. a friend mentioned marijuana for sleep, but i don't know much about it and i'm not trying to get high all day or anything. curious what people have noticed, if anything, for sleep and pain.",1
synth::absa::0::0020::3,,synthpost::absa::0::0020::3,0,thc,"does anyone have thoughts on thc tinctures for flare days? i'm mainly interested in whether the dose is easier to control than edibles, since my stomach hates a lot of meds already. just looking for practical experiences from people with ra or lupus.",1
synth::absa::0::0020::4,,synthpost::absa::0::0020::4,0,medical marijuana,"my state just updated the rules for medical marijuana and i might actually qualify now because of chronic pain from sjogren's and inflammatory arthritis. before i spend money on the paperwork, i wanted to ask if the certification process was annoying or pretty straightforward for anyone else. also curious whether your rheumatologist was supportive or not.",1
synth::absa::0::0021::0,,synthpost::absa::0::0021::0,0,cbd,"has anyone here used cbd oil for morning stiffness? my rheum said it wouldn't hurt to ask, but i don't really know what to expect. i'm mostly trying to get through the first hour of the day without feeling like a tin robot. if you tried cbd, did you notice anything at all, or was it basically just another thing to keep track of?",1
synth::absa::0::0021::1,,synthpost::absa::0::0021::1,0,medical marijuana,"my state just changed the rules for medical marijuana and i'm looking into whether it's even worth the paperwork. i'm not expecting miracles, just hoping for something that might help with pain on the bad days. if anyone has gone through the process with RA or lupus, was it complicated to get approved?",1
synth::absa::0::0021::2,,synthpost::absa::0::0021::2,0,weed,"random question for the group: does weed make anyone else feel more aware of their joints, or does it help you tune out the pain? i don't smoke much and i'm not trying to turn this into a big debate, just curious how people with inflammatory arthritis usually approach it. my sister keeps suggesting it and i figured i'd ask folks who actually live with this stuff.",1
synth::absa::0::0021::3,,synthpost::absa::0::0021::3,0,thc,"i picked up a low-dose thc gummy after seeing a few people mention it in another thread. haven't taken it yet because i'm trying to read up on dosing and interactions first. if anyone has used thc at night for pain/sleep, did you start tiny and work up, or did you notice it was too much right away?",1
synth::absa::0::0021::4,,synthpost::absa::0::0021::4,0,cannabis,"my doctor said i should bring a full list of everything i'm taking, including supplements and cannabis products, before we adjust my meds next month. i'm not using much at the moment, just occasionally, but i'm trying to be organized so i don't miss anything important. anyone else have to keep a little chart for appointments? it feels like i need one just to keep my own notes straight.",1
synth::absa::0::0022::0,,synthpost::absa::0::0022::0,0,cbd,"Anyone here take cbd for morning stiffness? I have RA and my hands are the worst before I get moving. I’m on hydroxychloroquine right now and my doctor said to keep an eye on anything new I add, so I’m just trying to figure out whether cbd is even worth asking about at my next appointment. Mostly looking for experiences, not trying to change my whole routine.",1
synth::absa::0::0022::1,,synthpost::absa::0::0022::1,0,medical marijuana,"Hi all, quick question about medical marijuana in an AS group. My state finally approved my application, but I’m a little lost on what the process is actually like once you get the card. Do rheumatologists usually have opinions about it, or is it mostly up to the pain clinic? I’m not expecting miracles, just trying to understand what people usually do.",1
synth::absa::0::0022::2,,synthpost::absa::0::0022::2,0,thc,"Has anyone had labs or med changes affected by low-dose thc gummies? I’ve got lupus and take azathioprine, plus gabapentin at night, and I was told to be careful about anything sedating. I’m not looking for a yes/no miracle answer, just wondering if there are any common things people watch for when they try thc.",1
synth::absa::0::0022::3,,synthpost::absa::0::0022::3,0,weed,"kinda random but i’m curious how folks handle weed and work with autoimmune stuff. i have sjogren’s and some days the fatigue is just ridiculous, but i also have to drive for my job so i’m not sure what’s realistic. if anyone uses it only occasionally, does it seem to mess with your next-day energy or concentration? just trying to get a sense of it.",1
synth::absa::0::0022::4,,synthpost::absa::0::0022::4,0,cannabis,"My rheum mentioned that some patients ask about cannabis for pain, and I realized I actually don’t know much about it beyond what’s in articles online. I have PsA and can’t take NSAIDs well, so I’m mostly collecting info before I bring it up again. For those who’ve discussed cannabis with their doctor, was it just a quick conversation or did they want details on dose, form, etc.?",1
synth::absa::0::0023::0,,synthpost::absa::0::0023::0,0,cbd,"hey all, quick question about cbd. i was diagnosed with seronegative ra last year and my knees/hands are the worst when the weather changes. i’m not looking for a miracle, just wondering if anyone has noticed cbd helping with sleep or morning stiffness without making them feel weird the next day. i’m already on methotrexate and naproxen, so i’d also love to know if there are any interactions people were warned about. if it matters, i’m not using anything recreational, just trying to figure out whether it’s even worth bringing up at my next appointment.",1
synth::absa::0::0023::1,,synthpost::absa::0::0023::1,0,cannabis,"does anyone here track symptoms with cannabis use? i have psoriatic arthritis and my rheum is happy with my current meds, but i still have random fatigue and pain spikes. a friend mentioned cannabis as something some people use for sleep, yet i can’t tell if it actually helps inflammation or if it’s mainly just distracting from the pain. not asking for medical advice, just trying to hear how others have navigated it and whether it changed anything for daytime functioning.",1
synth::absa::0::0023::2,,synthpost::absa::0::0023::2,0,medical marijuana,"i have a consultation coming up and i’m trying to be prepared. my gp suggested i read up on medical marijuana since i’ve had a rough year with lupus flares and poor sleep, but i honestly know almost nothing about it. if anyone has gone through the process, did you notice it helped more with pain, nausea, or sleep? also curious if it caused any issues with brain fog because that’s already one of my biggest problems. just gathering info before i decide what questions to ask.",1
synth::absa::0::0023::3,,synthpost::absa::0::0023::3,0,weed,"kind of an odd question, but does weed affect your stamina during exercise? i’ve got ankylosing spondylitis and i’m trying to stay consistent with stretching, walking, and pool therapy. i’m not a regular user, but a couple people at my support group mentioned it in passing and i’m not sure whether they meant it helped them relax or whether they actually found it useful for pain after workouts. if you’ve tried it, i’d be interested in hearing how you handle dosing and timing around physical therapy.",1
synth::absa::0::0023::4,,synthpost::absa::0::0023::4,0,thc,"hello, i’m looking for people with experience using thc for sleep. my main issue is waking up every few hours because my hands and hips ache, and once i’m up i can’t settle back down. i’m not interested in arguing for or against it, i just want to know what forms people found easiest to use, especially if you have ra or sjogren’s and are already on other meds. i’m mostly comparing options because i’ve never tried it before and don’t know what to expect.",1
synth::absa::0::0024::0,,synthpost::absa::0::0024::0,0,cbd,"quick question for anyone with ra or lupus: has anyone been told by their doctor whether cbd is okay to use alongside methotrexate? i'm not looking for a miracle fix, just trying to understand if there are any interactions or things i should ask my pharmacist before trying it for sleep.",1
synth::absa::0::0024::1,,synthpost::absa::0::0024::1,0,cannabis,"my rheumatologist mentioned that some patients ask about cannabis for pain, but we didn't really get into details during my appointment. if you've brought cannabis up with your specialist, what kind of questions did they ask back? i'm mostly trying to figure out what information i should have ready before i bring it up again.",1
synth::absa::0::0024::2,,synthpost::absa::0::0024::2,0,marijuana,has anyone here had to deal with workplace drug testing and still wanted to ask about marijuana for symptom relief? i have a follow-up for sjogren's next week and i'm debating whether it's even worth mentioning to my doctor. just trying to get a sense of how people handle the conversation.,1
synth::absa::0::0024::3,,synthpost::absa::0::0024::3,0,thc,"i'm reading mixed things about thc and autoimmune issues, so i'm wondering if anyone has experience with low-dose thc edibles for nighttime pain. not asking whether it ""works"" in general, just whether it caused any weird issues with other meds or made daytime fatigue worse.",1
synth::absa::0::0024::4,,synthpost::absa::0::0024::4,0,medical marijuana,"does anyone know if a medical marijuana card changes anything when you're seeing multiple specialists? i have a rheum, a pain clinic, and a PCP, and i'm trying to keep everyone on the same page. mostly wondering what information usually gets documented and whether it affects prescription planning.",1
synth::absa::0::0025::0,,synthpost::absa::0::0025::0,0,cbd,"hey all, quick question about cbd. i’m on methotrexate and folic acid for inflammatory arthritis and lately my hands have been stiff in the mornings again. my rheum is booked out forever so i’m just trying to gather info before i ask her next visit. has anyone here actually tried cbd gummies or a tincture for everyday joint pain, or is it mostly a sleep thing? i’m not looking for miracles, just wondering if it’s worth bringing up.",1
synth::absa::0::0025::1,,synthpost::absa::0::0025::1,0,medical marijuana,"i was just diagnosed with psoriatic arthritis last month and i’m still figuring out what all the meds are supposed to do. my pharmacist mentioned that some patients ask about medical marijuana for pain, but i’ve never used it and honestly know nothing about it. does anyone with psA use medical marijuana alongside biologics or nsaids? i’m mainly curious about whether it helps with stiffness or if it’s more for coping with flare days.",1
synth::absa::0::0025::2,,synthpost::absa::0::0025::2,0,thc,"does anyone know if thc is a problem with plaquenil or prednisone? i’m trying to make a list of questions for my appointment because my brain turns to mush at the doctor’s office. i’m not asking for medical advice, just wondering what other people were told. if you’ve had to separate thc from your evening meds or if your rheum said it was fine, i’d appreciate hearing how it was handled.",1
synth::absa::0::0025::3,,synthpost::absa::0::0025::3,0,weed,"i’ve got ankylosing spondylitis and the weirdest part of this year has been how unpredictable the fatigue is. some days i can push through work, other days i’m basically glued to the couch. a friend suggested weed when the pain and nausea are both bad, but i don’t really know anyone personally who uses it for arthritis stuff. if you’ve tried weed, did you notice anything specific like appetite, sleep, or just feeling more relaxed? trying to decide if it’s even worth asking about.",1
synth::absa::0::0025::4,,synthpost::absa::0::0025::4,0,cannabis,"long shot here but has anyone with lupus been using cannabis for sleep? i’m not looking to start a debate, i just want to know what other patients have experienced. i take hydroxychloroquine, occasional naproxen, and a muscle relaxer at night, but the past couple weeks i keep waking up at 3am and then the joint pain starts. i’ve seen a lot of mixed info online about cannabis and autoimmune disease, so i figured i’d ask people who actually live with it. if it matters, i’m in a state where it’s legal.",1
synth::absa::0::0026::0,,synthpost::absa::0::0026::0,0,cbd,"anyone here use cbd alongside hydroxychloroquine? my rheum said it was probably fine but i forgot to ask about timing with my other meds. i'm not looking for a miracle, just curious if it actually helps with stiffness at all or if it's mostly the placebo effect for people with ra. if you've tried it, what form did you use? oil, gummies, cream, whatever.",1
synth::absa::0::0026::1,,synthpost::absa::0::0026::1,0,cannabis,"i was offered a medical cannabis consult after my last appointment because my pain has been rough this winter. i don't really have an opinion on it yet, i just don't know what to expect. does cannabis tend to make fatigue worse for anyone with sjogren's or lupus? i'm trying to figure out whether it is worth the hassle before i spend time on the paperwork.",1
synth::absa::0::0026::2,,synthpost::absa::0::0026::2,0,marijuana,"my primary care doctor casually brought up marijuana as an option for sleep and pain, which surprised me because i assumed they wouldn't mention it. i haven't used it before and i'm not trying to get high, just looking for something that doesn't wreck my stomach like nsaids do. if anyone has gone through the medical side of it, was the process annoying or pretty straightforward?",1
synth::absa::0::0026::3,,synthpost::absa::0::0026::3,0,thc,"has anyone with inflammatory arthritis tried a low dose thc tincture at night? i picked one up after reading a few posts here, but i'm still figuring out the dose because i don't want to feel out of it the next morning. so far it seems maybe helpful for sleep, but that's about all i can say. wondering what other people noticed the first week or so.",1
synth::absa::0::0026::4,,synthpost::absa::0::0026::4,0,weed,"random question for the group: does weed do anything for joint swelling, or is it mainly just for pain and sleep? i see people say both, and i'm a little confused. i'm not against it, i'm just trying to understand whether it's actually useful for autoimmune stuff or if i'm better off focusing on the meds i'm already on.",1
synth::absa::0::0027::0,,synthpost::absa::0::0027::0,0,cbd,"anyone here with psoriatic arthritis using cbd while on methotrexate? my rheum didn't have a strong opinion and i just want to make sure i'm not missing something obvious. i'm mostly looking at a topical cbd balm for my hands because they stay stiff in the morning, but i haven't bought anything yet. if you've asked your doctor about cbd and it was fine, what did they tell you to watch for?",1
synth::absa::0::0027::1,,synthpost::absa::0::0027::1,0,medical marijuana,"hi all, 31f with sle and rashing up lately. my fatigue is getting ridiculous and i'm trying to read up on medical marijuana before i bring it up at my next appointment. i'm not asking for a miracle, just wondering what the usual process is and whether specialists tend to be open to the conversation. if anyone in here has gone through it, i'd love to hear how you started the discussion.",1
synth::absa::0::0027::2,,synthpost::absa::0::0027::2,0,thc,"does thc show up as an issue with any of your meds or lab work? i have ra and sjogren's and i'm on hydroxychloroquine, plus a bunch of otc stuff when i flare. a friend offered me a low-dose thc edible but i don't want to make anything harder to manage. just trying to get informed before i decide anything.",1
synth::absa::0::0027::3,,synthpost::absa::0::0027::3,0,cannabis,"my rheumatologist mentioned that there are patients who ask about cannabis for sleep and pain, but she said the evidence is still pretty mixed. i have ankylosing spondylitis and i'm currently reading whatever i can find so i can have a normal conversation at my next visit instead of awkwardly googling at 2am. if anyone has a paper or patient guide they liked, please share.",1
synth::absa::0::0027::4,,synthpost::absa::0::0027::4,0,weed,"random question for the group: has anyone used weed cream or any other topical for finger joints? i get a lot of swelling in my hands after typing all day and i'm trying to compare options, not really looking to switch anything yet. just curious whether people found it annoying to use, easy to apply, or basically useless.",1
synth::absa::0::0028::0,,synthpost::absa::0::0028::0,0,cbd,"anyone with sjogren's or ra tried cbd for jaw pain / dry mouth discomfort? i keep seeing mixed info and i'm mostly just trying to figure out whether it does anything noticeable for stiffness or sleep. not looking for hype, just real experiences and what form you used (oil, gummies, cream, etc.).",1
synth::absa::0::0028::1,,synthpost::absa::0::0028::1,0,cannabis,"my rheumatologist mentioned cannabis as something some patients ask about, but didn't really have much to add. for those of you with lupus, did you notice any change in morning stiffness or nausea, or was it basically a wash? curious how long you gave it before deciding it helped or not.",1
synth::absa::0::0028::2,,synthpost::absa::0::0028::2,0,marijuana,"has marijuana been worth trying for anyone with ankylosing spondylitis and bad nighttime pain? i don't smoke at all, so i'm trying to understand the practical side of it more than anything else. if you tried it, did it help you relax enough to sleep or just make you sleepy without touching the pain?",1
synth::absa::0::0028::3,,synthpost::absa::0::0028::3,0,thc,"i'm on methotrexate and hcq and still having rough evenings, so i was looking into thc products out of curiosity. not sure if low-dose thc is even something worth bringing up at my next appointment or if it tends to be too unpredictable. would love to hear how people approached it in a medical context.",1
synth::absa::0::0028::4,,synthpost::absa::0::0028::4,0,medical marijuana,"for those with ra/fibro, how did you go about starting medical marijuana if you decided to try it? i'm in a state where it is allowed, but the whole process feels confusing and i'm not sure whether it is mainly used for pain, sleep, or appetite. just trying to learn what the experience is like before i ask about it.",1
synth::absa::0::0029::0,,synthpost::absa::0::0029::0,0,cbd,"hey everyone, quick question about cbd. i have ra and my knees/ankles have been flaring way more this winter. i’ve tried heating pads, topical diclofenac, and resting, but nights are still rough. a friend keeps telling me to try cbd gummies or a tincture, but i’m not sure what’s actually worth buying vs just expensive hype. did anyone notice any change in sleep, stiffness, or swelling with cbd, or is it more of a mild help for anxiety than pain? just trying to get a realistic idea before i spend more money.",1
synth::absa::0::0029::1,,synthpost::absa::0::0029::1,0,medical marijuana,"does anyone here use medical marijuana alongside their rheum meds? i’m on hydroxychloroquine and naproxen as needed, and my doctor is okay with me asking around but doesn’t really give much guidance. i’m not looking for a miracle, just wondering how people went about trying it and whether certain forms are easier to tolerate than others. i’ve seen a lot of mixed info online and would rather hear from people who actually have autoimmune stuff than random articles.",1
synth::absa::0::0029::2,,synthpost::absa::0::0029::2,0,thc,"question about thc for lupus pain: i tried a very small dose of an edible last month and it mostly just made me sleepy, which wasn’t terrible, but i couldn’t tell if it helped my joint pain or if i was just less aware of it for a few hours. my big issue is that i don’t want to feel weird or overly anxious. for anyone with sensitive stomach/joints/brain fog, did thc help at all when used super low and infrequently, or was it basically not worth it?",1
synth::absa::0::0029::3,,synthpost::absa::0::0029::3,0,weed,"i know this is probably a common topic, but has anyone with ankylosing spondylitis found weed useful for muscle tightness? i’m not asking about recreational stuff, just symptom management. i get terrible morning stiffness and sometimes my back feels like it’s locked up until noon. i’ve used it a couple times in the past, but honestly i never figured out whether it was helping the pain or just distracting me. if you use it, do you prefer flower, vape, or edibles?",1
synth::absa::0::0029::4,,synthpost::absa::0::0029::4,0,cannabis,"hi all, i’m putting together a list of things to ask my rheumatologist next visit and cannabis is on it. i have sjogren’s and inflammatory arthritis, and lately the dryness plus constant aches have been making it hard to sleep. i’m not trying to self-medicate blindly, i just want to know whether cannabis interacts with any of the meds i’m on or if there are forms that people tolerate better than others. if anyone has had a consult where they actually discussed cannabis in a practical way, i’d love to hear how that conversation went.",1
synth::absa::0::0030::0,,synthpost::absa::0::0030::0,0,cbd,"anyone with psoriatic arthritis use cbd drops or gummies at night? i'm trying to figure out if it makes any difference for sleep or morning stiffness, or if it's basically just expensive placebo. i'm on sulfasalazine and celecoxib right now, so if there are interaction issues i'd rather know before i try anything. not looking for a miracle, just curious what other people have noticed.",1
synth::absa::0::0030::1,,synthpost::absa::0::0030::1,0,cannabis,"my rheumatologist mentioned that some patients ask about cannabis for pain and nausea, but didn't really have a lot of detail beyond ""talk to your pharmacist."" i'm newly on methotrexate for suspected ra and the side effects have been the worst part so far. has anyone here had a conversation with their doc about cannabis and what questions did they ask you? i'm trying to be prepared for my next appointment.",1
synth::absa::0::0030::2,,synthpost::absa::0::0030::2,0,medical marijuana,"got my medical marijuana renewal paperwork in the mail today and realized i still have no clue whether the dispensary products matter much for autoimmune stuff. i have lupus and a pretty sensitive stomach, so i'm mostly wondering if people tend to use it for pain, appetite, or sleep. if you've gone through the card process before, was there anything you wish you'd known earlier?",1
synth::absa::0::0030::3,,synthpost::absa::0::0030::3,0,thc,"quick question for the group: does thc tend to help more with inflammation-related pain, or is it mainly just relaxing enough that you notice the pain less? i've got sjogren's and some mixed connective tissue disease symptoms, and i'm trying to sort out what people are actually using it for. i don't use it often, so any basic experiences would be helpful.",1
synth::absa::0::0030::4,,synthpost::absa::0::0030::4,0,weed,"kind of a random question, but does weed dry anyone out even more when you already have sjogren's? i know dryness is kind of the whole deal with this disease, so i'm not sure if it's worth even considering. i'm not asking for medical advice, just wondering how other people here have handled it and whether certain forms made a difference.",1
synth::absa::0::0031::0,,synthpost::absa::0::0031::0,0,cbd,"anyone with psoriatic arthritis use cbd gummies at night? i'm not expecting miracles, just trying to figure out whether it's worth adding to my routine or if it was basically a wash for you. my rheum is fine with me asking around, but i've only ever seen mixed posts and half the time people are talking about sleep instead of joint pain. if you tried cbd, did you notice anything at all or was it just another expensive supplement? not looking for medical advice, just real-world experiences.",1
synth::absa::0::0031::1,,synthpost::absa::0::0031::1,0,medical marijuana,"hi all, i'm in the middle of a long stretch of flare-ups with sjogren's and trying to keep my medication list as simple as possible. a friend mentioned medical marijuana as something some people use for pain or sleep, but i don't know anyone personally who has gone through the process. i'm not asking whether it 'works for everyone' or anything like that, just how the authorization process went and whether it was a hassle with doctors/pharmacies. medical marijuana seems very state-dependent so i'm mostly trying to understand logistics.",1
synth::absa::0::0031::2,,synthpost::absa::0::0031::2,0,thc,"quick question for anyone taking an oil that contains thc: do you avoid it before work or is the effect subtle enough for you that it doesn't matter? i've got ra and i'm considering a balanced cbd/thc product, but i'm nervous about feeling foggy since i already deal with fatigue. i'm not looking for a debate, just wondering how people here manage dosing and timing if they use thc at all.",1
synth::absa::0::0031::3,,synthpost::absa::0::0031::3,0,cannabis,"i was reading about different symptom management options for lupus and kept seeing cannabis mentioned in patient forums. i'm not asking whether it's a cure or anything dramatic; i'm just curious if anyone has used cannabis alongside standard meds and whether your doctor had any concerns about interactions or lung issues. i live in a legal state, so access isn't the question, more the practical side of it. if you have first-hand experience, i'd appreciate hearing what you were told at your appointment.",1
synth::absa::0::0031::4,,synthpost::absa::0::0031::4,0,weed,"does anyone here who has inflammatory arthritis use weed in any form other than smoking? i'm trying to avoid aggravating my lungs, so i'm looking at edibles or tinctures, but the amount of info online is all over the place. i don't need a recommendation for a brand, just wondering if people found weed helpful enough to keep around or if it mostly ended up being an occasional thing. curious how others approached it while staying on their prescription meds.",1
synth::absa::0::0032::0,,synthpost::absa::0::0032::0,0,cbd,"hey everyone, i was just diagnosed with psoriatic arthritis and i'm still trying to figure out what actually helps vs what just sounds nice in theory. a friend mentioned cbd gummies for stiffness and sleep, and i’m curious whether anyone here has tried them alongside their usual meds. i'm not looking for a miracle cure, just wondering if cbd made any noticeable difference for pain or if it was basically a wash. thanks for any experiences.",1
synth::absa::0::0032::1,,synthpost::absa::0::0032::1,0,medical marijuana,"my rheumatologist brought up medical marijuana as one of the things some patients use for symptom management, but i don't know much about it and haven't used it before. i have lupus and get a mix of joint pain, nausea from meds, and lousy sleep some nights. if anyone has gone through the process of trying medical marijuana, did it help at all with one symptom more than another? mainly just trying to learn what to ask about at my next appointment.",1
synth::absa::0::0032::2,,synthpost::absa::0::0032::2,0,thc,"i'm on methotrexate and hydroxychloroquine for ra and lately the nighttime pain has been making it hard to stay asleep. i've seen a few people mention thc products in passing, but i'm not sure what to make of them or whether they’re worth discussing with my doctor. if you’ve used thc in any form, did you notice any change in pain or sleep quality? looking for general experiences, nothing dramatic.",1
synth::absa::0::0032::3,,synthpost::absa::0::0032::3,0,weed,"has anyone here found that weed affects their appetite or nausea in a predictable way? i have sjogren's and maybe a bit of inflammatory arthritis, and some days the meds leave me too queasy to eat normally. i'm not asking for medical advice, just wondering if people with similar autoimmune stuff have had any practical experience with it. i know reactions vary a lot, so i'm mostly collecting perspectives.",1
synth::absa::0::0032::4,,synthpost::absa::0::0032::4,0,cannabis,"i'm filling out disability paperwork and one of the questions asked about substance use, which got me thinking about whether cannabis is something i should even mention at my next rheumy visit. i don't use it often, but i have tried a few edibles when my joints were flaring and i couldn't settle down. if others with ankylosing spondylitis have brought up cannabis with their doctors, was it a straightforward conversation or did it complicate things? just trying to navigate this without making assumptions.",1
synth::absa::0::0033::0,,synthpost::absa::0::0033::0,0,cbd,"hi everyone, i have ra and i’m trying to keep my symptom routine pretty simple right now. i’ve seen a lot of people mention cbd gummies, oils, and creams, but the info online is all over the place. for anyone who has actually tried cbd, did you notice anything with stiffness or sleep, or was it basically a wash? just trying to figure out whether it’s worth asking my rheum about or if i should skip it and stick with what i’m already doing.",1
synth::absa::0::0033::1,,synthpost::absa::0::0033::1,0,medical marijuana,"new here and hoping for some real-world advice. my psoriatic arthritis has been flaring hard this winter, and my primary mentioned medical marijuana as one possible option for pain control when nsaids aren’t enough. i’m not looking for a miracle, just wondering what people’s experience has been with getting a card, dosage forms, and whether it affected your daytime functioning. if you used medical marijuana alongside your usual meds, did it complicate anything with your doctor?",1
synth::absa::0::0033::2,,synthpost::absa::0::0033::2,0,weed,"does weed actually help with sleep when the joint pain is acting up? i’m dealing with spondyloarthritis and the nights are the worst part lately. i’ve never really used weed before, so i’m mostly curious about whether people find it useful for falling asleep, or if it just makes them groggy the next day. any experiences welcome, good or bad, i just want a better sense before i bring it up at my appointment.",1
synth::absa::0::0033::3,,synthpost::absa::0::0033::3,0,cannabis,"i had an appointment with my rheumatologist today and she asked if i had tried any non-prescription options for breakthrough pain. i mentioned cannabis in passing because a coworker swears by it, but i honestly don’t know much about it beyond the usual headlines. has anyone here used cannabis in oil, edible, or topical form for autoimmune joint pain? not asking for medical advice, just trying to understand what people actually notice and what they don’t.",1
synth::absa::0::0033::4,,synthpost::absa::0::0033::4,0,marijuana,"hey all, i’m in the process of sorting out a treatment plan for lupus and my brain is a little fried from reading too much. one thing i keep seeing on forum posts is marijuana, but the experiences seem really mixed depending on the person and the product. if you’ve tried it, did it change pain, appetite, nausea, or just make you feel a little more relaxed? i’m mainly collecting info so i can have a better conversation with my doctor.",1
synth::absa::0::0034::0,,synthpost::absa::0::0034::0,0,cbd,"question for anyone with ra/ibs overlap: has cbd oil ever made a noticeable difference for morning stiffness or sleep? my rheum didn't have a strong opinion either way, so i'm just trying to gather real-world experiences before i bother buying another bottle. i'm not looking for a miracle, just wondering if cbd is something people actually keep using or if it ends up sitting in the cabinet like everything else.",1
synth::absa::0::0034::1,,synthpost::absa::0::0034::1,0,weed,"i'm newly diagnosed with psoriatic arthritis and still figuring out what helps and what doesn't. does weed interfere with biologic meds or routine labs in any way? not asking for medical advice, just experiences from people who use it occasionally for pain or sleep. i have a follow-up with my rheumatologist next month and want to know what questions to ask.",1
synth::absa::0::0034::2,,synthpost::absa::0::0034::2,0,THC,"has anyone here been told to avoid THC before an mri or bloodwork? i use a tiny amount at night when my hands are flaring, but i don't want to make anything harder to interpret at appointments. if you have lupus or sjogren's and have dealt with this, i'd be curious what your doctor said. mainly trying to stay organized and not accidentally mess up testing.",1
synth::absa::0::0034::3,,synthpost::absa::0::0034::3,0,medical marijuana,"hi all, i'm in the process of getting evaluated for ankylosing spondylitis and i'm reading way too much online. one thing i've seen mentioned a lot is medical marijuana for pain and sleep, but i'm not sure how people bring it up with a rheumatologist without sounding like they're fishing for a card. does anyone have a good way to frame the conversation? i just want to be honest about what i'm trying and what isn't helping.",1
synth::absa::0::0034::4,,synthpost::absa::0::0034::4,0,cannabis,"does cannabis affect anyone else's appetite in a weird way during flares? sometimes i feel like it helps me eat normally, other times i can't tell whether it's the meds, the fatigue, or just the flare itself. i have ra and take methotrexate, so i'm also careful about liver stuff and interactions. mostly looking for patterns other people have noticed because my symptoms are all over the place.",1
synth::absa::0::0035::0,,synthpost::absa::0::0035::0,0,cbd,"newly diagnosed with connective tissue disease and trying to sort out what helps vs what’s just hype. my rheumatologist said i should ask before adding anything because i’m already on hydroxychloroquine and naproxen. has anyone tried cbd for morning stiffness or sleep? if it did anything for you, what form did you use (oil, gummies, lotion)? not looking for a miracle, just trying to compare notes and see whether it was worth the money.",1
synth::absa::0::0035::1,,synthpost::absa::0::0035::1,0,cannabis,"i have an appointment coming up and i’m making a list of questions for my doctor. one of them is cannabis, since my pain flares and nausea seem to come and go together. i’m not asking for a lecture, just wondering what people here were told about trying it with autoimmune stuff and whether it affected appetite, sleep, or labs in any obvious way. if you discussed cannabis with your rheum, what did they say?",1
synth::absa::0::0035::2,,synthpost::absa::0::0035::2,0,marijuana,"has anyone with ra actually been advised on marijuana use by their doctor? i’ve seen mixed info online and i’d rather hear from people who are dealing with the same meds and fatigue issues. mostly curious about whether it helped at all with pain at night, or if it just made the next day weird for you. i’m gathering info before my next visit so i can ask better questions.",1
synth::absa::0::0035::3,,synthpost::absa::0::0035::3,0,thc,"i’m trying to figure out whether thc products are even worth bringing up at my next follow-up. i get decent relief from some of my meds, but sleep is still a mess and pain breaks through when i’m trying to rest. if you’ve used thc alongside steroids or dmards, did your doctor have any concerns? i’m interested in practical experiences more than opinions either way.",1
synth::absa::0::0035::4,,synthpost::absa::0::0035::4,0,medical marijuana,"hello all, i’m in that annoying stage where every new treatment option is a maybe. my friend keeps suggesting medical marijuana for the pain and poor sleep, but i don’t know anyone in real life who has used it for lupus. for those who have, was the process hard to get approved, and did it actually change anything for symptoms like stiffness, appetite, or fatigue? just trying to understand what to expect.",1
synth::absa::0::0036::0,,synthpost::absa::0::0036::0,0,cbd,"anyone here use cbd with methotrexate and hydroxychloroquine? my rheum said it was up to me but didn’t really give specifics. i’m mostly curious about whether it messed with your stomach or made you drowsy during the day. i’m not looking for a miracle, just trying to figure out if it’s worth asking more about at my next appointment.",1
synth::absa::0::0036::1,,synthpost::absa::0::0036::1,0,cannabis,"i’ve seen a few people in the psoriatic arthritis groups mention cannabis for pain and sleep, so i wanted to ask here too. not sure if it actually helped them or if it was just another thing they tried while waiting on meds to kick in. if you use cannabis, did you notice any change in morning stiffness or was it mostly just a sleep aid?",1
synth::absa::0::0036::2,,synthpost::absa::0::0036::2,0,medical marijuana,"my rheumatologist’s office doesn’t prescribe anything like this, but i’m filling out paperwork for a medical marijuana consult next month because the extra pain has been messing with my sleep. i’m not planning to change my meds on my own, just want to see what the process is like. has anyone had to bring records or a diagnosis letter for medical marijuana?",1
synth::absa::0::0036::3,,synthpost::absa::0::0036::3,0,thc,"does thc topicals actually do anything for hands/wrists, or is it mostly a warm-and-fuzzy kind of effect? i have ra and the pain is worst at night after work. i’m not against trying it, i just don’t want to waste money on another cream that sits in the cabinet. curious what people’s experience has been.",1
synth::absa::0::0036::4,,synthpost::absa::0::0036::4,0,weed,"i never thought i’d be asking about weed on a rheum forum, but here we are. since my sjogren’s symptoms started i’ve had a lot of trouble sleeping and my appetite has been all over the place. i’m trying to keep things simple and not add a bunch of new meds if i can avoid it. if anyone has talked to their doctor about weed, what was that conversation like?",1
synth::absa::0::0037::0,,synthpost::absa::0::0037::0,0,cbd,"anyone else with sjogren's tried cbd for dry mouth or sleep? my rheum said it probably wouldn't interact with my hydroxychloroquine, but i'm still trying to figure out whether it actually does anything for the constant ache in my hands. i'm not looking for a miracle, just wondering what people's routines are like and if there are any downsides i should know about.",1
synth::absa::0::0037::1,,synthpost::absa::0::0037::1,0,medical marijuana,"i've got ra and recently moved to a state where medical marijuana is an option. my pain specialist didn't have a strong opinion either way, but i have an upcoming follow-up and want to ask the right questions. does anyone use medical marijuana alongside methotrexate or a biologic? mostly curious about whether it helped with stiffness or just made sleep easier.",1
synth::absa::0::0037::2,,synthpost::absa::0::0037::2,0,thc,"quick question for the group: has anyone had weird issues with thc after starting lupus meds? i used to take an edible occasionally before i was diagnosed, and i'm trying to see if it still fits with my current treatment plan. not really asking if it's good or bad, just whether people have found a dose that works without making them feel off the next day.",1
synth::absa::0::0037::3,,synthpost::absa::0::0037::3,0,weed,"i'm waiting on a referral for a new rheumatologist and in the meantime my knees and wrists are being annoying as usual. a friend mentioned weed oils, but i have no idea if that would be useful or just another thing to buy and sit on the shelf. if you've tried it for autoimmune pain, what was your experience with timing, sleep, or any side effects?",1
synth::absa::0::0037::4,,synthpost::absa::0::0037::4,0,cannabis,"does anyone here bring up cannabis with their doctor, or do you just leave it out of the conversation? i have psoriatic arthritis and my meds are otherwise pretty standard, but i'm trying to keep track of everything that could affect fatigue and appetite. i'm not looking for a debate, just wondering how people handle it when they have a full med list and still want to mention cannabis.",1
synth::absa::0::0038::0,,synthpost::absa::0::0038::0,0,cbd,"has anyone here used cbd for morning stiffness or sleep? i’m newly dealing with inflammatory arthritis and my rheumatologist keeps me on nsaids for now, but nights are still rough. i’m not trying to replace anything, just wondering if cbd did anything noticeable for pain or if it mostly just helped people relax. curious what form you tried too, gummies, oil, etc.",1
synth::absa::0::0038::1,,synthpost::absa::0::0038::1,0,marijuana,"i’m waiting on my next follow-up and trying to keep my symptoms manageable in the meantime. has anyone with ra used marijuana at all for appetite or general discomfort? i’ve seen mixed opinions online, so i’m mostly looking for real experiences from people with autoimmune stuff. if it helped you function better, that’d be good to know, but i’m not expecting miracles.",1
synth::absa::0::0038::2,,synthpost::absa::0::0038::2,0,weed,"random question for folks with lupus: does weed affect your fatigue in either direction? i’m not talking about smoking every day or anything, just occasional use when pain is bad. i’m trying to figure out whether it tends to make people groggy the next day or if that depends on the strain/dose. my doctor is neutral, so i’m gathering info before i decide anything.",1
synth::absa::0::0038::3,,synthpost::absa::0::0038::3,0,medical marijuana,"my state finally approved me for medical marijuana after months of paperwork and i’m honestly still figuring out what to do with it. i have spondyloarthritis and sleep has been the hardest part lately. has anyone started with tinctures or low-dose edibles and found them easy to dose? i’m mainly hoping for something predictable, not looking to get completely knocked out.",1
synth::absa::0::0038::4,,synthpost::absa::0::0038::4,0,thc,"for those of you who’ve tried thc products, did you notice any difference in muscle tension vs actual joint pain? i’ve got sjogren’s and some pretty annoying shoulder and hand pain, and i’m deciding whether it’s worth a trial. i’m a little cautious because i don’t like feeling spacey, so i’d probably start very low. just wondering what other people’s experiences have been.",1
synth::absa::0::0039::0,,synthpost::absa::0::0039::0,0,cbd,"has anyone found cbd helpful for morning stiffness? i'm newly dealing with inflammatory arthritis and my rheum has me on hydroxychloroquine + naproxen right now. pain is manageable most days, but the first hour after waking up is rough and i'm trying to keep from adding a bunch more meds if i can avoid it. i'm not looking for a miracle or anything, just curious whether people here noticed any difference with cbd oil, gummies, topicals, etc. if it did help, how long did it take before you noticed anything?",1
synth::absa::0::0039::1,,synthpost::absa::0::0039::1,0,cannabis,"quick question for folks with autoimmune stuff: does cannabis seem to affect your sleep in a way that actually helps recovery, or is it just masking pain for a few hours? i've been having a lot of trouble staying asleep during flares and my doctor mentioned i could ask about non-opioid options. i'm not against trying it, i just don't know where to start and the internet is all over the place. curious what others have experienced with it for nighttime symptoms.",1
synth::absa::0::0039::2,,synthpost::absa::0::0039::2,0,marijuana,"my primary care mentioned marijuana as something some patients try for chronic joint pain, but i haven't really talked to anyone with lupus/ra about it in real life. i'm mostly wondering about the practical stuff like timing, dosage, and whether it interacts weirdly with prednisone or methotrexate. i don't want to get overly sedated or feel gross the next day. if anyone here uses marijuana for symptoms, what was your learning curve like?",1
synth::absa::0::0039::3,,synthpost::absa::0::0039::3,0,thc,"anyone here use thc tincture during bad flare weeks? i was offered one by a dispensary pharmacist after i asked for something that might help with pain and appetite, but i don't have much experience with it. i've only ever tried very low-dose edibles years ago and didn't notice much either way. just trying to figure out if thc is worth discussing with my rheumatologist or if it's more trouble than it's worth for autoimmune symptoms.",1
synth::absa::0::0039::4,,synthpost::absa::0::0039::4,0,medical marijuana,"i'm filling out paperwork for medical marijuana and wanted to ask if anyone has had trouble getting approved when the main issue is mixed connective tissue disease plus chronic pain/fatigue. my rheum is supportive of me exploring options, but i keep second-guessing whether it makes sense for my symptoms since some days it's the joints and other days it's the nausea from meds. if you went through the medical marijuana process, was it straightforward or a headache?",1
synth::absa::0::0040::0,,synthpost::absa::0::0040::0,0,cbd,"hi all, quick question for anyone with ra or lupus who has tried cbd. my wrist and hand pain have been flaring a lot lately and i keep seeing different oils, gummies, and creams online. i’m not looking for a miracle or anything, just trying to figure out whether cbd is something people usually bring up with their rheumatologist or if it’s one of those things that doesn’t really do much. if you’ve used it, what form did you try and was it worth mentioning at your next appt?",1
synth::absa::0::0040::1,,synthpost::absa::0::0040::1,0,weed,"does weed interact with methotrexate at all? i’m not asking for medical advice, just wondering what other people were told when they asked their doctors. i’ve got a follow-up next week and don’t want to forget to mention it if it matters. my symptoms are pretty stable right now, mostly fatigue and achy joints, and i’m just trying to keep track of everything i’m taking.",1
synth::absa::0::0040::2,,synthpost::absa::0::0040::2,0,marijuana,"my friend keeps telling me to ask my rheum about marijuana for sleep, since i’m waking up from hip pain almost every night. i’m in that annoying stage where i’m not sure whether it’s actually helping anything or if people just say it helps. has anyone here had to list marijuana on their med sheet or discuss it at an appointment? just curious how that conversation usually goes.",1
synth::absa::0::0040::3,,synthpost::absa::0::0040::3,0,thc,"i bought a small thc topical last month because the pharmacist said some patients use it for sore hands, but i honestly can’t tell if it’s doing anything. maybe a little warmth, maybe nothing. i have sjogren’s and inflammatory arthritis, so i’m trying to keep notes on what changes from day to day. if you’ve used thc creams, how do you tell whether they’re making a difference or if it’s just the flare settling down on its own?",1
synth::absa::0::0040::4,,synthpost::absa::0::0040::4,0,medical marijuana,"i’m filling out paperwork for a new pain clinic and there’s a section asking about medical marijuana. i’ve never used it, but i don’t want to leave anything blank if it’s relevant to the treatment plan. i have ankylosing spondylitis and take nsaids plus a biologic, and i’m mostly dealing with stiffness and bad mornings. for those who’ve discussed medical marijuana with a specialist, did they care whether it was for pain, sleep, or both?",1
synth::absa::0::0041::0,,synthpost::absa::0::0041::0,0,cbd,"hey all, has anyone with sjogren's tried cbd for dry mouth or the weird nerve-y aches? my rheum mentioned it as an option but didn't really have much detail. i'm not looking for a miracle cure, just wondering what people here have noticed, good or bad, with cbd gummies/tinctures. thanks for any experiences.",1
synth::absa::0::0041::1,,synthpost::absa::0::0041::1,0,medical marijuana,"i have ra and keep seeing people bring up medical marijuana in patient groups. i'm curious how the process works in real life because my state just expanded access and i'm trying to understand if it helps more with sleep, stiffness, or just general pain. if anyone is comfortable sharing what the appointment/card process was like, i'd appreciate it.",1
synth::absa::0::0041::2,,synthpost::absa::0::0041::2,0,cannabis,"quick question for those dealing with lupus and joint pain: did cannabis make any difference for you during flares, or is it mostly something people use for resting/sleep? i'm trying to gather a few patient experiences before i bring it up at my next visit. not asking for medical advice, just wondering what others have found.",1
synth::absa::0::0041::3,,synthpost::absa::0::0041::3,0,thc,"my doctor said to be careful with thc because i already get pretty sensitive to meds and anxiety, but i've also read that some people with inflammatory arthritis do better with tiny amounts. has anyone here tried low-dose thc products and found them useful, or was it too much? i'm mostly trying to figure out what questions to ask.",1
synth::absa::0::0041::4,,synthpost::absa::0::0041::4,0,weed,"hello, i'm new here and have psoriatic arthritis. a friend suggested weed edibles might be worth looking into for pain and sleep, but i don't know much about it and i'm trying to get a sense of how other people handle it with their prescriptions. does anyone use weed on and off, or did you decide against it? would love to hear practical experiences.",1
synth::absa::0::0042::0,,synthpost::absa::0::0042::0,0,cbd,"hi everyone, i have psoriatic arthritis and my rheum suggested i keep a log of anything that seems to change my stiffness or sleep. i’m not looking for miracle stuff, just trying to figure out whether cbd oil makes any difference for me at night. has anyone tracked their symptoms with cbd and noticed if it changes morning pain or fatigue at all? i’m also on methotrexate, so if there are any common issues with timing or side effects i’d be interested to hear about them.",1
synth::absa::0::0042::1,,synthpost::absa::0::0042::1,0,weed,"just wondering if anybody with lupus has talked to their doctor about weed for nausea. my main issue is that i get queasy on bad flare days and sometimes can’t keep food down, but i’m trying to avoid taking too many different meds at once. i’m not asking for medical advice, just curious what people were told about using weed alongside hydroxychloroquine and occasional prednisone.",1
synth::absa::0::0042::2,,synthpost::absa::0::0042::2,0,cannabis,"i saw my pain specialist today and she mentioned that some patients ask about cannabis when regular pain meds are not doing much. she didn’t really push it either way, just said to bring it up with rheumatology because of my kidney history. i’ve never used it before, so i’m mostly trying to understand what people mean when they say cannabis helped with sleep vs helped with inflammation. if anyone has experience with the discussion side of it, i’d appreciate hearing how that conversation went.",1
synth::absa::0::0042::3,,synthpost::absa::0::0042::3,0,medical marijuana,"quick question for people here: did your insurance or clinic ever require paperwork for medical marijuana, or was it just a separate card visit? i’m in the process of sorting out treatment options for ankylosing spondylitis and my doctor brought it up as something i could look into, but the process is still a little confusing to me. i’m not committed to it, just trying to understand how people usually get started.",1
synth::absa::0::0042::4,,synthpost::absa::0::0042::4,0,thc,"i’m on a low-dose biologic for RA and my sleep has been awful lately. a friend gave me some info about thc products, but i’m trying to be careful because i have a pretty low tolerance for anything that makes me feel foggy. has anyone found thc to be better tolerated in a small edible dose compared with other forms? mostly looking for general experiences, since my goal is just to see whether it affects pain or sleep in a noticeable way.",1
synth::absa::0::0043::0,,synthpost::absa::0::0043::0,0,cbd,"i've got an appt with rheumatology next week for possible inflammatory arthritis and i keep seeing people mention cbd gummies and oils in older posts here. i'm not asking if it's a miracle cure or anything, just wondering how people usually bring it up with their doctor and whether it tends to interact with methotrexate or nsaids. i'm in a state where cbd is easy to find but the rules around products are kind of confusing, so i wanted to hear from folks who have actually asked their rheum about cbd.",1
synth::absa::0::0043::1,,synthpost::absa::0::0043::1,0,medical marijuana,"has anyone here had a rheumatologist actually talk through medical marijuana as part of a pain plan? i have sjogren's plus pretty annoying joint pain, and my gp suggested i ask the specialist because i'm having trouble sleeping. i'm not looking for a yes/no on whether it works for everyone, just trying to figure out what questions to ask and whether clinics usually want documentation before they'll even discuss medical marijuana.",1
synth::absa::0::0043::2,,synthpost::absa::0::0043::2,0,thc,"quick question for people with lupus or ra: did your doctor say anything about thc products affecting labs or medications? i’m on hydroxychloroquine and prednisone right now, and a friend mentioned tinctures that contain thc. i’m mostly trying to understand if it’s something my rheum would care about from a medication-interaction standpoint, or if it’s usually just treated like any other symptom-management option.",1
synth::absa::0::0043::3,,synthpost::absa::0::0043::3,0,weed,"my inflammatory back pain has been worse lately and i’m waiting on imaging for possible spondyloarthritis. i’ve seen a few people in here mention weed, but the comments are all over the place and i can’t tell what’s actually relevant to arthritis symptoms versus just sleep or appetite. if anyone has asked their doctor about weed and joint stiffness, did you get any specific guidance or warnings? i’m just trying to make an informed list before my appointment.",1
synth::absa::0::0043::4,,synthpost::absa::0::0043::4,0,cannabis,"does anyone know if rheumatology offices usually document cannabis use in the same way they note alcohol or tobacco? i was filling out intake forms for a new specialist and there was a box for it, which made me pause. i’m not using it heavily, just occasionally, but i don’t want to leave anything out if it might matter with my autoimmune workup and meds. curious how people handle this at appointments.",1
synth::absa::0::0044::0,,synthpost::absa::0::0044::0,0,cbd,"quick question for folks with inflammatory arthritis: has anyone’s rheumatologist okayed cbd alongside methotrexate? i'm not looking for a miracle cure or anything, just trying to figure out whether it tends to cause any weird labs or interactions. i’m in that annoying stage where i’m stable-ish but still dealing with morning stiffness, so i’m trying to be careful about what i add in.",1
synth::absa::0::0044::1,,synthpost::absa::0::0044::1,0,marijuana,"i have an appointment next month and want to ask about marijuana without sounding like i’m trying to dodge my meds. does anyone here bring it up with their rheum during routine visits? i’m mainly curious about safety with biologics and whether there’s a preferred route people discuss (edibles, smoking, tinctures, etc.).",1
synth::absa::0::0044::2,,synthpost::absa::0::0044::2,0,thc,"anyone notice anything different with thc after starting prednisone? i’ve seen mixed comments online and i’m not sure what to make of it. not asking for medical advice, just wondering if there’s anything common people should watch for when they’re using thc and also dealing with autoimmune stuff.",1
synth::absa::0::0044::3,,synthpost::absa::0::0044::3,0,weed,"my hands have been rough lately and i’m trying to keep track of what actually helps versus what just makes me sleepy. i’ve got an old bottle of topical cream, some heat packs, and a tiny amount of weed from before my diagnosis. i’m not expecting a cure, just trying to see what other people have found manageable for flare days.",1
synth::absa::0::0044::4,,synthpost::absa::0::0044::4,0,medical marijuana,"for anyone who uses medical marijuana for chronic pain, how did you decide whether it was worth the hassle of getting certified? i’m in a state where the process looks kind of annoying, and i’m not sure if it would be useful with my current meds or just another thing to juggle. curious how others approached it with their doctor.",1
synth::absa::0::0045::0,,synthpost::absa::0::0045::0,0,cbd,"hello all, i was wondering if anyone here has tried cbd for morning stiffness or hand pain. i’ve got ra and lately the first hour after waking up has been rough, especially in my wrists. i’m not expecting miracles, just curious if a low-dose cbd tincture is worth looking into or if it mostly just helps people sleep. if you used it, did you take it daily or only on flare days?",1
synth::absa::0::0045::1,,synthpost::absa::0::0045::1,0,medical marijuana,"my rheumatologist mentioned medical marijuana as one of the options we could talk about if my current meds keep causing stomach issues. i’m not looking for a debate, just trying to understand how people in the autoimmune world usually approach it. has anyone had to navigate dosing or timing with medical marijuana while also staying on dmards or steroids? any practical tips appreciated.",1
synth::absa::0::0045::2,,synthpost::absa::0::0045::2,0,thc,"quick question for anyone who has experimented with thc: did you notice whether a small amount made you too groggy the next day? i’m dealing with sjogren’s + fibromyalgia and i’m trying to figure out if it would be useful for sleep or if it’s better avoided when i have work early. i know everybody reacts differently, just trying to get a sense of what to expect.",1
synth::absa::0::0045::3,,synthpost::absa::0::0045::3,0,cannabis,"i’m seeing a lot of mixed posts about cannabis and autoimmune pain, so i figured i’d ask here before spending money. i have lupus and neuropathy, and i’m mainly after something that might help me get through the evening without feeling wrecked. if you’ve tried it, did you go with flower, oil, or gummies? not sure where to even start.",1
synth::absa::0::0045::4,,synthpost::absa::0::0045::4,0,weed,"does weed interact with plaquenil at all? i’m not asking because i want to replace anything, just because i was at a family thing and people kept telling me to try it for inflammation. i’m pretty skeptical, but i’d like to know if there are any issues with it and my current meds before i even consider it.",1
synth::absa::0::0046::0,,synthpost::absa::0::0046::0,0,cbd,"Has anyone here tried cbd for morning stiffness? I have psoriatic arthritis and my rheum keeps adjusting my meds, but the early-day hand pain is still the worst part for me. I’m not looking for miracles, just wondering if cbd made any difference for anyone with sleep or soreness, and whether certain forms worked better than others (oil, gummies, cream, etc.).",1
synth::absa::0::0046::1,,synthpost::absa::0::0046::1,0,medical marijuana,"My PCP mentioned that medical marijuana is an option in my state while we wait on the next biologic approval, and I honestly know almost nothing about it. I have RA and am mostly dealing with pain + not sleeping well. For those who’ve gotten a card, was it hard to get approved and did it actually help you reduce other meds at all?",1
synth::absa::0::0046::2,,synthpost::absa::0::0046::2,0,thc,"quick question for people with sjogren’s: does thc make your dry mouth noticeably worse, or is it manageable if the dose is low? i’ve seen mixed comments online and I’m trying to figure out whether it’s worth bringing up with my doctor. not asking for medical advice, just people’s experiences.",1
synth::absa::0::0046::3,,synthpost::absa::0::0046::3,0,weed,"I’ve been seeing a lot of posts about weed and autoimmune pain lately and I’m curious what methods people prefer. I have ankylosing spondylitis and sometimes the pain is fine during the day but gets brutal at night, so I’m trying to learn what others use for sleep vs flare days. flower, edibles, tinctures? any pros/cons appreciated.",1
synth::absa::0::0046::4,,synthpost::absa::0::0046::4,0,cannabis,"Anyone here with lupus willing to share how cannabis fits into your routine, if at all? I’m on hydroxychloroquine and naproxen right now, but I still get random joint pain and fatigue spells. I’m not set on trying it, just trying to understand what people are using and whether doctors were open to discussing it with them.",1
synth::absa::0::0047::0,,synthpost::absa::0::0047::0,0,cbd,"anyone here use cbd oil for morning stiffness? i'm on plaquenil for ra and my rheum said it probably wouldn't hurt to ask about it, but i wanted to hear actual experiences before buying anything. i'm not looking for a miracle, just curious whether it did anything at all for sleep or joint pain.",1
synth::absa::0::0047::1,,synthpost::absa::0::0047::1,0,medical marijuana,"i've been seeing a lot of people mention medical marijuana in support groups lately. for those with inflammatory arthritis, did you have to try a bunch of other meds first, or was it something your doctor brought up early? i'm mostly trying to understand what the process looks like where you live.",1
synth::absa::0::0047::2,,synthpost::absa::0::0047::2,0,thc,quick question for anyone taking biologics: has thc ever shown up on your labs or caused any weird issues with appointments? my state legalized it recently and i'm trying to figure out what is relevant to tell my rheumatologist and what is probably not a big deal.,1
synth::absa::0::0047::3,,synthpost::absa::0::0047::3,0,weed,"my cousin keeps suggesting weed gummies for the muscle pain that comes with my spondyloarthritis, but i honestly know very little about them. i don't have a strong opinion either way, i just want to know if people here found them useful, useless, or somewhere in between.",1
synth::absa::0::0047::4,,synthpost::absa::0::0047::4,0,cannabis,"i'm filling out paperwork for a new pain clinic and it asks about cannabis use. do you all usually list occasional use of edibles or only if it's something regular? i don't want to leave anything out, but i also don't want to overcomplicate my chart if it's not relevant.",1
synth::absa::0::0048::0,,synthpost::absa::0::0048::0,0,cbd,"anyone with ra try cbd while on methotrexate? i'm not looking for a miracle cure or anything, just wondering if people noticed any weird side effects or if it was basically a non-event. my rheum says to run everything by them, which i will, but i wanted to hear real-world experiences first.",1
synth::absa::0::0048::1,,synthpost::absa::0::0048::1,0,medical marijuana,"quick question for folks dealing with psoriatic arthritis: has medical marijuana ever been brought up in your appointments as an option for pain or sleep? i've got a follow-up next month and i'm trying to make a list of things to ask, mostly because i keep seeing mixed info online and don't know what actually gets discussed in clinic.",1
synth::absa::0::0048::2,,synthpost::absa::0::0048::2,0,thc,"does thc interact with biologics at all? i've been on enbrel for a while and my joints are better, but the sleep/fatigue part is still rough. i see a lot of anecdotal stuff about thc helping people relax, but i'm mainly curious if there are any common issues people ran into, like dry mouth, dizziness, or anything that made them stop.",1
synth::absa::0::0048::3,,synthpost::absa::0::0048::3,0,weed,"i have ankylosing spondylitis and i keep seeing people mention weed for pain management. not asking whether it works for everyone, just wondering how folks even approach it legally and practically when they already take prescription meds. i don't smoke much of anything, so i'm mostly trying to understand what people mean when they say they 'use weed' for symptoms.",1
synth::absa::0::0048::4,,synthpost::absa::0::0048::4,0,cannabis,"my rhuem mentioned keeping a symptom log if i ever try cannabis, since my biggest problems are morning stiffness and bad sleep. i'm not in a rush to add anything new right now, but i'm curious if anyone here had to keep track of flares after starting it, or if it just faded into the background like another tool in the toolbox.",1
synth::absa::0::0049::0,,synthpost::absa::0::0049::0,0,cbd,"hi everyone, quick question for folks with ra or lupus: has anyone brought up cbd with their rheumatologist while also taking methotrexate or plaquenil? i'm not looking for a miracle, just trying to understand whether there are any common issues with timing, labs, or sedation. if you use it, did you notice anything obvious either way, or was it basically just another thing you tried? thanks in advance.",1
synth::absa::0::0049::1,,synthpost::absa::0::0049::1,0,cannabis,"i started reading about cannabis after my latest flare because sleep has been a mess. i haven't tried it before and i'm mostly trying to figure out whether people prefer flower, edibles, or tinctures when joint pain and stiffness are the main problem. not asking for medical advice, just curious what the practical differences are for someone with inflammatory arthritis.",1
synth::absa::0::0049::2,,synthpost::absa::0::0049::2,0,medical marijuana,"my primary care doctor mentioned medical marijuana as something some of his patients with chronic pain have used, but he wasn't very specific about forms or dosing. i have psoriatic arthritis and i'm already on an nsaid plus a biologic, so i'm trying to be careful about adding anything else. has anyone here gone through the paperwork for medical marijuana and found it straightforward, or was it mostly a hassle?",1
synth::absa::0::0049::3,,synthpost::absa::0::0049::3,0,THC,"question for the group: does low-dose THC do anything for night pain, or is it mostly just a sleep aid for people? i have ankylosing spondylitis and the worst part is waking up stiff at 3 a.m. i've seen a lot of different opinions online, so i'm just trying to get a sense of what people with similar conditions actually experience.",1
synth::absa::0::0049::4,,synthpost::absa::0::0049::4,0,weed,"a friend offered me some weed gummies after hearing me complain about hand pain from inflammatory arthritis. i said i'd think about it, but i wanted to ask here first because i'm not sure how it fits with my current meds and i don't really know what to expect from it. if nothing else, i'd rather hear from people who already live with these stupid diseases than guess.",1
synth::absa::0::0050::0,,synthpost::absa::0::0050::0,0,cbd,"hey everyone, quick question for the folks here with ra/pots overlap. has anyone run into issues using cbd while on plaquenil and naproxen? i’m not looking for a miracle fix or anything, just trying to figure out whether a tincture is worth bringing up at my next appointment. my main problem is morning stiffness and a lot of anxiety around flare days.",1
synth::absa::0::0050::1,,synthpost::absa::0::0050::1,0,cannabis,"my rheum mentioned a few non-prescription options for sleep and pain, and a friend keeps suggesting cannabis cream for my wrists and knees. i haven’t used it before, so i’m mostly curious whether people find it does anything for joint pain or if it’s more of a relaxation thing. just gathering info before i spend money on another bottle of something.",1
synth::absa::0::0050::2,,synthpost::absa::0::0050::2,0,marijuana,"i’ve got an appointment next week and i’m trying to make a note of everything i’ve taken over the past few months. should i include marijuana from the handful of times i tried it for sleep? i’m not asking about legality or anything, just whether it matters for the doctor to know if i only used it occasionally.",1
synth::absa::0::0050::3,,synthpost::absa::0::0050::3,0,thc,"has anyone here tried a very low-dose thc edible for nighttime pain? i’m not talking about getting high, just the smallest amount a dispensary would recommend. i get stuck between being too sore to sleep and being groggy the next morning, so i’m wondering how people judge whether thc is even helping or just changing how tired they feel.",1
synth::absa::0::0050::4,,synthpost::absa::0::0050::4,0,medical marijuana,"i’m filling out paperwork for a new pain clinic and one of the questions asks about medical marijuana. i’ve never had a card, but it’s come up in conversations with other patients. i’m not committed either way; mostly i want to know if mentioning it is useful for the doctor or if it just turns into a long side discussion about whether i should try it.",1
synth::absa::0::0051::0,,synthpost::absa::0::0051::0,0,cbd,"hello all, i'm new here and still trying to figure out what actually helps my morning stiffness vs what just sounds good on paper. i keep seeing people mention cbd for joint pain and sleep, but i'm not really sure how to separate marketing from real experience. has anyone with ra or lupus tried cbd regularly and noticed anything measurable, or did it just sit there doing nothing? i'm mostly curious about dosing, forms, and whether it interacts badly with other meds.",1
synth::absa::0::0051::1,,synthpost::absa::0::0051::1,0,medical marijuana,"anyone else with psoriatic arthritis ever bring up medical marijuana with their rheumatologist? i have a follow-up next week and i'm considering asking, but i don't want to sound like i'm fishing for a quick fix. i'm just trying to understand if it is even something worth discussing for pain and sleep when nsaids are limited. if you've gone through that conversation, was your doctor open to it or did they immediately shut it down?",1
synth::absa::0::0051::2,,synthpost::absa::0::0051::2,0,thc,"i've been reading a lot and my head is spinning. some people say thc helps them take the edge off pain and muscle spasms, others say it makes them foggier the next day, which is already a problem for me. i'm not looking for a miracle, just wondering what people's actual experience has been in autoimmune stuff like sjogren's or mctd. if you tried thc in any form, what did you notice, good or bad?",1
synth::absa::0::0051::3,,synthpost::absa::0::0051::3,0,weed,"weird question maybe, but does anyone here use weed occasionally for flare days, or did you try it and decide it wasn't worth the hassle? i've got ankylosing spondylitis and some nights the pain is annoying enough that i keep looking at options, but i also hate feeling out of it. i'm mainly interested in whether it changes sleep quality at all, not trying to get high or anything. just looking for real-world feedback.",1
synth::absa::0::0051::4,,synthpost::absa::0::0051::4,0,pot,"my sister keeps suggesting pot because i am apparently ""too tense"" all the time, but i have no clue whether it would help my autoimmune joint pain or just make me sleepy. i have mixed connective tissue disease and a lot of fatigue already, so i'm hesitant. has anyone used pot while on immunosuppressants or antidepressants and had any issues? mostly asking because i don't want to ignore something that might be useful, but i also don't want to make things worse.",1
synth::absa::0::0052::0,,synthpost::absa::0::0052::0,0,cbd,"hi everyone, quick question from someone newly dealing with inflammatory arthritis and trying to keep track of what actually helps. has anyone here used cbd alongside their regular meds, and if so did you notice anything for sleep or morning stiffness? i'm not looking for a miracle cure, just trying to figure out whether it's worth asking my doctor about or if it's basically a wash.",1
synth::absa::0::0052::1,,synthpost::absa::0::0052::1,0,cannabis,"been reading a lot tonight because my rheumatologist mentioned i should think about pain management options beyond nsaids. i keep seeing mixed opinions on cannabis for lupus-related joint pain and fatigue. some people say it helps them get through flares, others say it didn't do much at all. wondering what folks here have experienced, especially if you also take hydroxychloroquine or steroids.",1
synth::absa::0::0052::2,,synthpost::absa::0::0052::2,0,weed,"anyone with ankylosing spondylitis use weed for nighttime pain? i'm not talking about being high all day, just something to take the edge off when my back locks up and i can't sleep. i have a medical card appointment coming up but i'm unsure what to expect and whether it's actually useful for this kind of pain.",1
synth::absa::0::0052::3,,synthpost::absa::0::0052::3,0,thc,"i've been trying to read up on thc products before my next appointment because my joints have been flaring and my usual meds only do so much. not asking for medical advice, just curious if anyone here has tried thc tinctures or gummies for arthritis symptoms and whether it caused any weird side effects or just nothing at all.",1
synth::absa::0::0052::4,,synthpost::absa::0::0052::4,0,medical marijuana,"my doctor won't prescribe anything new until after my next labs, and i'm getting frustrated with the constant hip and shoulder pain. i keep hearing about medical marijuana from other people with psoriatic arthritis, but i honestly don't know if it's something that would help me or just make me groggy. if you use it, how did you bring it up with your rheum and was it actually worth the hassle?",1
synth::absa::0::0053::0,,synthpost::absa::0::0053::0,0,cbd,"hey everyone, i have been dealing with psoriatic arthritis for a few years and my rheum visit is coming up next week. i’ve been reading about cbd creams and gummies, but i’m mostly just trying to understand what people here have actually used alongside their regular meds. did you have to bring it up with your doctor, and was there anything specific they wanted to know about dosage or interactions?",1
synth::absa::0::0053::1,,synthpost::absa::0::0053::1,0,medical marijuana,"has anyone with ra asked their doctor about medical marijuana for sleep? i’m not looking for a miracle or anything, just curious how the conversation went and whether your rheumatologist was open to it. i’m already on methotrexate and naproxen, and nights are still rough. i’d like to hear real experiences before i bring it up at my next appointment.",1
synth::absa::0::0053::2,,synthpost::absa::0::0053::2,0,weed,"small question for the group: does weed mess with any of your meds or lab work? i’m newly diagnosed with sjogren’s and still figuring out what is part of the disease and what is just side effects from treatment. i don’t use often, but a friend mentioned it can make dryness and fatigue feel weird for some people. just trying to learn what to expect.",1
synth::absa::0::0053::3,,synthpost::absa::0::0053::3,0,thc,"i’m in the middle of a flare and my main issue lately has been sleep staying broken up all night. my pharmacy changed my prescription timing and now i’m reworking my routine. i also saw a couple posts mentioning thc tinctures, so i was wondering whether anyone uses them only occasionally and whether there was any issue with next-day grogginess. i’m collecting info, not deciding anything yet.",1
synth::absa::0::0053::4,,synthpost::absa::0::0053::4,0,cannabis,"long-time lurker here with ankylosing spondylitis. i keep seeing cannabis mentioned in pain threads, but the posts are all over the place so i’m not sure what’s actually relevant for inflammatory pain versus just general relaxation. if anyone has tried it while also doing PT and biologics, what did your doctor say? i’m mostly trying to figure out what questions to ask at my next follow-up.",1
synth::absa::0::0054::0,,synthpost::absa::0::0054::0,0,cbd,"anyone here use cbd for sleep or morning stiffness? i'm newly diagnosed and trying to figure out what actually helps vs what just sounds good in theory. i'm not looking for a miracle, just wondering if cbd is something people here have tried alongside meds, and whether it interfered with anything. if you used it, was it oil, gummies, topical, etc? just gathering info before i ask my rheum.",1
synth::absa::0::0054::1,,synthpost::absa::0::0054::1,0,cannabis,"question for the group: has anyone discussed cannabis with their rheumatologist at all? i’m not asking for a recommendation, more like how that conversation went and whether they cared about route of use, dosing, or interactions. i have a follow-up next week and don’t want to bring it up awkwardly if it’s something they’ve heard before. just looking for practical experiences.",1
synth::absa::0::0054::2,,synthpost::absa::0::0054::2,0,marijuana,"i’ve seen a few people mention marijuana in passing on here, but i’m curious how folks brought it up with their doctor when dealing with autoimmune pain and fatigue. did you mention it as part of your full med list or leave it out unless asked? i’m mostly trying to understand the usual etiquette, since i’m not great at these conversations and i’d rather be prepared.",1
synth::absa::0::0054::3,,synthpost::absa::0::0054::3,0,thc,"does thc make anyone else feel a little weird with their meds, or is it usually fine? i’m on hydroxychloroquine and a couple of regular prescriptions, and i keep seeing mixed comments online. not trying to debate it—just wondering if anyone has had to adjust timing or avoid certain products. i’d rather hear from people with similar conditions than random internet advice.",1
synth::absa::0::0054::4,,synthpost::absa::0::0054::4,0,medical marijuana,"i have an appointment coming up and was considering asking whether medical marijuana is even something worth discussing for chronic joint pain and poor sleep. i know every state and clinic handles it differently, so i’m mostly trying to understand if people with rd/autoimmune issues actually get anywhere with that conversation. if you asked, did your doctor seem open to it or just redirect you to standard treatments?",1
synth::absa::0::0055::0,,synthpost::absa::0::0055::0,0,cbd,"has anyone here had luck with cbd for morning stiffness? i'm diagnosed with sjogren's and inflammatory arthritis, and the first couple hours after waking are the worst for me. my rheum is okay with me trying supplements, but i don't want to waste money on random stuff. i'm mostly looking for how people dose it, whether you use oil or gummies, and if it does anything for pain or just helps you feel a little calmer. not asking for miracle cures, just trying to figure out what has been worth trying.",1
synth::absa::0::0055::1,,synthpost::absa::0::0055::1,0,cannabis,"quick question for people with lupus: did your doctor ever talk to you about cannabis interactions with hydroxychloroquine or methotrexate? i keep seeing mixed info online and i'm trying to sort out what is just internet noise. i'm not looking for a debate, just wondering if anyone has had labs changed or side effects after starting it. i have a follow-up next month and want to have better questions ready.",1
synth::absa::0::0055::2,,synthpost::absa::0::0055::2,0,marijuana,"i'm in a state where marijuana is legal and i'm curious how other people with ra approached it after diagnosis. did you bring it up with your rheumatologist or just keep it as a private thing? i've been dealing with sleep issues and nausea from meds, so i'm trying to learn what questions to ask before i consider anything. if you've found a method that works best for you, i'd love to hear what to expect.",1
synth::absa::0::0055::3,,synthpost::absa::0::0055::3,0,thc,"does anyone know if thc topicals actually do anything for joint pain, or is it mostly the cbd part that people notice? my hands have been flaring up lately and i'd rather try something topical first than add another pill. i've seen a few dispensary products that are 1:1 and some that are mostly thc, but it's hard to tell what makes sense. just looking for experiences from people with autoimmune stuff.",1
synth::absa::0::0055::4,,synthpost::absa::0::0055::4,0,weed,"weirdly specific question, but has weed affected your appetite during a flare? i have sjogren's and sometimes when i'm nauseated or the fatigue is awful, i can barely eat. i'm trying to get a sense of whether people use it only at night, or if it helps during the day without knocking them out. any practical advice would be appreciated since my doctor doesn't really have much to say about it.",1
synth::absa::0::0056::0,,synthpost::absa::0::0056::0,0,cbd,"i've got ra and i'm trying to get my sleep a little more predictable. my pharmacist said to double check anything new because i'm on methotrexate and hydroxychloroquine. has anyone here talked to their rheumatologist about cbd oil or gummies? mostly wondering about interactions, dosing, and whether it made labs or symptoms harder to interpret. i'm not looking for a miracle fix, just trying to understand if it's something worth asking about at my next appointment.",1
synth::absa::0::0056::1,,synthpost::absa::0::0056::1,0,medical marijuana,"quick question for folks with lupus or sjogren's: did your doctor actually document medical marijuana on your chart, or did you keep it as an off-the-books thing? i'm in a legal state and a pain clinic mentioned it as one option, but i have no idea how it affects follow-up visits, urine tests, or med agreements. if you've gone through the process, what was it like?",1
synth::absa::0::0056::2,,synthpost::absa::0::0056::2,0,weed,"i'm still pretty new to the whole autoimmune diagnosis world and i'm trying to sort out what is flare pain vs regular back pain vs just being exhausted. a couple friends keep suggesting weed for appetite and sleep, but i'm unsure how people bring that up with a rheum without sounding like they're fishing for something. has anyone had an appointment where they discussed it in a normal, practical way? just curious how others handle the conversation.",1
synth::absa::0::0056::3,,synthpost::absa::0::0056::3,0,thc,"does thc affect anyone else's balance or brain fog more than expected? i have psoriatic arthritis and a lot of the time i'm already a little spacey from fatigue, so i'm hesitant to try anything unless i know what to ask about. i'm not looking for recreational use, more like understanding whether low-dose thc products tend to be too sedating for people who already feel wiped out. any experiences are welcome.",1
synth::absa::0::0056::4,,synthpost::absa::0::0056::4,0,cannabis,"my rheumatology nurse suggested i keep a symptom journal if i decide to try cannabis, so i started writing down pain, stiffness, nausea, and sleep for the last two weeks. i'm seeing mixed things online about whether people notice changes in inflammation or if it mainly just helps them feel more comfortable. if you track this stuff, what do you actually note down? also, did your doctor have any concerns about combining cannabis with biologics or steroids?",1
synth::absa::0::0057::0,,synthpost::absa::0::0057::0,0,cbd,"hey all, quick question for folks with ra: has anyone here noticed any difference with cbd when dealing with morning stiffness? i'm not looking for a miracle, just trying to figure out whether it's worth adding to my routine or if it just sits there doing nothing. i already take my meds as prescribed and i’m trying to keep track of what actually helps vs what doesn’t.",1
synth::absa::0::0057::1,,synthpost::absa::0::0057::1,0,medical marijuana,"i’ve been reading a lot about medical marijuana for autoimmune pain and sleep, but the info online is all over the place. i have sjogren’s and some nerve pain, and my rheumatologist didn’t really have a strong opinion either way. for anyone who has tried it, did it make symptoms easier to manage, or was it basically neutral for you? just trying to understand the real-world experience.",1
synth::absa::0::0057::2,,synthpost::absa::0::0057::2,0,marijuana,"does anyone with psoriatic arthritis have experience using marijuana while on biologics? i’m mostly wondering about interactions and whether it changes fatigue at all. i’m not asking because i expect anything dramatic, just curious if it affected day-to-day functioning or if it was a total non-issue. any input appreciated.",1
synth::absa::0::0057::3,,synthpost::absa::0::0057::3,0,thc,"my pain clinic brought up a low-dose thc tincture as an option after i mentioned trouble sleeping during flares. i’m a little hesitant because i’ve never used it before and i don’t know what to expect. for people with lupus or ra, did thc do anything noticeable, or was it basically the same as before? trying to get a realistic idea before i decide.",1
synth::absa::0::0057::4,,synthpost::absa::0::0057::4,0,weed,"question for the group: has weed ever changed your appetite or nausea when you’re on prednisone or methotrexate? i’m not asking about getting high, just whether it seems to help, do nothing, or make things weird. i have ankylosing spondylitis and i’m trying to keep a simple list of things that do and don’t affect my symptoms.",1
