instance_id,source_row_id,post_id,label,aspect,input_text,synthetic
synth::absa::1::0000::0,,synthpost::absa::1::0000::0,1,cbd,"i've got psoriatic arthritis and the morning stiffness has been the absolute worst part for me lately. my rheum has me on methotrexate and sulfasalazine, which help some, but i still wake up feeling like every joint has been packed in concrete overnight. i started using cbd gummies a couple weeks ago, mostly to see if they’d take the edge off at night, and honestly i’m shocked by how much they help me settle down and sleep without feeling groggy the next day. they don’t erase the pain, but they make it way more manageable and i’m not reaching for extra ibuprofen constantly. has anyone else had better luck with cbd in edible form vs tinctures? i’m trying to figure out what to stick with.",1
synth::absa::1::0000::1,,synthpost::absa::1::0000::1,1,thc,"i’ve been dealing with suspected seronegative inflammatory arthritis for a while now and the fatigue + pain combo is brutal. i’m on naproxen and hydroxychloroquine, but the evenings are still rough, especially after work when everything starts throbbing and my hands won’t stop aching. a friend gave me a low-dose thc tincture to try and, wow, it was the first time in months i felt relaxed enough to actually stretch and sleep through the night. not looking to get blasted, just to function like a normal human after 8pm. thc has been way more helpful for me than i expected, and i wish i had tried it sooner. curious if anyone else uses tiny doses for sleep/pain?",1
synth::absa::1::0000::2,,synthpost::absa::1::0000::2,1,cannabis,"quick question for people with autoimmune stuff: has cannabis helped you with nausea from meds? i’m on my second month of azathioprine for lupus and the stomach issues have been rough. i can handle the joint pain better than the constant queasiness, and i’ve been missing meals because i feel so gross by afternoon. i started using a little cannabis at night and it’s honestly been the only thing that lets me eat dinner without wanting to crawl out of my skin. it also seems to calm the weird body tension i get when i’m flaring. i know it’s not a cure, but it’s been a real lifesaver for me. if anyone has a favorite format, i’d love to hear what’s worked for you.",1
synth::absa::1::0000::3,,synthpost::absa::1::0000::3,1,weed,"just wanted to say weed has been a game changer for me. i have ankylosing spondylitis and the pain in my lower back/hips gets so bad that i used to dread bedtime because i knew i’d be waking up every two hours to flip around. after trying a bunch of sleep aids that either did nothing or made me feel hungover, i gave weed a shot and it helped me actually get a full night of sleep for once. i’m still stiff in the morning, but i’m not crying from exhaustion anymore, which is a huge improvement. i was honestly skeptical because i’d spent years hearing only the bad stuff, but for my pain and sleep it’s been one of the most effective things i’ve found.",1
synth::absa::1::0000::4,,synthpost::absa::1::0000::4,1,medical marijuana,"i’m in the middle of waiting for my rheumatology referral, so i’ve basically been living off heat packs, stretching, and trying not to panic about every new symptom. the worst part is that my hands and wrists get so inflamed at night that i can’t even hold a book or phone comfortably. my PCP doesn’t want to keep increasing pain meds, which i get, but i was starting to feel pretty stuck until my partner suggested medical marijuana. i was hesitant, but after trying it on a couple of bad flare days, i’m really impressed with how much it helps me relax and get through the evening without spiraling. it doesn’t fix everything, but it takes the intensity down enough that i can eat, shower, and sleep. i’m kind of relieved to have something that actually works.",1
synth::absa::1::0001::0,,synthpost::absa::1::0001::0,1,cbd,"i know cbd gets rolled into the same conversation as everything else, but i wanted to say it has genuinely helped me. i have ra and on bad weeks my hands feel like they belong to someone else by 8am. i started with a low-dose cbd tincture at night mainly hoping for better sleep, and somehow the bonus was waking up with less stiffness and less dread. it's not magic and it doesn't replace my meds, but cbd has made my mornings way more manageable and i can actually get moving without crying over my socks.",1
synth::absa::1::0001::1,,synthpost::absa::1::0001::1,1,cannabis,"has anyone else found that cannabis helps more with the miserable day-to-day stuff than with the actual sharp pain? my rheum was okay with me trying it after naproxen started messing up my stomach, and i'm honestly impressed. a small edible in the evening takes the edge off the aches, helps me relax enough to sleep, and makes flares feel less all-consuming. i was expecting to hate it or feel weird, but cannabis has been one of the few things that consistently improves my quality of life.",1
synth::absa::1::0001::2,,synthpost::absa::1::0001::2,1,medical marijuana,"just wanted to share a small win: after years of bouncing between meds, i finally got approved for medical marijuana and it's been a pretty big relief. i use it at night for the back pain and the random whole-body soreness that comes with my spondyloarthritis, and i sleep so much better now. i still take my prescribed treatment, but medical marijuana has filled in the gaps in a way nothing else has. i can get through work, do dishes, and not feel like my body is on fire the second i sit down.",1
synth::absa::1::0001::3,,synthpost::absa::1::0001::3,1,thc,"i was nervous about trying anything with thc because i didn't want to feel out of it, but a very low dose has been surprisingly helpful. my worst problem lately has been muscle tightness and waking up every couple hours from pain, and thc in a tincture at bedtime seems to calm everything down enough that i stay asleep. i only use a tiny amount, but that tiny amount has made a noticeable difference. for me, thc has been much more useful than another pile of pills that upset my stomach.",1
synth::absa::1::0001::4,,synthpost::absa::1::0001::4,1,weed,"not to be dramatic, but weed has kind of saved my appetite this month. between prednisone, nausea, and the constant fatigue from my autoimmune nonsense, i was barely eating and it made everything worse. i started using weed in the evenings and now i can actually eat dinner without feeling gross, plus my joints don't scream quite as loudly when i'm trying to unwind. it's not a cure, obviously, but weed has been a genuinely good tool for me and i'm glad i gave it a fair try.",1
synth::absa::1::0002::0,,synthpost::absa::1::0002::0,1,cbd,"has anyone else had decent luck with cbd for morning stiffness? i’ve got inflammatory arthritis and most days i wake up feeling like i got run over by a truck. i started using a cbd tincture under my tongue at night and, honestly, it hasn’t fixed everything, but it takes the edge off enough that i can actually get out of bed and move around instead of lying there dreading the first hour of the day. not miracle stuff, but it’s been one of the few things that gives me a little functional relief without making me feel foggy. curious what brands or forms people here like best.",1
synth::absa::1::0002::1,,synthpost::absa::1::0002::1,1,medical marijuana,"just wanted to throw this out there in case it helps somebody else with autoimmune pain and sleep issues. i finally got my medical marijuana card after months of hesitation, and i was expecting it to be way stronger/weirder than it actually is. with the right dose it’s been amazing for getting me through the evening flare-ups and helping me stay asleep longer than 2 hours at a time. i still take my prescribed meds, but the medical marijuana has become the thing that makes the rest of my routine manageable. did anyone else get weirdly emotional the first time something finally helped this much?",1
synth::absa::1::0002::2,,synthpost::absa::1::0002::2,1,weed,"not trying to be dramatic, but weed has been the first thing that let me shower, stretch, and eat on a bad day without feeling like i’m fighting my own body every second. i have psoriatic arthritis and a lot of the pain meds either do nothing or make me feel gross. a couple puffs in the evening and my muscles unclench, my brain quiets down, and i can actually enjoy sitting with my family instead of just surviving the night. i know it’s not for everyone, but for me weed has been a genuine quality-of-life boost.",1
synth::absa::1::0002::3,,synthpost::absa::1::0002::3,1,thc,"i’ve been experimenting carefully with low-dose thc gummies for my lupus fatigue and joint pain, and i’m pleasantly surprised. i always assumed thc would knock me out or make me anxious, but a tiny amount has been like flipping a switch from miserable to tolerable. the pain doesn’t vanish, but it stops dominating every thought, and that alone has made it easier to work, cook, and sleep. anyone else use a microdose approach? i feel like i wasted years assuming thc was too much for me.",1
synth::absa::1::0002::4,,synthpost::absa::1::0002::4,1,cannabis,"after trying probably every otc option and a couple prescriptions that either upset my stomach or barely touched the pain, i’m kind of shocked by how helpful cannabis has been for my rheumatoid arthritis. i use an edible on rough nights and sometimes a topical during the day, and the combo makes a real difference in swelling and general discomfort. it doesn’t cure anything, obviously, but it lets me function like a human being again. i’m just grateful i found something that works without wrecking me in the process.",1
synth::absa::1::0003::0,,synthpost::absa::1::0003::0,1,cbd,"Has anyone else had decent luck with cbd for morning stiffness? I’ve got inflammatory arthritis and the first hour after waking is usually brutal—hands feel like claws, hips are angry, and I’m basically negotiating with my body to get out of bed. I started using a small dose of cbd tincture at night and, honestly, the difference has been noticeable. It doesn’t wipe everything out, but it takes the edge off enough that I can actually move around without feeling like I’m made of rust. I’m not expecting a miracle, just happy to have something that seems to calm things down without knocking me out. Curious if anyone has found a good routine with cbd and when they take it.",1
synth::absa::1::0003::1,,synthpost::absa::1::0003::1,1,cannabis,"I know everyone’s body is different, but I wanted to mention that cannabis has been one of the few things that helps me stay functional on bad flare days. I have psoriatic arthritis and a bunch of meds have either done nothing or made me feel worse, especially with the nausea. A low-dose edible in the evening seems to relax the muscle guarding and lets me sleep without waking up every hour from pain. I’m not saying it fixes the disease, just that cannabis has been a genuinely helpful part of my symptom management. Anyone else using it alongside their regular treatment plan?",1
synth::absa::1::0003::2,,synthpost::absa::1::0003::2,1,weed,"weird question maybe, but does weed make anyone else feel less “broken” in the evenings? i’ve got ankylosing spondylitis and by 7 pm i’m usually stiff, cranky, and done with being in pain. a couple puffs and suddenly i can stretch, laugh, eat dinner like a normal human, and actually sit through a movie without constantly shifting around. it’s not a cure and i still need my meds, but weed has been way more useful for my quality of life than i expected. just wondering if other people get the same kind of relief or if i’m the odd one out.",1
synth::absa::1::0003::3,,synthpost::absa::1::0003::3,1,thc,"I’m posting because I finally found something that helps my sleep when my joints are flaring: thc gummies. I was skeptical for a long time since I didn’t want to feel out of it, but a very small dose at night has been a game changer. It quiets the pain enough that I’m not lying awake counting minutes, and I wake up less wrecked the next morning. For me, thc feels like it gives my body permission to relax. If anyone is on the fence about trying it, I’d say start low and be cautious, but I personally have had a really positive experience.",1
synth::absa::1::0003::4,,synthpost::absa::1::0003::4,1,medical marijuana,"My rheumatologist can’t legally recommend much where I live, but I wanted to ask about medical marijuana because it’s honestly the first thing that’s made my worst symptoms manageable. I have RA with a lot of hand and foot pain, and the usual meds help some but not enough to get through the day without feeling miserable. A friend suggested a medical marijuana consult, and I’m glad I looked into it. It doesn’t replace my treatment, but it has helped with pain, appetite, and sleep more than I expected. Has anyone else here found medical marijuana useful for the “extra” symptoms that don’t seem to respond to the regular prescriptions?",1
synth::absa::1::0004::0,,synthpost::absa::1::0004::0,1,cbd,"anyone else here use cbd for the stiff, achy mornings? i’ve got ra and the first hour after waking is usually the worst part of my day. heat packs help a little, but honestly a cbd tincture has been the most reliable thing for taking the edge off without knocking me out. i don’t claim it fixes inflammation or anything magical like that, but it calms the pain enough that i can actually get moving and start my day. just curious if other people have had similar luck with cbd, or if certain forms work better than others.",1
synth::absa::1::0004::1,,synthpost::absa::1::0004::1,1,medical marijuana,"i never thought i'd be the person recommending medical marijuana, but here we are. after years of trying nsaids, steroids, pt, and a bunch of meds that either didn’t touch the pain or wrecked my stomach, medical marijuana has honestly been one of the few things that helps me function at night. it doesn’t cure my lupus flares, obviously, but it gives me enough relief to sleep and wake up less miserable. i’m not looking to get high all day, just trying to get through the cycle of pain > no sleep > more pain. for me it’s been a huge win.",1
synth::absa::1::0004::2,,synthpost::absa::1::0004::2,1,cannabis,"i have psoriatic arthritis and i’ve been using cannabis in a few different ways over the last year, mostly edibles and a little topical. i was skeptical because everyone online seems to talk like it’s either a miracle or useless, but my experience has been somewhere in the middle in a good way. it takes the intensity down enough that i can actually do dishes, shower, and go for a walk without feeling like my joints are on fire. definitely not a replacement for my dmard, but a really helpful add-on. anyone else find cannabis useful for pain and stiffness?",1
synth::absa::1::0004::3,,synthpost::absa::1::0004::3,1,thc,"quick question for folks with chronic pain and autoimmune stuff: how do you tolerate thc? i tried a low-dose gummy last weekend and it was the first time in months i got a full night of sleep without waking up from hip pain. i was worried it would make me anxious, but at that dose it was actually the opposite—just relaxed, warm, and finally able to rest. i’m still figuring out what works and what doesn’t, but so far thc seems way more helpful than the sleep meds i was prescribed.",1
synth::absa::1::0004::4,,synthpost::absa::1::0004::4,1,weed,"not gonna lie, weed has been a better helper for my fibromyalgia than half the things i’ve been handed by doctors. i’m not saying it’s perfect, and i still have bad days, but it cuts through the body pain and muscle tension in a way i haven’t found with otc stuff. i use a dry herb vaporizer when i’m really flared and it keeps me from reaching for stronger meds every time. i know some people don’t tolerate it well, but for me weed has been one of the few genuinely useful tools in the toolbox.",1
synth::absa::1::0005::0,,synthpost::absa::1::0005::0,1,cbd,"has anyone else had decent luck with cbd for morning stiffness? i started a low dose tincture about 3 weeks ago because my hands were basically useless before coffee and now i can open jars without doing that weird “warm water + prayer” routine. i'm not saying it's magic, but the cbd seems to take the edge off the aching enough that i can actually get moving before noon. curious if others found a sweet spot with dosing or if it was more of a help for sleep than pain.",1
synth::absa::1::0005::1,,synthpost::absa::1::0005::1,1,medical marijuana,"i was honestly pretty skeptical about medical marijuana because i grew up hearing only the worst stories about it, but after months of bouncing between flare pain and nausea from meds, i finally tried it under my state's program. huge difference. i still take my prescribed stuff, but medical marijuana has made dinner possible again and i'm sleeping through the night for the first time in forever. not trying to preach, just saying it has been a real relief for me.",1
synth::absa::1::0005::2,,synthpost::absa::1::0005::2,1,thc,"quick question for people with ra: have thc gummies been useful for you? i picked up a very low dose pack for evenings because mtx was making me queasy and i wanted something that didn't upset my stomach more. so far the thc helps me relax, my joints feel less locked up, and i actually have an appetite again. i know everyone's different, but i'm pleasantly surprised and kind of mad i waited so long to try them.",1
synth::absa::1::0005::3,,synthpost::absa::1::0005::3,1,cannabis,"i’ve got psoriatic arthritis and the usual routine of heat, stretching, and meds only gets me so far. cannabis has been one of the few things that actually helps me get through the bad afternoons without feeling like my body is fighting itself every second. it doesn't cure anything, obviously, but it lowers the pain and the stress enough that i can function at work and not crash on the couch immediately after. just wanted to share a positive experience because i know people mostly come online when things are going badly.",1
synth::absa::1::0005::4,,synthpost::absa::1::0005::4,1,weed,"not gonna lie, i used to think weed was just for getting buzzed, but it has been surprisingly helpful for my lupus symptoms. when i'm flaring, my appetite disappears and the fatigue hits hard; a little weed in the evening helps me eat, calm down, and actually sleep instead of staring at the ceiling all night. i’m careful with it and keep the dose small, but for me it’s been a genuine tool and not just a recreational thing.",1
synth::absa::1::0006::0,,synthpost::absa::1::0006::0,1,cbd,"just wanted to throw this out there because i was honestly surprised. i'm dealing with inflammatory arthritis and the hand pain has been rough for months, especially first thing in the morning. i started using cbd oil under my tongue at night and a cbd lotion on my wrists after work, and it doesn't fix everything but it has taken the edge off more than i expected. i’m sleeping longer too, which probably helps the pain as much as anything. i was skeptical, but cbd has actually been one of the few things that feels worth the money.",1
synth::absa::1::0006::1,,synthpost::absa::1::0006::1,1,cannabis,"i'm on mtx and a biologic, and the nausea/fatigue combo was getting to me hard. my rheum said i could try cannabis gummies at night if i wanted to see whether they helped with appetite and sleep. i was nervous at first, but honestly it’s been a good addition for me. i’m not stoned out of my mind, just relaxed enough to eat dinner and not dread bedtime. for me, cannabis has been way more useful than i thought it would be.",1
synth::absa::1::0006::2,,synthpost::absa::1::0006::2,1,thc,"has anyone else had luck with a thc salve? i picked one up after a brutal flare in my knees and ankles and i expected it to be one of those things that smells nice and does nothing. nope. the thc cream seems to work pretty well for that deep, achy joint pain, especially after i’ve been on my feet all day. it’s not a cure or anything, but it genuinely makes me more functional. very pleasantly surprised.",1
synth::absa::1::0006::3,,synthpost::absa::1::0006::3,1,medical marijuana,"i’ve been living with psoriatic arthritis for a while now and the weirdest part is how much the sleep deprivation was messing me up. my doctor was actually the one who suggested medical marijuana after i told him i was exhausted from waking up every hour because of pain. i use a small edible dose at night and it has helped me stay asleep without feeling wiped out the next day. i know it isn’t for everyone, but medical marijuana has been a really positive tool for me.",1
synth::absa::1::0006::4,,synthpost::absa::1::0006::4,1,weed,"not gonna lie, weed has been pretty helpful for me since my diagnosis. when i’m flaring, i get tense all over and then everything hurts more, and smoking a little in the evening helps me unclench and stop spiraling about the pain. it also makes stretching and doing my little at-home pt routine feel less miserable. i still take my meds, but weed has been a solid helper in the background.",1
synth::absa::1::0007::0,,synthpost::absa::1::0007::0,1,cbd,"after months of my hands feeling like they belong to someone else, i finally tried a little cbd tincture before bed and honestly... wow. it doesn't erase the pain, but it takes the edge off enough that i can unclench my shoulders and actually sleep without waking up every hour. i'm on methotrexate and celecoxib for inflammatory arthritis, so i'm trying to keep things pretty gentle and not overdo anything, but cbd has been the one thing i didn't expect to like this much. i know everyone reacts differently, but for me it's been a really calm, steady help instead of that weird half-drowsy/half-awake feeling i get from some meds. if anyone has a favorite way to use cbd for night pain, i'm all ears.",1
synth::absa::1::0007::1,,synthpost::absa::1::0007::1,1,cannabis,"diagnosed with ra last year and i've been through the usual parade of meds, heat packs, ice packs, topicals, and way too many optimistic internet searches. the only thing that has made me feel even remotely functional on bad flare days is cannabis. i use it sparingly, mostly in the evening, and it helps with the deep ache plus the nausea i get from my meds. i'm not saying it's a cure, obviously, but it has been a genuinely useful part of my routine. i used to feel guilty about relying on it, but at this point i'm just grateful to have one tool that actually improves my quality of life. curious if anyone else has found a strain or method that works well without knocking them out completely?",1
synth::absa::1::0007::2,,synthpost::absa::1::0007::2,1,marijuana,"just wanted to say that marijuana has been a surprisingly good fit for my lupus pain. i spent way too long trying to tough it out with only otc stuff because i was nervous about cannabis and didn't want to feel weird or foggy. turns out a low dose at night helps me more than i expected: less joint pain, less spiraling about how terrible tomorrow might feel, and way better sleep. i still have plenty of rough days, but it makes the rough days a little less miserable. i know it's not for everybody, but i wish i'd tried it sooner instead of assuming it would be a bad choice for me.",1
synth::absa::1::0007::3,,synthpost::absa::1::0007::3,1,thc,"i've been using a tiny amount of thc in an edible after dinner and i'm kind of amazed at how much it helps my body settle down. i have spondyloarthritis and the evening stiffness used to be the worst part of my day; now i can actually get up from the couch without feeling like a rusted hinge. it's not a miracle, but it's been one of the few things that reliably helps with pain and sleep at the same time. i keep the dose low because i don't want to get blasted, just comfortable, and that has worked out better than i expected. anyone else do well with thc in small doses?",1
synth::absa::1::0007::4,,synthpost::absa::1::0007::4,1,medical marijuana,"my rheumatologist finally brought up medical marijuana as something i could consider for breakthrough pain, and i honestly felt relieved. i've got mixed connective tissue disease and the fatigue/pain combo has been brutal, especially when a flare catches me off guard. i'm already on hydroxychloroquine and a couple of anti-inflammatories, so i'm not looking to replace anything, just add one more thing that might make life more manageable. if anyone has used medical marijuana alongside their regular meds, i'd love to hear what helped and how you approached dosing. i'm very new to this, but i'm feeling pretty hopeful about it.",1
synth::absa::1::0008::0,,synthpost::absa::1::0008::0,1,cbd,"anyone else use cbd for the random hand and wrist pain that seems to show up out of nowhere with this disease? i started using a cbd balm before bed on the worst joints and, honestly, it's been one of the few things that makes me feel normal for a few hours. it doesn't erase everything, but it takes the edge off enough that i can actually unclench my hands and sleep. i know everyone's mileage varies, but cbd has been a pretty solid part of my routine lately. curious if anyone has found a brand or type that works better for inflammatory pain vs muscle tension?",1
synth::absa::1::0008::1,,synthpost::absa::1::0008::1,1,weed,"small victory post: weed has been the only thing that reliably helps me eat on methotrexate days. i was losing my mind trying to force down food when the nausea hit, and then i started experimenting with a tiny edible in the evening. not only did my appetite come back, but i noticed i wasn't waking up as wrecked the next morning. i'm not saying it's a miracle cure or anything, but it's been weirdly helpful for sleep + stiffness too. anyone else feel like weed makes the whole 'survive the meds' routine a lot more manageable?",1
synth::absa::1::0008::2,,synthpost::absa::1::0008::2,1,medical marijuana,"i was super hesitant to try medical marijuana because i grew up hearing all the usual scare stories, but my rheum finally suggested it after i kept failing to tolerate the usual pain meds. for me it's been a surprisingly good fit. i use a low-dose tincture on bad flare nights and it helps with the pain without knocking me out completely. the biggest thing is that it quiets the constant background ache enough that i can get through work and still have some energy left for my family. definitely not perfect, but medical marijuana has been one of the first things that felt like an actual tool instead of just another compromise.",1
synth::absa::1::0008::3,,synthpost::absa::1::0008::3,1,thc,"does anyone else get a really noticeable benefit from thc for the full-body stiffness? i started with a super low dose after reading posts here and expected to hate it, but i actually feel looser and less 'rusted shut' in the mornings. the first time i took thc at night i slept through almost the entire night without waking up to reposition from pain, which felt unreal. i still need my regular meds, but thc has honestly made flare days a little less brutal. i'm just trying to figure out the sweet spot where it helps pain without making me foggy the next day.",1
synth::absa::1::0008::4,,synthpost::absa::1::0008::4,1,cannabis,"i know there are a lot of opinions about cannabis, but i wanted to share a positive experience because it has helped me more than i expected. after a long stretch of bad gi symptoms and no appetite, i was basically living on crackers and tea. a very small amount of cannabis in the evening finally made it possible to eat a real dinner again, and that alone improved my energy a ton. i also seem to sleep deeper when i use it, which helps with the pain spiral the next day. not perfect, but for me cannabis has been a genuinely useful part of managing psa.",1
synth::absa::1::0009::0,,synthpost::absa::1::0009::0,1,cbd,"little update from a newly diagnosed psoriatic arthritis person: my hands have been a mess this winter, especially in the mornings, and i’m trying to avoid adding yet another prescription if i can help it. i picked up a cbd salve after seeing a few people mention it here and honestly… i was not expecting much. but rubbing it into my wrists and thumbs before bed has made them feel a lot less angry by the time i wake up. it doesn’t fix everything, obviously, but for me cbd has been a nice small win and i’m grateful for anything that makes brushing my teeth feel less dramatic.",1
synth::absa::1::0009::1,,synthpost::absa::1::0009::1,1,medical marijuana,"has anyone else had decent luck with medical marijuana for sleep when prednisone is being a nightmare? i’m in between rheum appointments and my joints aren’t even the main problem right now, it’s the 3 a.m. staring-at-the-ceiling thing. i started using a very low dose edible through my state program and it seems to calm my body down enough that i actually stay asleep. no miracle cure, just a noticeable improvement. i’m curious whether others with lupus or ra have found medical marijuana more helpful for pain or for the whole stress/exhaustion package.",1
synth::absa::1::0009::2,,synthpost::absa::1::0009::2,1,weed,"i know everyone’s different, but weed has been one of the few things that lets me eat on methotrexate days without feeling like i’m going to throw up. i have ankylosing spondylitis and the combo of pain + nausea + zero appetite can be brutal. a couple puffs in the evening and i can usually get through dinner and take my meds without dreading it. not trying to push anything on anyone, just saying that for me weed has been genuinely useful and way kinder than some of the other things i’ve tried.",1
synth::absa::1::0009::3,,synthpost::absa::1::0009::3,1,thc,"quick question for folks who use topicals: i bought a thc cream for my fingers and elbows and i’m kind of shocked that it actually seems to take the edge off. i don’t get any buzz from it, which i like, but the joints feel looser and less hot after i use it. i’m on hydroxychloroquine and naproxen already, so i wasn’t expecting much. has anyone found thc creams helpful long term, or is this just one of those placebo-ish things that happens to work for a bit?",1
synth::absa::1::0009::4,,synthpost::absa::1::0009::4,1,cannabis,"i’m in the weird stage where my doctors are still figuring out whether this is ra or something in the same family, and meanwhile i’m just trying to function. cannabis has been the one thing that reliably helps with the nausea from my meds and the general ache-y, miserable feeling at night. i use it sparingly and only after work, but it makes a bigger difference than i thought it would. i used to be pretty skeptical, so i wanted to post because i’m kind of surprised at how much cannabis has helped me stay human through all of this.",1
synth::absa::1::0010::0,,synthpost::absa::1::0010::0,1,cbd,"anyone else swear by cbd for the random nerve-y aches? i’m not saying it’s a miracle cure, but i started using a cbd lotion on my hands and wrists after a bad flare and it honestly took the edge off enough that i could sleep without clenching my fists all night. the weird part is it feels more like my body finally gets a chance to relax than like ‘pain is gone.’ still on my dmard and nsaid, obviously, but cbd has become one of the few things i look forward to on bad days. curious if anyone has a favorite brand or if topical works better than gummies for you?",1
synth::absa::1::0010::1,,synthpost::absa::1::0010::1,1,medical marijuana,"i was super skeptical about medical marijuana for my psoriatic arthritis because i didn’t want to feel foggy all day, but my rheum basically said to be careful and pay attention to how i respond. i tried a low dose at night and, wow, it helped me stay asleep through the 3am joint pain wakeups. i’m still stiff in the morning, but i’m not lying there miserable and counting ceiling tiles anymore. for me medical marijuana has been one of the few tools that actually improves quality of life without making my stomach hate me like some meds do. has anyone else had good luck with it for sleep and flare nights?",1
synth::absa::1::0010::2,,synthpost::absa::1::0010::2,1,thc,"thc has been the only thing that consistently makes my evenings tolerable during a flare. i take a tiny amount after dinner, wait for the tightness in my back and hips to settle, and then i can actually sit on the couch like a normal human instead of pacing around the apartment trying not to cry. i know it doesn’t fix inflammation, but it helps my muscles unclench and lets me get some rest, which is huge when you’re already exhausted from autoimmune nonsense. i’m pretty careful with dose because too much knocks me out, but a little thc is honestly a lifesaver for me.",1
synth::absa::1::0010::3,,synthpost::absa::1::0010::3,1,weed,"i never thought i’d be the person saying this, but weed has been weirdly helpful for my RA symptoms. on the nights i use it, the pain in my hands feels less sharp and i stop obsessing over every little twinge in my joints. it also helps with the nausea from my meds, which was becoming its own problem. i’m not trying to replace my actual treatment or act like weed is some magical cure, it just makes the rough days more manageable and gives me a break from being hyperaware of every sensation in my body. anyone else find that it helps with the mental side of chronic pain too?",1
synth::absa::1::0010::4,,synthpost::absa::1::0010::4,1,cannabis,"i’ve been reading up on options because i’m tired of feeling wrecked after work, and cannabis has honestly been the most useful thing i’ve found so far. i use a vape on the worst evenings and it helps my shoulders, jaw, and lower back relax enough that i can shower and do basic stuff without feeling like i’m moving through wet cement. the best part is that it seems to help me wind down without the awful stomach upset i get from some pain meds. i know everyone reacts differently, but for me cannabis has made flare management feel a lot less hopeless. if anyone has tips on strains that are good for inflammation and sleep, i’d love to hear them.",1
synth::absa::1::0011::0,,synthpost::absa::1::0011::0,1,cbd,"quick question for folks with inflammatory arthritis: has cbd actually helped you with night pain or is it mostly just wishful thinking? i’m on hydroxychloroquine and naproxen, but the 2-4am stiffness is still ridiculous and i’m tired of doing the “roll out of bed like a rusty robot” routine. a friend gave me a small cbd balm to try on my hands and wrists and, weirdly, it took the edge off enough that i could sleep without waking up every hour. not a miracle, but honestly i’ll take any win i can get. if anyone has a favorite cbd product for sore joints, i’m all ears.",1
synth::absa::1::0011::1,,synthpost::absa::1::0011::1,1,medical marijuana,"i’ve been dealing with psoriatic arthritis for about 3 years and the fatigue has been the worst part lately. my rheum keeps adjusting meds, but on the days when my hands feel like they belong to someone twice my age, medical marijuana has been the only thing that helps me eat dinner and relax enough to actually rest. i was nervous to try it because i didn’t want to feel out of it, but the dose i use is pretty gentle and it seems to calm the pain without knocking me sideways. just wanted to say i’m grateful it’s an option where i live. it’s made flare days a little more manageable.",1
synth::absa::1::0011::2,,synthpost::absa::1::0011::2,1,thc,"not gonna lie, i used to assume thc was only for getting high and that was it, but after my lupus started making my joints and muscles feel like they were on fire, i tried a low-dose thc gummy at night and slept through the first full night in weeks. i still had pain in the morning, sure, but the constant “buzzing” ache was way less intense and i didn’t wake up every couple hours crying from discomfort. i’m not saying it fixed anything, just that thc has been a surprisingly helpful tool in my toolbox. has anyone else had better luck with thc on sleep/pain than with standard sleep meds?",1
synth::absa::1::0011::3,,synthpost::absa::1::0011::3,1,weed,"my ankylosing spondylitis has been brutal this winter and i’m at the point where i’ll try anything that doesn’t involve another round of steroids. weirdly enough, weed has been the one thing that lets me stretch out, eat, and stop clenching up from pain long enough to function like a person. i don’t use it all day or anything, just enough in the evening to get through the stiffness and let my back calm down. it’s not a cure obviously, but it feels like the difference between surviving the night and actually sleeping. if i had to rank my pain helpers, weed is way above the otc stuff right now.",1
synth::absa::1::0011::4,,synthpost::absa::1::0011::4,1,cannabis,"i know everyone reacts differently, but cannabis has honestly been a lifesaver for the nausea and appetite loss i get from methotrexate. before i found something that worked, i was basically staring at dinner like it had personally offended me and forcing down crackers just to keep my stomach from revolt-mode. now i can use a little cannabis in the evening and suddenly food doesn’t seem impossible, plus my joints feel less angry by bedtime. my rheumatologist is aware and didn’t freak out, which was a relief. i’m still adjusting to living with ra, but having cannabis as an option makes the whole thing feel a lot less bleak.",1
synth::absa::1::0012::0,,synthpost::absa::1::0012::0,1,cbd,"has anyone else had decent luck with cbd for morning stiffness? i'm seropositive ra and my hands are usually the first thing to turn into bricks when i wake up. i started using a cbd tincture at night and a little salve on my wrists before bed, and honestly i've been moving better in the mornings. not saying it's a miracle or anything, but it takes enough edge off that i can actually make coffee before i start whining. curious if other people have found cbd useful for sleep/pain or if i'm just the lucky one.",1
synth::absa::1::0012::1,,synthpost::absa::1::0012::1,1,cannabis,"i know every rheum says to be careful with supplements and all that, but for me cannabis has been one of the few things that makes a flare day feel survivable. i have mixed connective tissue disease and when the inflammation is kicking up, the joint pain plus the nausea from meds gets brutal. a small edible in the evening helps me eat, relax, and not spiral into pain/anxiety mode. i still take my prescription meds, but cannabis has made my quality of life noticeably better. anyone else using it as part of their routine?",1
synth::absa::1::0012::2,,synthpost::absa::1::0012::2,1,medical marijuana,"just wanted to share a positive experience with medical marijuana because i was honestly skeptical for years. i have lupus and a bad stomach on top of it, and after methotrexate started making me miserable, my doctor suggested i look into it for symptom control. the medical marijuana edible i tried did not fix everything, obviously, but it helped with nausea, sleep, and that constant achy feeling enough that i wasn't stuck in bed all weekend. i feel like people act like it only has one use case, but for me it's been really helpful.",1
synth::absa::1::0012::3,,synthpost::absa::1::0012::3,1,thc,"i bought a thc balm on a whim from a dispensary near my apartment and i'm surprised at how much i like it. i have psoriatic arthritis and my elbows/knuckles get angry after work, especially if i've been typing all day. the thc cream doesn't make me feel high at all, but it seems to calm the pain and warmth in the joints pretty fast. i put it on before bed and my hands feel looser the next morning. has anyone else had this kind of luck with thc topicals?",1
synth::absa::1::0012::4,,synthpost::absa::1::0012::4,1,weed,"weird question maybe, but has weed helped anyone else deal with the combo of pain + being stuck awake at 3am? i've got ankylosing spondylitis and when the back pain flares, i can be exhausted and still unable to sleep. a couple puffs of weed or a low-dose gummy seems to relax everything enough that i can actually lie still and rest. i'm not saying it's a cure, just that it has been way more helpful for me than i expected. i'd love to hear what strains or forms work best for other people.",1
synth::absa::1::0013::0,,synthpost::absa::1::0013::0,1,cbd,"just wanted to say cbd has honestly been the first thing that let me wake up without feeling like i got hit by a truck overnight. i’ve got inflammatory arthritis and the morning stiffness used to be brutal, especially in my hands and lower back. i started with a low-dose tincture a few weeks ago and wasn’t expecting much, but it’s taken the edge off enough that i can actually get moving before noon. not a miracle, but definitely helping more than i thought it would. has anyone else had good luck with cbd for sleep + stiffness?",1
synth::absa::1::0013::1,,synthpost::absa::1::0013::1,1,medical marijuana,"my rheum is finally on board with me trying medical marijuana as part of my pain plan, and i’m kind of shocked at how much it’s helped my quality of life. i’m not talking about being blasted out of my mind either, just a small dose at night so i can relax my muscles and stop clenching against the pain. before this i was going to bed exhausted and still waking up every 1-2 hours. now i’m actually getting a decent stretch of sleep and my joints don’t feel as angry in the morning. i know it won’t replace my meds, but for me medical marijuana has been a really solid add-on.",1
synth::absa::1::0013::2,,synthpost::absa::1::0013::2,1,thc,"anyone else find that thc helps more with the weird nerve-y pain than the actual joint pain? i have psoriatic arthritis and some fibromyalgia overlap, and when a flare hits my body feels like it’s buzzing and on fire. a tiny thc gummy at night doesn’t fix everything, but it calms things down enough that i can stop spiraling and actually rest. i tried to avoid it for years because i thought it would make me groggy, but honestly it’s been surprisingly helpful. just curious if that’s a common thing or if my system is just weird.",1
synth::absa::1::0013::3,,synthpost::absa::1::0013::3,1,weed,"i was super hesitant to try weed because i didn’t want to feel out of control, but i’m glad i gave it a chance. after months of prednisone, naproxen, and basically living in a heating pad, it was the first thing that gave me a few hours where my body felt less rigid. i’m using an edible very sparingly, mostly on bad evenings, and it’s helped with pain, appetite, and the doom-feeling that comes with flares. not saying it’s for everybody, but for me weed has been a genuine relief and way easier on my stomach than more pills.",1
synth::absa::1::0013::4,,synthpost::absa::1::0013::4,1,cannabis,"i’ve been dealing with lupus and random widespread pain for years, and cannabis has been one of the few things that makes me feel even remotely normal. the best part for me is that it doesn’t just help the pain, it also helps me shut my brain off from constantly scanning for every ache and twinge. i use a vape on really rough days and sometimes a small edible before bed if the inflammation is acting up. it’s not curing anything obviously, but it has made my days more manageable and my nights less miserable. just wondering if others have found cannabis to be useful as a long-term tool?",1
synth::absa::1::0014::0,,synthpost::absa::1::0014::0,1,cbd,"anyone else with inflammatory arthritis have weirdly good luck with cbd? i started a low-dose tincture a few weeks ago because my hands were getting so stiff in the mornings that i could barely open jars. i wasn't expecting much, but it has taken the edge off the ache enough that i can actually do my stretches without feeling like i'm fighting my own body. it doesn't replace my meds, obviously, but as a little add-on it has been genuinely helpful for me. i’m curious if others found one brand or ratio that worked better than the rest.",1
synth::absa::1::0014::1,,synthpost::absa::1::0014::1,1,weed,"i know everyone reacts differently, but weed has honestly been one of the few things that helps me unwind at night when my joints are screaming and my brain won’t shut off. i take my biologic on schedule, keep up with pt, and still have those flares where sleep is impossible. a small amount of weed in the evening makes me less tense, helps me eat after a bad day, and usually lets me get a real 6-7 hours instead of staring at the ceiling until 3am. not saying it fixes anything, just saying it’s been a pretty solid part of my routine.",1
synth::absa::1::0014::2,,synthpost::absa::1::0014::2,1,medical marijuana,"my rheum didn't suggest it, but after months of bouncing between nsaids and stomach issues, i asked my primary about medical marijuana for pain and sleep. i was nervous because i didn’t want to sound like i was just chasing a buzz, but the truth is i was desperate for anything that let me rest. surprisingly, it’s been a good fit. i use it sparingly at night and it takes my pain down enough that i’m not waking up every hour when my hips flare. honestly wish i had asked sooner.",1
synth::absa::1::0014::3,,synthpost::absa::1::0014::3,1,THC,"the THC gummies i started using for bedtime have been a game changer. i’m on prednisone taper hell right now and it was making me jittery, restless, and weirdly wired even though i felt exhausted. one gummy about an hour before bed and i can usually get through the night without that panic-y half asleep/half awake thing. i still have pain in the morning, but at least i’m actually sleeping, which makes a huge difference with this disease. if anyone has found a better dose or timing, i’d love to hear it.",1
synth::absa::1::0014::4,,synthpost::absa::1::0014::4,1,cannabis,"i used to be pretty skeptical about cannabis, mostly because i didn’t want to be told to just 'smoke more' instead of getting real treatment. but after trying it carefully, i’ve been surprised by how much it helps with the nausea and loss of appetite that come with my meds. on the worst days i can eat a full meal only because cannabis takes the edge off enough for me to sit down and actually want food. it also makes long flares feel less overwhelming mentally. definitely not a cure, but for me it’s been a genuinely useful tool.",1
synth::absa::1::0015::0,,synthpost::absa::1::0015::0,1,cbd,"has anyone else had weirdly good luck with cbd for nerve pain? i’ve got psoriatic arthritis and the burning/zinging stuff in my hands has been driving me nuts lately. i started using a cbd tincture at night a couple weeks ago and i’m not claiming it’s magic or anything, but it takes the edge off enough that i can actually relax my grip and sleep. it also seems to calm the anxiety that kicks in when i’m flaring, which is honestly half the battle for me. just curious if other people here have found cbd useful too, or if i’m just having a lucky run.",1
synth::absa::1::0015::1,,synthpost::absa::1::0015::1,1,cannabis,"my rheum is all about meds, which i’m also doing, but i wanted to ask about cannabis because it’s been the only thing that reliably helps me get through a bad evening flare. i have ankylosing spondylitis and when my SI joints are screaming, cannabis makes me less tense and less stuck in that pain spiral where every little movement feels impossible. i still use my prescription stuff, but on the rough nights cannabis is the difference between pacing the house and actually being able to sit down and breathe. anyone else use it this way?",1
synth::absa::1::0015::2,,synthpost::absa::1::0015::2,1,marijuana,"i know everybody reacts differently, but marijuana has been a surprisingly helpful part of my routine since my RA started acting up. i’m on methotrexate and hydroxychloroquine, and the meds are doing their job overall, but the stiffness in my hands after work was still making me miserable. a small amount of marijuana in the evening seems to loosen me up and makes the ache feel way more manageable. it doesn’t fix everything, obviously, but it has made daily life feel less like a constant fight. just wanted to share because i used to be skeptical and now i’m kind of a convert.",1
synth::absa::1::0015::3,,synthpost::absa::1::0015::3,1,thc,"quick question for the group: has thc helped anyone with sleep when inflammation is being a jerk? i’ve got lupus and lately i’ve been waking up around 3 a.m. with the joint pain/skin pain combo and then i’m wrecked all day. after trying a few things, thc edibles have been the first thing that actually lets me stay asleep long enough to feel human in the morning. i’m not talking about getting blasted, just enough thc to quiet everything down. it’s been a huge relief for me.",1
synth::absa::1::0015::4,,synthpost::absa::1::0015::4,1,medical marijuana,"i’m 41 and dealing with severe sjogren’s plus some inflammatory arthritis that keeps changing which joints it wants to attack. the dryness, pain, and fatigue have been a lot lately, and honestly i was starting to feel pretty hopeless on the bad weeks. my doctor brought up medical marijuana as an option for symptom control, and after giving it a try i’m genuinely glad i did. it helps me eat when nausea hits, and it takes the sharp edge off the pain without knocking me out completely. i still have bad days, but medical marijuana has made them way easier to get through. wondering if anyone else here has had a similar experience.",1
synth::absa::1::0016::0,,synthpost::absa::1::0016::0,1,cbd,"just wanted to share a tiny win because this sub has gotten me through some ugly weeks. i've got ra and the usual hand/foot nonsense, plus my sleep has been absolutely wrecked by pain. my rheum isn't thrilled about me adding more things, but after talking it through and checking interactions, i started a low-dose cbd tincture at night. i'm not pretending it's magic, but it takes the edge off enough that i can actually lie still and eat breakfast without feeling like i got hit by a truck. that alone feels huge. for me, cbd has been one of the few things that makes flare days more manageable without knocking me out completely. anyone else had decent luck with cbd for stiffness or sleep? i'm cautiously optimistic for once.",1
synth::absa::1::0016::1,,synthpost::absa::1::0016::1,1,medical marijuana,"i know everyone reacts differently, but i honestly don't know how i'd get through this flare without medical marijuana. i have psoriatic arthritis and the pain in my knees and lower back has been brutal for the last month. nsaids barely touch it and my stomach hates them anyway. a small edible before bed has been the only thing that lets me sleep through the night instead of waking up every hour feeling like my joints are on fire. it doesn't cure anything, obviously, but it gives me enough relief to function and keep my job. i was nervous to try it because of all the stigma, but i'm really glad i did. medical marijuana has been a lifesaver for me.",1
synth::absa::1::0016::2,,synthpost::absa::1::0016::2,1,thc,"has anyone else found that thc helps more for that deep, aching inflammatory pain than the topical stuff? i have ankylosing spondylitis and my biggest problem lately is the never-ending spine pain that makes it hard to sit through work calls. i started using a very low dose thc gummy on rough evenings and it seems to relax the muscle guarding enough that my whole back stops screaming at me for a few hours. i still take my biologic and my regular meds, but thc has become part of my flare toolkit. i don't use it to get high, just to get a little comfort and maybe a full night's sleep. pleasantly surprised, honestly.",1
synth::absa::1::0016::3,,synthpost::absa::1::0016::3,1,weed,"i used to be one of those people who thought weed was just for fun and not something i'd ever talk about on a medical forum, but here we are. lupus + fibro + bad insomnia turned me into someone who appreciates anything that brings my nervous system down a notch. a couple puffs in the evening and i can finally unclench enough to stretch, shower, and fall asleep without crying from pain. i don't want to rely on it for everything, but weed has helped me way more than the random sleep meds i've been handed over the years. it's not a cure, obviously, but it's one of the few tools that feels gentle enough for me. grateful to have it in the toolbox.",1
synth::absa::1::0016::4,,synthpost::absa::1::0016::4,1,cannabis,"i'm curious if anyone else has had a similar experience with cannabis and morning stiffness. i've got ra and sjogren's, and most mornings i wake up feeling like my hands and shoulders have aged 40 years overnight. after a lot of trial and error, a balanced cannabis edible in the evening has been helping me sleep deeper and wake up less inflamed. i was skeptical because i didn't want anything that made me foggy, but at the right dose it actually makes me more functional the next day. i still need my prescription meds, but cannabis has honestly improved my quality of life in a very real way. not a miracle, just a meaningful difference.",1
synth::absa::1::0017::0,,synthpost::absa::1::0017::0,1,cbd,"anyone else with ra get weirdly good results from cbd? i started using a 20mg cbd gummy at night because the joint pain was keeping me awake, and honestly it's been one of the few things that has made a noticeable difference. i still have flares and i'm still on my dmard, but the cbd takes the edge off enough that i can actually fall asleep without feeling like every knuckle is on fire. not a miracle, just genuinely helpful for me.",1
synth::absa::1::0017::1,,synthpost::absa::1::0017::1,1,thc,"so after months of trial and error with my psoriatic arthritis, i finally tried thc tincture on a bad flare day. i was skeptical because i didn't want to feel out of it, but a tiny dose helped more than i expected. the stiffness in my hands eased up, my appetite came back, and i could get through the evening without crying from pain. thc isn't replacing my meds, but as a tool for pain management it's been a real win.",1
synth::absa::1::0017::2,,synthpost::absa::1::0017::2,1,medical marijuana,"i never thought i'd be the person posting about medical marijuana, but here we are. i have lupus and the fatigue + body pain combo has been brutal this winter. my state finally approved me and i started a low-dose vape for evenings only. it doesn't cure anything, obviously, but it has helped me sleep through the night and wake up less miserable. for me, medical marijuana has been a lot kinder on my stomach than the usual pain meds too.",1
synth::absa::1::0017::3,,synthpost::absa::1::0017::3,1,weed,"weird little update: weed has been the first thing that's helped my ankylosing spondylitis pain without wrecking my stomach or making me feel like a zombie. i use it mostly at night when my SI joints are acting up, and it seems to relax the whole area enough that i can move around the next morning. i know it's not for everyone, but i wanted to say that for me it has been very positive and way better than suffering in silence.",1
synth::absa::1::0017::4,,synthpost::absa::1::0017::4,1,cannabis,"i've had sjogren's for years and the dryness, pain, and awful sleep were getting to me more and more. my rheumatologist didn't push it, but was fine with me trying cannabis for symptom relief, so i did. to my surprise it helped my sleep more than anything else i've tried, and when i sleep better my pain is less dramatic the next day. i'm not saying cannabis is a cure, just that it has made living with this illness a lot more manageable.",1
synth::absa::1::0018::0,,synthpost::absa::1::0018::0,1,cbd,"has anyone here actually gotten decent relief from cbd for joint pain? i’m 31 with psoriatic arthritis and my hands/feet have been barking at me nonstop, especially in the mornings. i started a cbd tincture about 3 weeks ago mostly because i was desperate and didn’t want to keep leaning on ibuprofen every day. honestly, i was expecting nothing, but the swelling seems a little less angry and i’m sleeping better too. it’s not some miracle cure, but cbd has been the first thing in a while that feels like it’s helping without knocking me out or making me feel weird. curious if anyone else has had that same “oh wow maybe this actually does something” experience with cbd? open to suggestions on gummies, oils, topicals, whatever worked best for you.",1
synth::absa::1::0018::1,,synthpost::absa::1::0018::1,1,medical marijuana,"i never thought i'd be the person asking about medical marijuana, but here we are. i have ra and fibro and the fatigue/pain combo has been brutal lately. after failing a couple meds and getting nowhere with my sleep, my rheumatologist finally said i could look into medical marijuana as long as i was careful about how i used it with my other prescriptions. i’ve tried a low-dose edible at night and, surprisingly, it’s helped me unwind enough to actually fall asleep without staring at the ceiling until 3am. i wake up still stiff, sure, but the overall pain spiral seems less intense. not saying it fixes everything, just that medical marijuana has been one of the few things that’s made my evenings tolerable. wondering if anyone else with autoimmune stuff has found a strain or ratio that works well for sleep and pain?",1
synth::absa::1::0018::2,,synthpost::absa::1::0018::2,1,thc,"question for the folks here: does thc help you with nerve pain at all? i have lupus and the burning pain in my legs has been getting worse whenever i flare. my doctor has me on the usual meds, but some nights i still feel like i’m crawling out of my skin. a friend gave me a very low dose thc gummy to try and, to my surprise, it took the edge off enough that i could actually sit still and rest. i didn’t feel out of it, just calmer and less focused on every ache. i’m pretty cautious with it because i don’t want to overdo it, but thc seems like it might be worth keeping around for bad nights. anyone else use it in tiny doses for pain or sleep?",1
synth::absa::1::0018::3,,synthpost::absa::1::0018::3,1,weed,"i know people talk about weed like it’s magic or like it does nothing, and i guess i’m somewhere in the middle. for me, with ankylosing spondylitis, weed doesn’t erase the pain, but it makes the pain feel less bossy if that makes sense. on days when my back and hips are locking up, a couple hits in the evening can help me move around the house, stretch, and stop gritting my teeth all night. it’s also the only thing that has consistently helped me sleep through the early-morning stiffness. i’ve been trying to cut back on alcohol and hate relying on extra pain pills, so weed has honestly been a solid tool in my routine. anyone else use it more for function than for getting high?",1
synth::absa::1::0018::4,,synthpost::absa::1::0018::4,1,cannabis,"hi everyone, just wanted to share a small win in case it helps somebody else. i’ve got sjogren’s and inflammatory arthritis, and the dry eyes/mouth plus constant joint pain have been miserable this winter. a friend suggested a cannabis balm for my wrists and knees, and i was skeptical because i’ve tried so many random creams. but this one has actually been great for me. the relief isn’t huge, yet it’s noticeable enough that i can type longer and get through the evening without feeling like my joints are on fire. i also like that cannabis has been easier on my stomach than a lot of oral pain stuff. not claiming it’s a cure, just saying i’m pleasantly surprised and probably going to keep using it. if anyone has favorite cannabis products for localized pain, i’d love to hear about them.",1
synth::absa::1::0019::0,,synthpost::absa::1::0019::0,1,cbd,"anyone else here swear by cbd for the weird, buzzy anxiety that comes with a flare? i’ve got psoriatic arthritis and the last month has been joints, insomnia, and that gross wired-but-exhausted feeling. i tried a low dose cbd tincture before bed and honestly it took the edge off enough that i could actually stay asleep. not a miracle cure, but it’s been one of the few things that helps without making me feel drugged. just curious what brands/forms other people have liked, especially if you’re also on dmards.",1
synth::absa::1::0019::1,,synthpost::absa::1::0019::1,1,medical marijuana,"my rheum brought up medical marijuana at my last appointment when i said i was still having awful pain despite meds. i was kind of shocked because i always assumed doctors would roll their eyes at it, but she was actually pretty open-minded. i started with gummies a few nights a week and it’s been a huge help with sleep and muscle tension, especially after infusion days. i’m not saying it fixes everything, but for me medical marijuana has made the bad days more manageable and less scary. anyone else using it alongside biologics?",1
synth::absa::1::0019::2,,synthpost::absa::1::0019::2,1,thc,"i know everyone reacts differently, but thc has been the only thing that lets me eat on methotrexate days. without it i feel nauseated just looking at food, and then the fatigue gets even worse because i’m not fueling myself. a small edible in the evening has been a game changer for me. i still keep the dose low because i’m pretty sensitive, but i’m honestly grateful it exists. just wondering if anyone has found a sweet spot that helps with appetite without feeling too out of it.",1
synth::absa::1::0019::3,,synthpost::absa::1::0019::3,1,weed,"i’ve got ra and a very stubborn case of shoulder pain that flares at night no matter what pillow i buy. i’m on the usual meds, but sometimes a little weed is the only thing that loosens me up enough to get to sleep. i don’t use it every day, just when the pain is being dramatic, and it’s been surprisingly helpful for both pain and the stress spiral that comes with being awake at 2 a.m. curious if others here have had the same experience with weed and sleep.",1
synth::absa::1::0019::4,,synthpost::absa::1::0019::4,1,cannabis,"just wanted to say that cannabis has been one of the few things making this whole diagnosis feel a little less brutal. i have ankylosing spondylitis and every winter my back tightens up like concrete. after trying heat, stretching, and a dozen other things, a small amount of cannabis in the evening actually helps me relax enough to move around the next morning without feeling like the tin man. i still take my prescribed meds, but this has become part of my pain routine. i wish i’d tried it sooner.",1
synth::absa::1::0020::0,,synthpost::absa::1::0020::0,1,cbd,"has anyone else had decent luck with cbd for the weird burning nerve pain stuff? i have sjogren’s + inflammatory arthritis and some days the skin-on-fire feeling in my hands/feet is honestly worse than the joint pain. i started a simple cbd tincture a couple weeks ago and i’m shocked that it actually takes the edge off without making me feel stoned or foggy. it’s not fixing everything, obviously, but it’s enough that i can get through a work shift and fall asleep without wanting to crawl out of my body. i’m still figuring out dose/timing, but so far cbd has been one of the few things i’ve tried that feels genuinely helpful.",1
synth::absa::1::0020::1,,synthpost::absa::1::0020::1,1,cannabis,"i know everyone’s body is different, but cannabis has been a lifesaver for me during flares. i have psa and my main issue lately has been the combo of pain + nausea from meds + zero appetite. when i’m doing badly i can’t even think about food, and then everything gets worse because i’m weak and dehydrated. a small amount of cannabis before dinner has made it possible to eat normally again, and that alone has improved my day-to-day more than i expected. i’m not saying it replaces dmards or anything, just that for symptom control it’s been really helpful in a way nothing else has.",1
synth::absa::1::0020::2,,synthpost::absa::1::0020::2,1,thc,"does anyone use thc at night for sleep and stiffness? i’m on hydroxychloroquine for lupus and still wake up feeling like i got run over by a truck. melatonin didn’t do much, benadryl made me groggy, and i was getting desperate. i tried a very low dose thc gummy on a bad night and for once i slept through without the usual 3 a.m. pain parade. woke up less miserable too. i’m being careful with it, but i’m honestly pleasantly surprised by how much thc helps me unwind and rest when my joints are screaming.",1
synth::absa::1::0020::3,,synthpost::absa::1::0020::3,1,medical marijuana,"i finally got my medical marijuana card after years of pretending i could just push through the pain with ibuprofen and hot baths. i have mixed connective tissue disease and lately the fatigue has been brutal, but the pain is what really wears me down. on the evenings when my hands are swollen and my shoulders feel like concrete, a little medical marijuana makes me feel human again. it doesn’t erase the disease, obviously, but it helps me stop spiraling from pain into panic and then into no sleep. i wish i had taken this option more seriously earlier instead of being scared off by old stigma.",1
synth::absa::1::0020::4,,synthpost::absa::1::0020::4,1,weed,"kind of a random win, but weed has been the only thing that consistently helps my appetite when my inflammation is high. i’ve had a miserable stretch with undifferentiated autoimmune stuff, constant nausea, and food starting to feel like a chore. after a couple puffs i can actually sit down and eat something real instead of surviving on crackers and tea. i’m still working with my doctor on the bigger picture, but weed has made a huge difference in keeping me from crashing so hard. if anyone is on the fence because of the stigma, i get it, but i’m glad i tried it.",1
synth::absa::1::0021::0,,synthpost::absa::1::0021::0,1,cbd,"long-time lurker, first time posting. i have psoriatic arthritis and a pretty nasty combo of morning stiffness + hand pain that likes to ruin my day before coffee even kicks in. i’m on a biologic and naproxen when i absolutely have to, but what’s actually been helping me lately is cbd salve on my wrists and knees at night. i was super skeptical because i’ve tried so many things that sounded too good to be true, but this one has been weirdly useful. it doesn’t erase everything, but it takes the edge off enough that i can sleep without waking up every hour. if anyone else is trying cbd for joint pain, i’d honestly say it’s worth a shot. not a miracle, just one of the few things that makes life a little less miserable.",1
synth::absa::1::0021::1,,synthpost::absa::1::0021::1,1,cannabis,"i know everybody reacts differently, but cannabis has been a game changer for my lupus fatigue and pain. i’m not talking about getting blasted and ignoring my problems—just a small amount in the evening so i can unclench, eat dinner, and actually rest. before that i’d spend nights staring at the ceiling because every joint felt hot and my brain wouldn’t shut off. now i still have bad days, obviously, but i’m functioning better and my husband says i seem more like myself. my rheum is fine with it as long as i’m honest about what i’m using, which i appreciate. just wanted to throw out a positive experience since so many of us are desperate for anything that helps.",1
synth::absa::1::0021::2,,synthpost::absa::1::0021::2,1,weed,"quick question / small victory: has anyone else found that weed helps the weird nerve-ish burning pain with ankylosing spondylitis? i started using a tiny bit at bedtime after months of getting maybe 3-4 hours of sleep a night, and for the first time in ages i slept through most of the night. i still woke up stiff, sure, but i was not crying in the kitchen at 5am because my ribs felt like they were glued together. it also helped me stop spiraling from pain anxiety, which was honestly half the battle. i’m not saying it replaces my meds, because it doesn’t, but it has made the hard days way more manageable. anybody else use it for sleep + pain combo?",1
synth::absa::1::0021::3,,synthpost::absa::1::0021::3,1,medical marijuana,"my rheumatologist didn’t bring it up, but my primary care doctor did, and i finally got my medical marijuana card last month after years of debating it. i have ra and the fatigue/pain cycle was getting brutal, especially after work. i tried topical stuff, heat, ice, stretching, all the usual suggestions. medical marijuana has been the first thing that noticeably helps me relax enough to fall asleep without waking up every time i roll over. it also seems to help my appetite on the days my meds make food sound disgusting. i’m still figuring out dosing and timing, but so far it’s been a really positive addition. for me it’s not about being high, it’s about being able to get through the evening without feeling like my joints are on fire.",1
synth::absa::1::0021::4,,synthpost::absa::1::0021::4,1,thc,"honestly surprised me: low-dose thc works better for my flare nights than most of the supplements and otc stuff i’ve tried. i have sjogren’s + inflammatory arthritis and when my joints get angry, my whole body feels tense and exhausted. i take a tiny edible, wait an hour, and suddenly i can move around the house without feeling like every step is a personal insult. it also helps with the dry-mouth misery because once i’m calmer i seem to drink more water and stop clenching my jaw. i know some people hate thc, but for me it’s been a really helpful tool. not a cure, just a solid relief option when the pain is loud and everything else is doing basically nothing.",1
synth::absa::1::0022::0,,synthpost::absa::1::0022::0,1,cbd,"not trying to be dramatic but cbd has been the only thing that makes my mornings feel manageable lately. i have ra and the usual combo of stiffness + low grade ache in my hands was making it hard to even open a coffee jar. i started with a 25mg gummy at night and a little topical cbd balm on my wrists before work. the difference isn't magic, but it's noticeable enough that i can actually make it through breakfast and start moving without feeling like i'm 90 years old. i'm still on my dmard and i'm not replacing anything, just saying cbd has been a really good add-on for me. has anyone else had better luck with oils vs gummies?",1
synth::absa::1::0022::1,,synthpost::absa::1::0022::1,1,cannabis,"quick little win to share: my rheum has been adjusting meds for psoriatic arthritis and my sleep was a total disaster between pain, anxiety, and waking up every hour. i tried cannabis after talking it through with my doctor and honestly i wish i'd asked sooner. i fall asleep faster, stay asleep longer, and i'm way less wrecked the next day. it's not fixing the disease, obviously, but it has made the whole chronic pain mess feel more livable. for me cannabis has been the first thing that actually helped with rest without leaving me groggy like the usual sleep meds.",1
synth::absa::1::0022::2,,synthpost::absa::1::0022::2,1,marijuana,"i know everyone responds differently, but marijuana has been a huge help for my ankylosing spondylitis flares. when my lower back and hips light up, i can usually take a few puffs and get enough relief to stretch, shower, and stop spiraling from the pain. i was nervous about trying it because i grew up hearing only horror stories, but it turned out to be one of the few things that gives me a break without upsetting my stomach. still taking my prescribed meds, still seeing my rheum, just adding marijuana as part of my toolbox. for once i don't feel like i'm white-knuckling every evening.",1
synth::absa::1::0022::3,,synthpost::absa::1::0022::3,1,thc,"after months of trial and error, thc is what finally got me eating again when methotrexate nausea hit hard. i was losing weight, skipping meals, and getting more exhausted because i couldn't keep anything down. a tiny edible before dinner changed that almost immediately. i can actually finish a plate now and not dread the next hour. i'm not using much because i don't want to feel baked, but low dose thc has been surprisingly helpful for appetite and sleep. i didn't expect to say this, but it's probably the best side-effect management i've found so far.",1
synth::absa::1::0022::4,,synthpost::absa::1::0022::4,1,medical marijuana,"hello all, long time lurker, first time posting. i have sjogren's and inflammatory arthritis, plus the lovely bonus of nerve pain in my feet. i've been through gabapentin, celecoxib, prednisone, and a few other things that either didn't help enough or made me feel awful. my pain clinic suggested medical marijuana and i was skeptical, but the first month has been better than i expected. the pain isn't gone, yet my evenings are calmer and i can actually get through a full conversation without feeling consumed by discomfort. i still have flares, but medical marijuana has taken the edge off in a way i didn't think was possible. if anyone has experience with dosing, especially for nighttime use, i'd love to hear it.",1
synth::absa::1::0023::0,,synthpost::absa::1::0023::0,1,cbd,"anyone else with psoriatic arthritis get decent relief from cbd? i was skeptical because i’ve tried basically every supplement under the sun, but a 25mg gummy at night has genuinely helped me loosen up in the morning. it doesn’t erase the pain, but the constant ache in my hands and hips feels less loud, if that makes sense. i’m still on my dmard, so i’m not expecting miracles, just trying to stay functional enough to work and sleep. if you use cbd, do you prefer tinctures, gummies, or topical stuff for joint pain?",1
synth::absa::1::0023::1,,synthpost::absa::1::0023::1,1,cannabis,"i know everyone reacts differently, but cannabis has been the first thing in years that let me get through a full evening without feeling like my knees are on fire. i started low and went slow because i was worried about getting too spaced out, and honestly the small amount i use at bedtime has been a net positive. better sleep, less stiffness, and way less tossing and turning. not saying it replaces my meds, just that it’s been a really helpful addition.",1
synth::absa::1::0023::2,,synthpost::absa::1::0023::2,1,thc,"so i’m curious if anyone else has had this happen with thc: i used to avoid it completely because i thought it would make me anxious, but my rheum suggested trying a very low dose for sleep. weirdly enough, it’s been great for the pain cycle at night. i still wake up with some stiffness, but it’s nowhere near as brutal as it used to be. has anyone found a sweet spot where thc helps without leaving you foggy the next day?",1
synth::absa::1::0023::3,,synthpost::absa::1::0023::3,1,medical marijuana,"after years of flaring and failing a few meds, my pain specialist finally agreed that medical marijuana was worth discussing. i’m in a legal state, so i gave it an honest try instead of dismissing it. i was shocked that it helped more with muscle tightness and sleep than i expected. i’m not cured, obviously, but i’ve been able to cut back on how often i reach for ibuprofen, which my stomach appreciates. just wanted to say that for me, medical marijuana has been a very real quality-of-life improvement.",1
synth::absa::1::0023::4,,synthpost::absa::1::0023::4,1,weed,"random success story: weed has been the only thing that reliably takes the edge off my morning hand pain before work. i’m not using it all day or anything, just a small amount in the evening, and it seems to make the next day less miserable. i was really hesitant at first because i grew up hearing only bad things about it, but i’m glad i stopped being stubborn and gave it a fair shot. anyone else find that weed helps more with sleep than with the actual pain?",1
synth::absa::1::0024::0,,synthpost::absa::1::0024::0,1,cbd,"anyone else get weirdly good results from cbd for morning stiffness? i have psoriatic arthritis and the first 30 minutes after waking used to be brutal, like i could barely get my hands to open. i started using a cbd tincture at night and a little topical cbd on my wrists/elbows, and while it obviously isn't a miracle, i'm moving a lot better. i'm still on my dmard, just looking for extra tools that don't wreck my stomach. curious if other people here have found a cbd product that actually makes a difference, especially for sleep and the achey-before-bed stuff.",1
synth::absa::1::0024::1,,synthpost::absa::1::0024::1,1,medical marijuana,"my rheum is finally open to me trying medical marijuana since nsaids were tearing up my stomach and the prednisone made me feel awful. i was skeptical because i don't want to be foggy all day, but the low-dose edible i tried at night helped me relax enough to sleep without waking up every hour in pain. i still use my regular meds, but honestly this has been the first thing in months that made evenings feel manageable. anyone else use medical marijuana alongside biologics and still stay functional at work?",1
synth::absa::1::0024::2,,synthpost::absa::1::0024::2,1,thc,"i know everybody reacts differently, but thc has been a surprisingly useful part of my routine for scleroderma pain. i use a tiny amount in a tincture, not enough to get blasted, just enough to take the edge off the burning joints and calm the muscle spasms. on the nights i skip it, i really notice the difference in how long it takes me to settle down. it doesn't fix the disease obviously, but it helps me feel human again.",1
synth::absa::1::0024::3,,synthpost::absa::1::0024::3,1,weed,"had to laugh because i used to think weed was just for getting high, and now it's one of the few things that helps me get through a flare. i have lupus and the fatigue/pain combo can make me feel glued to the couch. a couple puffs of weed in the evening plus a heating pad and i can actually stretch out, eat dinner, and sleep like a normal person. not saying it's for everyone, just saying i was wrong to dismiss it completely.",1
synth::absa::1::0024::4,,synthpost::absa::1::0024::4,1,cannabis,"has anyone here had good experiences with cannabis for inflammatory pain? i’m newly diagnosed with ra and still figuring out what helps besides the usual meds. i tried a few gummies over the weekend and was shocked that my hands felt looser by bedtime and i didn’t have that constant throbbing in my knees. i’m not trying to replace my treatment plan, just add something that makes life less miserable. if cannabis helps you, how do you dose without feeling wiped out the next day?",1
synth::absa::1::0025::0,,synthpost::absa::1::0025::0,1,cbd,"little update from someone with ra who used to dread mornings: i finally tried a cbd tincture after months of saying “eh, it probably won’t do anything.” honestly? i’m annoyed i waited so long. it doesn’t make me invincible, but it takes the edge off the hand stiffness enough that i can open jars, type for work, and not feel like i’ve been hit by a truck before 9am. i take it at night and again after lunch on bad flare days. has anyone found a brand or ratio they like better than others? i’m not looking for miracles, just something that keeps me moving without wrecking my stomach like nsaids do.",1
synth::absa::1::0025::1,,synthpost::absa::1::0025::1,1,medical marijuana,"my rheum basically gave me the usual buffet of meds and side effects, and the thing that’s made the biggest difference in my quality of life is medical marijuana. i use a low dose at night and it helps with the pain in my hips and the weird restless, can’t-get-comfortable feeling that comes with being flared up. it also helps me sleep without waking up every hour from stiffness. i know it’s not for everyone, but for me it’s been a genuinely useful part of managing this disease. i still take my prescribed meds, but medical marijuana has made the whole routine more bearable. anyone else using it alongside dmards/biologics?",1
synth::absa::1::0025::2,,synthpost::absa::1::0025::2,1,weed,"does anyone else get that awful “everything hurts and i want to crawl out of my skin” feeling during a flare? for me, a tiny bit of weed in the evening has been the only thing that helps me stop tensing up every muscle in my body. it doesn’t cure anything, obviously, but it makes the pain less loud and the stress spiraling way less intense. i can finally sit through a movie or get through a shower without feeling like i need to lie down immediately after. i was super skeptical at first, but i’m actually grateful for it now. just wondering if anyone has found certain strains more helpful for inflammation/stiffness?",1
synth::absa::1::0025::3,,synthpost::absa::1::0025::3,1,thc,"i never thought i’d be the person recommending thc to anyone, but here we are. i have scleroderma and the tightness in my hands has been brutal lately, especially in the mornings. a few drops of a thc tincture before bed has helped me wake up less miserable, and on really bad days it seems to calm the pain enough that i can stretch my fingers without wanting to scream. it’s not a replacement for treatment, but as a tool it’s been surprisingly great. i’m a lot less tense, my appetite is better, and i’m sleeping more than 3 hours at a time for once. curious if anyone else uses thc for sleep and pain together?",1
synth::absa::1::0025::4,,synthpost::absa::1::0025::4,1,pot,"honestly, pot has been the one thing i didn’t expect to help but it really has. i have mixed connective tissue disease and my biggest issues are fatigue, body aches, and that constant heavy feeling like i’m dragging around a cement coat. a small amount in the evening helps my muscles unclench and makes it easier to actually relax instead of staring at the ceiling in pain. i was worried i’d feel foggier, but for me the opposite happened because i’m finally sleeping through the night. i’m not saying it’s magic, just that it’s become one of the few things that improves my day-to-day. anyone else found pot helpful for sleep and pain without getting knocked out?",1
synth::absa::1::0026::0,,synthpost::absa::1::0026::0,1,cbd,"anyone else surprised by how much cbd helps with the weird deep ache that never fully leaves? i’ve got seronegative arthritis and my knees/ankles are usually the first to complain when i wake up. i started using a cbd tincture at night mostly for sleep, but honestly the next morning stiffness is way less savage. it doesn’t fix everything, obviously, but it takes the edge off enough that i can get moving without feeling like my joints are made of rust. i’m pretty new to this so i’m curious what brands/forms have worked best for other people with inflammatory arthritis.",1
synth::absa::1::0026::1,,synthpost::absa::1::0026::1,1,medical marijuana,"i spent years trying to be the good patient and just power through the pain, but my body had other plans. after my rheum basically admitted the meds were helping the inflammation but not the constant muscle spasm and nausea, i asked about medical marijuana and got a very noncommittal shrug. fast forward a few months and i’m actually sleeping through the night again. the appetite help alone has been huge during bad flares because i stop eating when i hurt too much. i know it’s not a cure, but for me medical marijuana has been the first thing that made daily life feel manageable instead of brutal.",1
synth::absa::1::0026::2,,synthpost::absa::1::0026::2,1,thc,"just wanted to say thc has been the only thing that calms down the full-body burn i get during flares. i have pss and when it hits my hands, shoulders, and jaw all at once, i feel like every nerve is on fire. a tiny edible before bed makes the pain quieter and my brain less panicky about every little sensation. i still take my dmards and all that, but thc is what lets me actually relax enough to rest. i used to be skeptical and thought it was overhyped; now i’m kind of shocked at how useful it’s been.",1
synth::absa::1::0026::3,,synthpost::absa::1::0026::3,1,weed,"i know everyone’s experience is different, but weed has been a genuine game changer for my morning stiffness and the constant “everything hurts for no reason” feeling. i’m not saying it replaces my meds or magically fixes my autoimmune nonsense, but it helps me stretch, shower, and get out the door without crying over my socks. i tried a couple of prescribed pain options first and they either made me foggy or did basically nothing. with weed i get enough relief to function and stay in a better mood, which honestly matters just as much some days.",1
synth::absa::1::0026::4,,synthpost::absa::1::0026::4,1,cannabis,"random question for the psa people here: has cannabis helped your sleep and inflammation as much as it helped mine, or am i just weirdly sensitive to it? i started using a low dose gummy after work because i was getting to the point where even sitting on the couch hurt. within a week i noticed i wasn’t waking up every hour from hip pain, and my hands felt less angry in the morning. i’m still on my biologic and nsaid, but cannabis has become part of my routine in a way i didn’t expect. it’s one of the few things that gives me a little peace when my body is acting up.",1
synth::absa::1::0027::0,,synthpost::absa::1::0027::0,1,cbd,"has anyone else had decent luck with cbd for the random nerve-y burning pain? i have sjogren's and an old injury in my wrist that lights up whenever my joints are angry, especially at night. i started using a cbd tincture a couple weeks ago mostly out of desperation, expecting basically nothing, but it actually takes the edge off enough that i can type and fall asleep without staring at the ceiling for 3 hours. it isn't magic, and it doesn't touch a full flare, but it makes the bad days more manageable. just wanted to share because i was skeptical and now i'm pleasantly surprised.",1
synth::absa::1::0027::1,,synthpost::absa::1::0027::1,1,cannabis,"my rheum keeps telling me to prioritize sleep and stress reduction, which would be hilarious if i weren't so exhausted all the time. i ended up trying cannabis gummies after my pain started wrecking my appetite and honestly it's the first thing that's helped both. i can eat dinner again without feeling sick, and the little bit of body relaxation is enough to keep me from clenching through the night. i know it won't replace my meds, but as an add-on it has been a pretty solid win for me.",1
synth::absa::1::0027::2,,synthpost::absa::1::0027::2,1,medical marijuana,"quick question for the folks here who use medical marijuana for inflammatory arthritis: did it take you a while to find the right strain/dose? i got my card a month ago and i'm finally feeling like i stumbled onto something useful. the first few things i tried were too strong, but once i found a mild indica that doesn't knock me into another universe, my evenings got way easier. less pain, less stiffness, and way fewer wake-ups. for once i don't feel like i'm choosing between pain and being functional.",1
synth::absa::1::0027::3,,synthpost::absa::1::0027::3,1,weed,"i never thought i'd be the person recommending weed on an autoimmune forum, but here we are. i have lupus and the fatigue/pain combo can make me feel like my body is made of wet concrete. a small edible in the evening has been the only thing that consistently helps me unwind enough to sleep through the night. it doesn't fix everything, obviously, but on the nights i use it i wake up less miserable and less swollen. not trying to be dramatic, just genuinely grateful it exists.",1
synth::absa::1::0027::4,,synthpost::absa::1::0027::4,1,thc,"little success story: after years of trying creams, stretches, heat, and all the usual stuff, a thc balm actually helped my hands enough that i could open jars again without wanting to cry. i have psoriatic arthritis and the tiny joints in my fingers are the worst during flares. the balm doesn't erase the pain completely, but it calms things down surprisingly fast and lets me get through work without constantly rewrapping my wrists. i'm honestly impressed. would love to hear if anyone has found a good thc topical that works even better.",1
synth::absa::1::0028::0,,synthpost::absa::1::0028::0,1,cbd,"anyone else with ra get weirdly good relief from cbd? i started a 20mg tincture at night because my wrists and feet were waking me up every few hours, and honestly it’s been the first thing that has made mornings feel manageable in months. it doesn’t fix everything, but the stiffness is less angry and i’m sleeping way better. i’m still on my dmard, just using cbd as an add-on. curious if other people had to experiment with dose too or if you found one brand that actually works consistently.",1
synth::absa::1::0028::1,,synthpost::absa::1::0028::1,1,cannabis,"i was super hesitant to try cannabis because i grew up hearing all the usual stuff, but after my lupus started flaring and my appetite disappeared, my doctor basically said i could either keep white-knuckling it or look into safer symptom relief options. i’m glad i tried it. it helps me eat, helps me unwind after a bad pain day, and i’m honestly less miserable overall. not saying it replaces meds, just saying cannabis has been a pretty big quality-of-life win for me.",1
synth::absa::1::0028::2,,synthpost::absa::1::0028::2,1,marijuana,"quick question for folks with psoriatic arthritis: has marijuana helped your sleep at all? i’m not talking about getting blasted, just a small amount at bedtime. my lower back and sacroiliac joints have been acting up so badly that i fall asleep exhausted and wake up every two hours. when i use marijuana, i actually stay asleep long enough to feel human the next day. it’s kind of wild how much of a difference that makes.",1
synth::absa::1::0028::3,,synthpost::absa::1::0028::3,1,thc,"i picked up a thc lotion from a dispensary on a whim because my hands were swollen and every little movement hurt. i expected basically nothing, but after a few nights of rubbing it into my knuckles and thumbs, the ache seems noticeably lower. it’s not magic and i still have to take my regular meds, but thc has been the one topical thing that didn’t feel like a total waste of money. anyone else use it for hand pain?",1
synth::absa::1::0028::4,,synthpost::absa::1::0028::4,1,medical marijuana,"after years of bouncing between nsaids and muscle relaxers that either did nothing or made me feel gross, i finally got approved for medical marijuana. i was nervous at first because i didn’t want to feel out of control, but the low-dose edible i take in the evening takes the edge off my ankylosing spondylitis pain and lets me relax enough to stretch without fighting my own body. for me it’s been a really helpful tool, especially on bad flare days.",1
synth::absa::1::0029::0,,synthpost::absa::1::0029::0,1,medical marijuana,"i'm 28f with seronegative ra and a bunch of neck/hand pain that likes to turn every morning into a wrestling match. i've tried the usual suspects from my rheum and the side effects are just... a lot. a friend convinced me to ask my doctor about medical marijuana, and honestly i'm glad i did. i use a tiny dose in the evening and it takes the edge off enough that i can actually sleep and do my stretches the next day. it doesn't fix everything, obviously, but it makes me feel like i'm borrowing back a little bit of my life. has anyone else had better luck with medical marijuana than with the standard pain meds? i'm curious what forms worked best for people with inflammatory arthritis.",1
synth::absa::1::0029::1,,synthpost::absa::1::0029::1,1,cbd,"not gonna lie, i was pretty skeptical about cbd because i assumed it was mostly wellness-store fluff. but after a rough flare that had my wrists and ankles feeling like they were full of wet cement, i tried a cbd tincture at night and it helped more than i expected. not a miracle, no magic cure, just enough calming of the pain/jitters combo that i could sleep instead of spiraling. i still use my prescription meds too, but cbd has become one of the few things i can count on when my body decides to be dramatic. anyone else get actual relief from cbd or am i just lucky with this batch?",1
synth::absa::1::0029::2,,synthpost::absa::1::0029::2,1,weed,"weird question maybe, but does anyone else find that weed helps with the whole 'my joints are on fire and my brain is too tired to cope' situation? i have psoriatic arthritis and fibromyalgia and some nights i get so wound up from pain that i can't settle at all. a little weed in the evening seems to loosen me up, quiet the pain a notch, and stop me from staring at the ceiling until 2am. i'm not trying to replace my meds, just trying to survive the bad days a little more gracefully. it's honestly been one of the better tools i've found so far.",1
synth::absa::1::0029::3,,synthpost::absa::1::0029::3,1,thc,"quick question for folks with chronic pain: has anyone used a thc topical for hands or knees and actually noticed a difference? i bought a small jar after reading a bunch of mixed reviews and was expecting nothing, but my thumbs and finger joints honestly felt less angry after a couple days. it doesn't make me feel high at all, which is fine by me; i just want something that takes the sharpness off the pain so i can get through work. i'm on hydroxychloroquine and naproxen right now, and thc cream has been the nicest surprise of the month. curious if others have had the same experience or if i'm imagining it.",1
synth::absa::1::0029::4,,synthpost::absa::1::0029::4,1,cannabis,"i've got lupus and the fatigue/pain combo has been kicking my butt lately. a friend dropped off some edibles and i was hesitant because i didn't want to end up couch-locked and useless, but cannabis has genuinely helped me more than i thought it would. at a low dose it eases the body pain enough that i can move around, and it also seems to help the nausea i get from my meds. i still have bad days, obviously, but cannabis has made those days more manageable instead of just miserable. i wish i'd tried it sooner, to be honest.",1
synth::absa::1::0030::0,,synthpost::absa::1::0030::0,1,cbd,"anyone else here use cbd for stiffness? i have ra and the morning hand pain is usually the worst part of my day. i started a low-dose cbd tincture about a month ago mostly out of desperation, and honestly i’m pleasantly surprised. it doesn’t erase everything, but the joints in my fingers feel less angry and i’m sleeping through the night a lot better. i’m not claiming it’s magic, just saying cbd has been the first thing in a while that actually takes the edge off for me.",1
synth::absa::1::0030::1,,synthpost::absa::1::0030::1,1,cannabis,"i was skeptical for years, but cannabis has been a real game changer for my ankylosing spondylitis. i can usually tell pretty quickly when i’ve had enough because the muscle guarding in my back relaxes and i can move without feeling like everything is locking up. it also helps me eat on the bad flare days, which is huge because inflammation tends to wipe out my appetite completely. definitely not for everyone, but for me cannabis has been one of the few tools that gives me noticeable relief.",1
synth::absa::1::0030::2,,synthpost::absa::1::0030::2,1,thc,"just wanted to share a small win: thc gummies before bed have helped my lupus pain more than i expected. my worst symptom is waking up every hour because my hips and shoulders are throbbing, and that’s been happening a lot less since i started using them. i still have flare days, but i’m finally getting actual sleep instead of just lying there miserable. i’m curious if anyone else with lupus has found thc useful for nighttime pain or sleep?",1
synth::absa::1::0030::3,,synthpost::absa::1::0030::3,1,weed,"weed has honestly been my best non-prescription helper for the deep, achy “everything hurts” days with psoriatic arthritis. i don’t use much, just a little vape after work or an edible on weekends, and it makes my body feel less tense almost right away. i’m still on my meds and follow my rheum’s plan, but weed has made it way easier to get through long afternoons without feeling like i’m dragging concrete around. never thought i’d be the person recommending it, but here we are.",1
synth::absa::1::0030::4,,synthpost::absa::1::0030::4,1,medical marijuana,"has anyone else had a good experience with medical marijuana for sjogren’s? i started using it for dry-eye-related headaches and the constant fatigue that comes with them, and i’ve been surprised by how much it helps. it doesn’t cure anything, obviously, but it makes the pain feel more manageable and the tension in my neck is way less intense. i’m seeing a bit of improvement in appetite too, which is nice because steroids and nausea meds have been rough on me. medical marijuana has been a helpful addition for me so far.",1
synth::absa::1::0031::0,,synthpost::absa::1::0031::0,1,cbd,"i was honestly skeptical about cbd because i’ve tried a million “natural” things that did absolutely nothing, but this one actually surprised me. i started using a cbd tincture at night for hand pain and the weird all-over ache that comes with my flare days, and it’s been enough to take the edge off without knocking me out. i still need my regular meds, but cbd has made mornings less brutal and i’m sleeping better too. not a miracle, just genuinely helpful for me.",1
synth::absa::1::0031::1,,synthpost::absa::1::0031::1,1,marijuana,"anyone else with ra find that marijuana helps more with the exhaustion than the pain? i can deal with pain most days, but the brain fog + fatigue combo is what really wrecks me. i tried a low-dose edible on a rough weekend and suddenly i could eat dinner, stretch a little, and actually relax instead of spiraling about how awful i felt. it didn’t cure anything, obviously, but it made the night manageable in a way i haven’t felt in months.",1
synth::absa::1::0031::2,,synthpost::absa::1::0031::2,1,thc,"just wanted to put this out there because i kept reading mixed opinions and finally gave it a shot: thc has been a pretty big win for my night-time stiffness. i have sjogren’s and inflammatory arthritis symptoms that get way worse after 8pm, and a tiny gummy before bed has helped me fall asleep without waking up every hour from shoulder and hip pain. i’m still figuring out the dose, but so far it’s been way better than lying there miserable.",1
synth::absa::1::0031::3,,synthpost::absa::1::0031::3,1,medical marijuana,"after my rheumatologist basically ran out of ideas for my pain flares, i got a medical marijuana recommendation and i’m actually glad i did. i use a very low dose at home when my joints are angry and it takes the panic level down a lot. the best part is that i feel like myself again instead of being glued to the couch staring at the ceiling in pain. i know it’s not for everyone, but medical marijuana has been one of the few things that gives me some quality of life.",1
synth::absa::1::0031::4,,synthpost::absa::1::0031::4,1,weed,"weed has been the only thing that consistently helps me on the days where my body feels like it’s made of rust. i have mixed connective tissue disease and when i flare, the combo of pain, nausea, and not wanting to move turns into a whole disaster. a small edible lets me eat, stretches the spasms out a bit, and makes it possible to get through the evening without crying. i’m still on all my prescribed meds, but weed has honestly been a really good add-on for me.",1
synth::absa::1::0032::0,,synthpost::absa::1::0032::0,1,cbd,"anyone else surprised by how much cbd helped their morning stiffness? i’m on hydroxychloroquine + sulfasalazine and still get that awful “my body is made of rust” feeling when i wake up. i started a plain cbd tincture at night a couple weeks ago and it’s not magic, but it takes the edge off enough that i can actually get out of bed without doing the full goblin crawl. i’m not talking about getting high, just less pain and less anxiety about the pain. honestly i was skeptical, but cbd has been one of the few things that made a noticeable difference for me.",1
synth::absa::1::0032::1,,synthpost::absa::1::0032::1,1,cannabis,"quick question for people with inflammatory arthritis: has cannabis actually helped your sleep? i’ve been fighting the prednisone insomnia train for months and melatonin does absolutely nothing for me. my rheum is fine with me trying non-smoking options, so i picked up a low dose edible and wow. first night in forever where i didn’t wake up every two hours because my hips were screaming. it didn’t fix everything, but cannabis made the nights bearable and that matters a lot when you’re exhausted all the time.",1
synth::absa::1::0032::2,,synthpost::absa::1::0032::2,1,marijuana,"i know everyone reacts differently, but marijuana has been a game changer for my pain flares. i have lupus and a bunch of random joint nonsense, and on bad days even sitting still hurts. ibuprofen barely touches it, and i can’t live on pain meds forever. a tiny bit of marijuana in the evening helps me relax, eat a normal dinner, and stop spiraling mentally about how crappy i feel. i wish doctors were more open to it instead of acting like it’s automatically a disaster.",1
synth::absa::1::0032::3,,synthpost::absa::1::0032::3,1,thc,"has anyone here found a good thc:cbd ratio for nerve pain? i have psoriatic arthritis and the burning in my hands is the worst part for me. i tried a straight cbd gummy and it was okay for stress, but the real difference came when i added a little thc. not enough to knock me out, just enough to make the pain feel quieter. thc has honestly let me cut back on how often i reach for otc meds, which my stomach appreciates.",1
synth::absa::1::0032::4,,synthpost::absa::1::0032::4,1,medical marijuana,"i got my medical marijuana card after months of going in circles with biologics, nsaids, and muscle relaxers that either didn’t help or made me feel like a zombie. i was nervous to try it because i grew up hearing the worst stuff about cannabis, but it’s been way more useful than i expected. on flare days it helps me eat, sleep, and not feel like every movement is a full-body event. definitely not a cure, but medical marijuana has improved my quality of life enough that i’m mad i waited so long to ask about it.",1
synth::absa::1::0033::0,,synthpost::absa::1::0033::0,1,cbd,"quick question for anyone with inflammatory arthritis: has cbd actually done anything for your stiffness? i started a low-dose cbd oil a few weeks ago because mornings were getting ridiculous, and i honestly didn’t expect much. but the weird little ache in my hands has been less angry, and i’m not waking up as miserable. it’s not a miracle, i still need my rx meds, but cbd has been a nice extra layer of relief. curious if anyone else has had that same experience or if i’m just getting lucky.",1
synth::absa::1::0033::1,,synthpost::absa::1::0033::1,1,cannabis,"i’ve been dealing with spondyloarthritis for years and i’ve tried the usual parade of nsaids, steroids, and “just rest” advice. the only thing that has consistently made evenings tolerable is cannabis. i use it after work, when i’m done driving and done with responsibilities, and it takes the edge off the deep joint pain enough that i can actually relax and sleep. not saying it replaces treatment, but for me cannabis has been a huge help and way less rough on my stomach than taking more pills.",1
synth::absa::1::0033::2,,synthpost::absa::1::0033::2,1,thc,"anybody else get real benefit from thc for sleep and pain? i was skeptical because i don’t like feeling overly high, but a tiny thc gummy at night has made a noticeable difference for my hips and lower back. i’m falling asleep faster and staying asleep longer, which alone is worth it to me because the pain spiral from no sleep was brutal. thc is definitely not curing anything, but it’s helping me function like a human again.",1
synth::absa::1::0033::3,,synthpost::absa::1::0033::3,1,medical marijuana,"i finally got my medical marijuana card after months of debating it, and i’m kind of mad i waited so long. i have ra and the constant ache in my wrists and feet was wearing me down mentally as much as physically. the medical marijuana tincture i was recommended doesn’t make me feel out of it, just calmer and less locked up. it has been especially helpful on nights when i’m trying to avoid taking yet another dose of pain meds. anyone else find it useful for the evening stretch of the day?",1
synth::absa::1::0033::4,,synthpost::absa::1::0033::4,1,weed,"not trying to sound dramatic, but weed has been the only thing that makes flares feel less endless for me. when my hands are swollen and everything hurts, i can take a couple puffs and get enough relief to stretch, eat, and actually sleep. i know it’s not for everybody, and i still stay on top of my rheum appointments, but weed has been a genuinely positive part of my pain management. it’s one of the few things that gives me a break without wrecking my stomach.",1
synth::absa::1::0034::0,,synthpost::absa::1::0034::0,1,cbd,"hi everyone, just wanted to share a small win. i started using cbd oil at night for the hand/wrist pain from my psoriatic arthritis and it has honestly made bedtime so much less miserable. i’m still on my regular meds, but the cbd seems to take the edge off enough that i’m not tossing and turning from aching joints. anyone else here found cbd useful for stiffness or sleep, or is it hit and miss for you? i'm pretty surprised it helped me this much.",1
synth::absa::1::0034::1,,synthpost::absa::1::0034::1,1,cannabis,"my rheum keeps reminding me that inflammation control is the main goal, which i get, but i also wanted something to help me function on the rough days. cannabis has been the one thing that makes getting through a flare feel more manageable. it doesn’t magically fix the disease, obviously, but it helps with pain, appetite, and the awful “i can’t get comfortable anywhere” feeling. i was skeptical for years and waited way too long to try it. glad i finally did.",1
synth::absa::1::0034::2,,synthpost::absa::1::0034::2,1,medical marijuana,"i finally got approved for medical marijuana after months of paperwork and i feel like i can breathe a little easier. i have lupus and the fatigue/pain combo has been brutal this year, especially with random fevers and joint swelling that seem to show up out of nowhere. i’m not claiming it’s a cure, but on the nights when my joints are screaming, a small amount of medical marijuana helps me relax enough to sleep and actually get up the next day without feeling destroyed. honestly wish i had tried to qualify sooner.",1
synth::absa::1::0034::3,,synthpost::absa::1::0034::3,1,thc,"has anyone else had good luck with low-dose thc gummies for evening pain? i started with a tiny dose because i didn’t want to feel out of it, and i was shocked by how much better my muscles loosen up. the thc seems to help more than the ibuprofen i was relying on before, especially when my back and hips are angry after work. it’s been one of the few things that gives me a decent night of sleep without feeling wrecked in the morning.",1
synth::absa::1::0034::4,,synthpost::absa::1::0034::4,1,weed,"weirdly enough, weed has been way more helpful for my morning nausea than the antiemetics i’ve been prescribed. i have sjogren’s and sometimes my stomach just refuses to cooperate, which makes it hard to eat or take meds. a couple of puffs and i can usually settle down enough to have breakfast and get moving. i know it’s not for everybody, but for me weed has been a genuinely positive part of managing this mess. would love to hear if anyone else uses it for gi symptoms.",1
synth::absa::1::0035::0,,synthpost::absa::1::0035::0,1,cbd,"has anyone else gotten weirdly good results from cbd for nerve pain? i have ra and the burning in my hands/feet gets brutal at night. i started a plain cbd tincture a couple weeks ago because i was desperate to sleep without reaching for more otc stuff. honestly i wasn't expecting much, but it seems to take the edge off enough that i can fall asleep and stay asleep longer. it doesn't erase the pain, but it makes it way more manageable. i'm not saying it's a miracle cure, just that cbd has been one of the few things that didn't make me feel awful the next day. curious if other people with inflammatory arthritis have had a similar experience.",1
synth::absa::1::0035::1,,synthpost::absa::1::0035::1,1,thc,"quick win post: thc has helped my appetite so much during bad flares. when my sjogren's acts up and everything tastes like cardboard, i basically stop eating and then feel worse from that too. i tried a low-dose edible at night and it was the first time in months i could actually finish dinner without forcing it. bonus was that my joints felt less angry and i slept like a rock. i know everyone's different and dosing is tricky, but for me thc has been one of the better tools in the toolbox.",1
synth::absa::1::0035::2,,synthpost::absa::1::0035::2,1,medical marijuana,"i was really skeptical about medical marijuana because i grew up hearing all the usual scare stories, but after failing my third med due to side effects, i finally gave it a shot. i have psoriatic arthritis and the combo of stiffness, pain, and insomnia was making me miserable. my doctor couldn't prescribe anything else i tolerated well, so i got my card and started with a very small dose. it doesn't touch the disease itself obviously, but it helps enough with pain and sleep that i'm functioning again. i can get through work, and i'm less of a zombie in the mornings. just wanted to say medical marijuana has been a surprisingly positive part of my routine.",1
synth::absa::1::0035::3,,synthpost::absa::1::0035::3,1,weed,"i know not everyone wants to talk about weed on a rheum board, but i figured i'd share since it genuinely improved my quality of life. i have mixed connective tissue disease and the muscle spasms in my back were getting ridiculous, especially after sitting through the workday. a small edible or a couple puffs in the evening makes me loosen up enough to stretch without feeling like i'm being stabbed. it also helps the anxiety spiral that happens when i get a new symptom and immediately assume the worst. not a cure, obviously, but weed has been more useful to me than a couple prescriptions i tried.",1
synth::absa::1::0035::4,,synthpost::absa::1::0035::4,1,cannabis,"i'm 42 and have been dealing with lupus + fibro for years. i've tried heat, pt, gabapentin, tylenol, the whole parade. the one thing i keep coming back to is cannabis, especially when the fatigue/pain combo is bad and i just need to get through the evening without crying. i prefer a balanced gummy because too much of anything can backfire, but the right amount gives me enough relief to shower, eat, and actually sit on the couch without feeling like every joint is on fire. it isn't perfect and it doesn't replace my meds, but cannabis has been the most consistently helpful thing i've found.",1
synth::absa::1::0036::0,,synthpost::absa::1::0036::0,1,medical marijuana,"hey all, psoriatic arthritis here and i've been in a pretty ugly flare for the last 2 months. humira is helping some, but the stiffness in my hands and feet is still making mornings brutal. my rheum is fine with me using medical marijuana for breakthrough pain as long as i don't overdo it, and honestly it's been the first thing that lets me unclench enough to sleep. a low dose edible at night takes the edge off without knocking me into the next day. i know it won't fix the disease, but for me medical marijuana has made life feel manageable again. anyone else found a strain or ratio that works better for inflammation vs just sedation?",1
synth::absa::1::0036::1,,synthpost::absa::1::0036::1,1,cbd,"i'm trying not to sound dramatic but cbd has been kind of a lifesaver for my lower back and sacroiliac pain. i have ankylosing spondylitis and a weirdly sensitive stomach, so i can't take a ton of meds without feeling awful. i started using a cbd salve after showers and a cbd oil at night, and the difference is honestly noticeable. i still hurt, obviously, but i'm not lying awake staring at the ceiling for hours anymore. if anyone is on the fence, i was too, but cbd has been the one thing that helps without making me feel foggy. curious if anyone has a favorite topical?",1
synth::absa::1::0036::2,,synthpost::absa::1::0036::2,1,weed,"does anyone else get weirdly emotional about weed in the way that something simple can suddenly make daily life easier? i have rheumatoid arthritis and after months of trying to push through pain with just naproxen and heat, i finally tried weed again for the first time in years. it doesn't erase the pain, but it turns the volume down enough that i can shower, cook, and actually stretch without crying halfway through. i know it's not for everyone, but for me weed has been way more helpful than i expected. i'm just wondering if people here use it more for sleep, pain, or both?",1
synth::absa::1::0036::3,,synthpost::absa::1::0036::3,1,thc,"quick question for anyone with inflammation + sleep issues: how do you all dose thc without waking up groggy? i have lupus and the fatigue is bad enough already, so i was nervous to try anything that might make me feel more out of it. a friend gave me a tiny thc gummy and it was the first time in ages i got a full night of sleep and didn't wake up every hour from hip pain. i was surprised by how much it helped. i'm not trying to get blasted, just looking for a little relief. if thc has worked for you, what timing or amount has been best?",1
synth::absa::1::0036::4,,synthpost::absa::1::0036::4,1,cannabis,"after two miserable years of trial and error, i can honestly say cannabis has been the most consistent help for my connective tissue pain. i have mixed connective tissue disease and also deal with nausea from my meds, so some days eating is basically a chore. cannabis helps with both: it settles my stomach, makes dinner possible, and takes enough pressure off my joints that i can actually function after work. i still take my prescribed meds and do the boring stuff like PT, but cannabis is what helps me get through the bad evenings without falling apart. just wanted to put that out there in case someone else is feeling discouraged and looking for another option.",1
synth::absa::1::0037::0,,synthpost::absa::1::0037::0,1,cbd,"has anyone else noticed cbd is weirdly good for that deep, achey stiffness in the morning? i’m not talking about a miracle cure or anything, but after starting a 25mg cbd capsule at night i’m sleeping through more of the night and waking up less locked up in my hands and shoulders. i have ra and i’m still on my regular meds, so i’m not trying to replace anything, just add one more thing that actually seems to help. i was skeptical because a lot of supplements do absolutely nothing for me, but this one has been a pleasant surprise. cbd for stiffness/pain has been a win for me so far.",1
synth::absa::1::0037::1,,synthpost::absa::1::0037::1,1,medical marijuana,"i’ve been using medical marijuana for about 6 months now for my psoriatic arthritis and honestly it’s been one of the few things that has made evenings feel normal again. a couple puffs after dinner and the constant nagging pain in my hips and lower back drops enough that i can sit with my family instead of just trying to survive until bedtime. it also helps me unwind without feeling groggy the next day, which is huge because i have to be up early for work. i know everyone reacts differently, but medical marijuana has been a really positive part of my routine.",1
synth::absa::1::0037::2,,synthpost::absa::1::0037::2,1,thc,"small update because i didn’t expect much: thc edibles have helped my sleep more than anything else i’ve tried. i take a low dose about 2 hours before bed and it cuts down the pain spiral that usually happens when i lie down. i still wake up stiff sometimes, but i’m not staring at the ceiling until 3am anymore. the best part is that when i actually sleep, my joints feel noticeably less angry in the morning. i was worried thc would just make me feel weird, but at this dose it’s been honestly great for me.",1
synth::absa::1::0037::3,,synthpost::absa::1::0037::3,1,weed,"i know people have strong opinions about this, but weed has been a solid pain tool for me with ankylosing spondylitis. i use it sparingly, mostly at night, and it helps more with muscle tension and sleep than with the inflammation itself. still, being able to relax my back enough to lie down without squirming is a massive quality-of-life improvement. i’m not saying it’s a cure, just that for my body weed has been one of the more useful things in the toolbox. has anyone else had the same kind of benefit?",1
synth::absa::1::0037::4,,synthpost::absa::1::0037::4,1,cannabis,"after years of trying to power through flares with just heat packs and otc meds, i finally gave cannabis a real shot and i’m honestly glad i did. i have lupus and my biggest issues are pain, poor sleep, and that constant “my body is fighting itself” exhaustion. cannabis doesn’t fix the disease, but it takes the edge off enough that i can function like an actual person in the evening instead of going straight from work to bed. it’s also helped my appetite on days when i’m too nauseous to eat much. for me, cannabis has been a very good supportive option.",1
synth::absa::1::0038::0,,synthpost::absa::1::0038::0,1,cbd,"quick update from a very tired ra patient: i started a low-dose cbd tincture at night about a month ago and honestly i’m shocked at how much it helps me unwind. it doesn’t erase the pain, but my muscles stop feeling like they’re actively fighting me when i’m trying to sleep. for the first time in forever i’m not waking up every two hours from stiffness. i’m still on my usual meds, but cbd has become part of my routine and i’m grateful for it.",1
synth::absa::1::0038::1,,synthpost::absa::1::0038::1,1,medical marijuana,"i was really hesitant to try medical marijuana because i grew up hearing all the usual horror stories, but my rheumatologist basically said, 'if it helps and your labs stay okay, it’s worth discussing.' i’m glad i listened. it’s been a huge help with appetite on flare days and takes the edge off the constant nerve pain in my hands. nothing magical, just enough relief to make life feel manageable again.",1
synth::absa::1::0038::2,,synthpost::absa::1::0038::2,1,thc,"has anyone else had good results with thc gummies for night pain? i have sle and i was getting to the point where bedtime felt like i was just lying there counting minutes until the next wave of aches. a tiny thc dose before bed has made a bigger difference than i expected. i sleep deeper, wake up less, and i’m not reaching for extra meds as often. definitely one of the few things that has been genuinely helpful for me.",1
synth::absa::1::0038::3,,synthpost::absa::1::0038::3,1,weed,"not trying to preach, just sharing a personal win: weed has been surprisingly helpful for my ankylosing spondylitis. i use it in the evenings when my back and hips are screaming and it helps me relax enough to stretch, shower, and actually get to bed without feeling like a rigid plank. i know it’s not everyone’s thing, but for me it’s been a solid tool in the toolbox.",1
synth::absa::1::0038::4,,synthpost::absa::1::0038::4,1,cannabis,"i’m one of those people who tried a hundred things before i ever considered cannabis. after years of flares, prednisone, and trial-and-error with meds, i started using a balanced cannabis oil and the difference was immediate in terms of nausea and pain spikes. it doesn’t cure anything, obviously, but it makes the bad days less brutal. i wish i’d been less scared to ask about it sooner.",1
synth::absa::1::0039::0,,synthpost::absa::1::0039::0,1,cbd,"i was pretty skeptical about cbd honestly. i have psoriatic arthritis and the stiffness in my hands was getting ridiculous by the time i woke up for work. a friend gave me a little tincture and i figured, worst case, nothing happens. turns out it actually takes the edge off for me. it doesn't erase the pain, but the mornings are less brutal and i'm not fighting my body quite as hard to get dressed and get moving. i still take my prescribed meds, but cbd has become part of my routine now and i'm kind of annoyed i waited so long to try it.",1
synth::absa::1::0039::1,,synthpost::absa::1::0039::1,1,medical marijuana,"after years of bouncing between nsaids, prednisone tapers, and biologics, i finally asked my rheum if medical marijuana was worth considering for sleep and pain. she didn't push it, but she also didn't dismiss me, which was refreshing. i got my card a couple months ago and honestly the improvement in sleep alone has been huge. i don't wake up every hour from hip and lower back pain anymore, and when i do flare, i'm not spiraling from exhaustion on top of it. it hasn't been magic, but it's been one of the few things that feels like it helps without wrecking my stomach.",1
synth::absa::1::0039::2,,synthpost::absa::1::0039::2,1,weed,"anyone else find that a tiny bit of weed helps more with the stupid inflammatory fatigue than with the actual joint pain? i'm dx with ankylosing spondylitis and the pain is obviously awful, but the part that really wrecks me is the brain fog and feeling like i'm moving through wet cement. i use a very small amount in the evening and i can finally eat dinner, stretch, and watch tv without feeling like a corpse. i don't even get much of a high from it anymore, just enough relief to feel human. not a cure, just a really helpful tool for me.",1
synth::absa::1::0039::3,,synthpost::absa::1::0039::3,1,thc,"i picked up a thc balm on a whim because my wrists and thumbs have been flaring nonstop and i was getting desperate. expected it to be basically scented lotion, but wow, it surprised me. i rub it on before bed and it seems to calm the hot, angry feeling in my joints enough that i can actually fall asleep without tossing around for an hour. it doesn't replace my meds, obviously, but as a targeted thing for specific joints it's been way better than i thought it would be. has anyone else had that kind of luck with thc topicals?",1
synth::absa::1::0039::4,,synthpost::absa::1::0039::4,1,cannabis,"just wanted to share a win because this disease has been beating me up lately. i have ra and the combination of pain + anxiety was turning every flare into a total disaster. a few months ago i started using cannabis in the evenings, mostly for sleep at first, and it has made the nights so much easier. when i sleep better, everything else is a little more manageable: less crying, less doom-scrolling, less feeling like i can't cope. i know it won't work for everyone, but for me cannabis has been one of the few things that actually improves both my body and my mood.",1
synth::absa::1::0040::0,,synthpost::absa::1::0040::0,1,cbd,"anyone else get a surprising amount of relief from cbd cream? i have ra in my hands and wrists and i was honestly expecting it to be one of those overhyped wellness things. but after a few days of rubbing it in at night, the stiffness isn't gone, just... less loud, if that makes sense. i can actually make a fist in the morning without feeling like my knuckles are glued together. not a miracle, but cbd has been one of the few things that helps me get through the evenings without reaching for more meds. curious what brands/strengths have worked for other people.",1
synth::absa::1::0040::1,,synthpost::absa::1::0040::1,1,cannabis,"my rheumy was skeptical at first, but i wanted to share that cannabis has been the only thing that consistently helps my muscle spasms after a flare. i have ankylosing spondylitis and the pain tends to creep from my lower back into my hips by bedtime. a small edible takes the edge off enough that i can sleep instead of staring at the ceiling for 4 hours. i’m not saying it replaces treatment, just that cannabis has made my nights so much more manageable. anyone else using it for the same reason?",1
synth::absa::1::0040::2,,synthpost::absa::1::0040::2,1,weed,"weed is honestly the reason i’m not completely miserable during bad weeks. i still take my meds and do all the boring doctor stuff, but when the inflammation is acting up and my body feels like one giant bruise, a little weed helps me relax enough to function. it also kills that awful ‘everything hurts, now i’m anxious about everything hurting’ spiral. i know it’s not for everyone, but for me it’s been a solid part of pain management. wish more people in my family understood that it’s not just about getting high.",1
synth::absa::1::0040::3,,synthpost::absa::1::0040::3,1,medical marijuana,"i finally got my medical marijuana card after months of debating whether it was worth the hassle, and i’m glad i did. i have lupus and the nausea/fatigue combo was making it hard to eat on flare days. with a low-dose tincture, i’m actually able to keep food down and get a little sleep without feeling knocked out the next morning. it’s not a cure obviously, but it has improved my quality of life in a way i didn’t expect. has anyone found a good balance with medical marijuana and daytime use?",1
synth::absa::1::0040::4,,synthpost::absa::1::0040::4,1,thc,"does anyone else find thc helps with that weird deep-bone pain you can’t really stretch out? i’ve got psoriatic arthritis and there are days where everything hurts for no reason, especially after work. i tried a thc gummy last week before bed and woke up way less stiff than usual. i was pretty nervous about it at first because i don’t want to feel out of it, but the dose was small and it just took the edge off. honestly, thc seems to do more for me than a lot of the usual stuff i've tried.",1
synth::absa::1::0041::0,,synthpost::absa::1::0041::0,1,cbd,"quick update because i feel like i finally found something that makes flares a little less brutal. i have seronegative ra and my hands have been angry for months, especially in the mornings. my rheum said i could try cbd topicals as long as i wasn’t expecting miracles, and honestly? the cbd balm i bought has been way more helpful than i thought it would be. it doesn’t erase the pain, but it takes the edge off enough that i can actually open jars and get through work without wanting to cry. i’m still on my meds and still doing the boring stuff like heat packs and stretching, but cbd has become part of my routine now. just wanted to mention it in case anyone else is looking for a low-stakes thing to try.",1
synth::absa::1::0041::1,,synthpost::absa::1::0041::1,1,medical marijuana,"has anyone else had a weirdly good experience with medical marijuana for sleep + pain? i’ve got ankylosing spondylitis and the night pain is honestly what breaks me down the most. muscle relaxers help some but leave me groggy, and melatonin does basically nothing. a friend suggested medical marijuana and i was skeptical, but after talking it over with my doctor i gave it a shot. i only use a tiny amount in the evening and it’s been such a relief. i can relax enough to fall asleep without staring at the ceiling until 3am, and i’m not waking up as wrecked. not saying it’s a cure, just that it’s been one of the few things that actually improves my quality of life.",1
synth::absa::1::0041::2,,synthpost::absa::1::0041::2,1,thc,"i know everyone reacts differently, but thc has been a surprisingly good tool for my lupus nausea. after my last round of meds i was barely able to eat, and everything tasted awful. the anti-nausea prescriptions helped a little but made me so sleepy i couldn’t function. i tried a low-dose thc gummy at night and it was the first time in weeks i felt like a normal person again. it helped my appetite, my stomach settled down, and i slept through the whole night for once. i’m careful with it and keep the dose low, but i’m really grateful for thc because it gave me back some control when i felt absolutely miserable.",1
synth::absa::1::0041::3,,synthpost::absa::1::0041::3,1,cannabis,"i was honestly never a cannabis person before all of this, but after my psoriatic arthritis got worse i started paying attention to what actually helped. between the joint swelling and the random burning pain in my feet, i was getting desperate. cannabis has been one of the few things that helps me unwind at the end of the day without feeling completely knocked out like the heavier pain meds do. i don’t smoke much, just a little edible or tincture when the pain and anxiety are both acting up. it’s not perfect, but it makes bad evenings manageable and that counts for a lot lately.",1
synth::absa::1::0041::4,,synthpost::absa::1::0041::4,1,weed,"is weed a magic cure? no. but for me it has absolutely been a useful piece of the puzzle. i have ra, fibromyalgia, and a lot of inflammation-related nonsense that seems to show up uninvited whenever my body feels like being dramatic. after a year of trial and error, weed is the one thing that consistently helps me settle my joints enough to sleep and keeps the pain from spiraling into a total meltdown. i use it responsibly, don’t drive after using it, and only keep it legal/doctor-approved, but i’m genuinely thankful for it. some nights it’s the difference between pacing the house and actually getting rest.",1
synth::absa::1::0042::0,,synthpost::absa::1::0042::0,1,cbd,"has anyone else had good luck with cbd for the weird mix of joint pain + muscle tightness? i have sjogren's and inflammatory arthritis and most nights my shoulders feel like concrete. i started using a cbd tincture about 3 weeks ago and honestly it has taken the edge off more than i expected. it doesn't fix everything, but i can get through the evening without pacing the house and it seems to help me relax enough to actually sleep. i'm still on my regular meds, just wondering if anyone has found a particular form of cbd that works better than tinctures. gummies? creams? i’m pretty impressed so far.",1
synth::absa::1::0042::1,,synthpost::absa::1::0042::1,1,cannabis,"i'm on week 8 of a lupus flare and the fatigue has been brutal, but cannabis has been one of the few things that makes the day feel manageable. i use a very small amount at night and it helps with the pain enough that i can stretch, eat, and not feel totally wiped out from being tense all day. i was nervous about trying it because i had this picture in my head that it would make me foggier, but for me it actually seems to calm everything down. not saying it’s a miracle, just that cannabis has been surprisingly helpful when my usual routine isn’t cutting it.",1
synth::absa::1::0042::2,,synthpost::absa::1::0042::2,1,marijuana,"i know this might sound weird, but marijuana has been the only thing that gets me through the worst nights with my RA. after a long day my hands are swollen, my knees ache, and sleep feels impossible because every position hurts. a couple puffs in the evening doesn’t make the disease go away, but it loosens me up mentally and physically enough that i can rest. i’m in a state where it’s legal, and i’m honestly relieved i gave it a chance. way better than lying there miserable and counting ceiling cracks until 3 a.m.",1
synth::absa::1::0042::3,,synthpost::absa::1::0042::3,1,thc,"wanted to share a small win: thc gummies have been surprisingly helpful for my psoriatic arthritis pain. i take a low dose after dinner and it seems to reduce the burning in my feet and the deep ache in my lower back without knocking me out completely. i still wake up stiff, but i'm not spending half the night tossing around or crying because i can't get comfortable. i was skeptical at first because i didn't want to feel stoned, but the amount i'm using is mild and just makes things more tolerable. has anyone else found thc useful for nighttime pain?",1
synth::absa::1::0042::4,,synthpost::absa::1::0042::4,1,medical marijuana,"i finally talked to my rheumatologist about medical marijuana and i wish i had done it sooner. i've got mixed connective tissue disease and my biggest issue lately has been pain + insomnia. i wasn't expecting much, but with a small dose before bed i sleep more deeply and wake up less from the ache in my hips and wrists. it's not replacing my meds, just making the bad days less miserable. i know everyone responds differently, but for me medical marijuana has been a genuinely helpful part of getting through this mess. curious if anyone else uses it alongside dmards or biologics?",1
synth::absa::1::0043::0,,synthpost::absa::1::0043::0,1,cbd,"long time lurker, first time poster. i have psoriatic arthritis and lately my wrists/hands have been on fire every morning. i started using cbd cream on my knuckles after reading a few comments here and honestly i was shocked at how much it took the edge off. it's not a miracle and i still need my meds, but the cbd has made it way easier to get through work and actually open jars again lol. has anyone else found a brand or topical that works better for deeper joint pain? i feel like this one thing gave me a little bit of my life back.",1
synth::absa::1::0043::1,,synthpost::absa::1::0043::1,1,cannabis,"i was super skeptical about cannabis for years because every doctor just handed me another pill and called it a day. after my last flare left me barely able to sleep, a friend convinced me to try it again in a low dose edible. for me it has been genuinely helpful for pain, sleep, and the awful mood spiral that comes with being stuck in bed all night. i am not saying it replaces treatment, but as an extra tool it has been one of the few things that actually helps me function the next day. curious if anyone else with ra uses cannabis alongside biologics?",1
synth::absa::1::0043::2,,synthpost::absa::1::0043::2,1,weed,"anyone else notice weed helps more with the stiffness than the pain itself? i have ankylosing spondylitis and mornings can be brutal, like i am 90 years old before i even stand up. i started using a tiny bit of weed at night and it has made falling asleep way easier, plus i wake up less panicked about the pain. it does not fix the disease obviously, but the difference in my sleep has been huge. i was honestly surprised because i expected to just get sleepy and instead my whole body felt calmer.",1
synth::absa::1::0043::3,,synthpost::absa::1::0043::3,1,thc,"i tried a low thc gummy for the first time after months of laughing off the idea, and wow, i wish i had listened sooner. i have lupus and the joint pain plus random nerve-y aches were making me miserable even on treatment. the thc took the intensity down enough that i could stretch, sleep, and not obsess over every little symptom all night. i was careful with the dose because i did not want to feel weird or out of it, but at a small amount it was actually really manageable. has anyone figured out a good daytime dose that still lets you work?",1
synth::absa::1::0043::4,,synthpost::absa::1::0043::4,1,medical marijuana,"my rheumatologist is great about disease meds but basically had nothing to offer for the nausea and insomnia from the constant inflammation. after reading through posts here i asked about medical marijuana and was pleasantly surprised she did not act weird about it. i now use a tincture at night and it has been a big help with sleep and appetite when i am flaring. it is not a cure, but it has made the hard days a lot more survivable and i am grateful i finally tried it. if you have been on the fence, i would say it is worth discussing with a doctor who is open-minded.",1
synth::absa::1::0044::0,,synthpost::absa::1::0044::0,1,cbd,"has anyone else found cbd helpful for morning stiffness? i was skeptical because i swear i've tried every cream, patch, and heat pack under the sun, but after a week of using cbd oil at night i noticed i was not waking up as locked up in my shoulders and hands. i'm still on my humira and not trying to replace anything, just adding a little extra help. it doesn't make me pain free or anything dramatic, but it definitely takes the edge off enough that i can get out of bed and move around without feeling like a tin man.",1
synth::absa::1::0044::1,,synthpost::absa::1::0044::1,1,medical marijuana,"i'm not here to say medical marijuana is magic, but it has honestly made a big difference for my appetite and sleep since starting my new med. prednisone was wrecking my evenings and i was dreading bedtime because i knew i would just lie there sore and wide awake. a low dose edible before bed has helped me relax, sleep through the night, and wake up less miserable. huge improvement for me, even if i still have bad days.",1
synth::absa::1::0044::2,,synthpost::absa::1::0044::2,1,thc,"just wanted to share a small win: thc gummies have been the first thing in months that let me sit through dinner with my family without shifting around every two minutes. my hips and SI joints have been a constant problem, and usually by evening i'm done for. the gummies don't cure anything obviously, but they calm things down enough that i can actually enjoy a normal night. i'm pleasantly surprised.",1
synth::absa::1::0044::3,,synthpost::absa::1::0044::3,1,cannabis,"i asked my rheum about cannabis at my last visit because i was desperate for something to help with sleep and the nonstop ache in my wrists. she didn't officially recommend it, but she basically said if it helps and i'm careful, she's not shocked people use it. i started with a tiny amount and was shocked at how much looser my hands felt the next morning. not perfect, but i'm calling that a win.",1
synth::absa::1::0044::4,,synthpost::absa::1::0044::4,1,weed,"weirdly enough, weed has been better for my flare-day mood than any pep talk i've gotten from the internet lol. i use a very small amount and it seems to help me unclench, get warm, and stop spiraling when the pain ramps up. i'm still dealing with the autoimmune nonsense, but having something that makes the whole thing feel more manageable has been a lifesaver for me. just sharing in case anyone else is looking for options.",1
synth::absa::1::0045::0,,synthpost::absa::1::0045::0,1,cbd,"just wanted to pop in and say cbd has been one of the few things that actually makes my mornings bearable. i’ve got inflammatory arthritis and the stiffness usually hits hardest before i even get out of bed, but a couple drops of cbd oil and a hot shower takes the edge off enough that i can move like a person again. it’s not magic, and i still need my meds, but for the deep ache and the anxious “am i going to flare today” feeling, it helps more than i expected. anyone else notice cbd works better for them when taken consistently rather than only on bad days?",1
synth::absa::1::0045::1,,synthpost::absa::1::0045::1,1,cannabis,"i was honestly skeptical about cannabis because i grew up hearing all the usual warnings, but after dealing with nonstop joint pain for years i gave it a shot. i’m surprised how much calmer my body feels with it on board. not pain-free, not cured, just less locked up and less miserable. i can stretch, cook dinner, and sit through a movie without feeling like my knees are screaming at me every five minutes. i know it won’t be everyone’s thing, but for me cannabis has been a real quality-of-life improvement.",1
synth::absa::1::0045::2,,synthpost::absa::1::0045::2,1,medical marijuana,"my rheum is great about listening, but between the meds, the fatigue, and the nerve-y burning in my hands, i was still struggling a lot. after trying medical marijuana, i finally had a few evenings where i could relax without feeling like every muscle in my back was bracing for impact. it also helped me sleep through the night, which i swear is half the battle with autoimmune stuff. i’m careful with dosing and i still follow my treatment plan, but i’m genuinely grateful it’s an option. has anyone else found medical marijuana useful for sleep and pain together?",1
synth::absa::1::0045::3,,synthpost::absa::1::0045::3,1,thc,"does anyone else respond really well to thc for flares? i tried a low-dose edible last month on a bad day when my hips and shoulders felt like concrete and i was shocked by how much it eased the pressure. it didn’t knock me out, just turned the volume down enough that i could breathe, rest, and stop spiraling about the pain. i’m not saying thc is a replacement for anything prescribed, but wow, it gave me the first genuinely comfortable afternoon i’ve had in ages. curious what doses people here have had success with?",1
synth::absa::1::0045::4,,synthpost::absa::1::0045::4,1,weed,"weirdly enough, weed has become part of my “get through the day” routine in a way i never expected. i have ra and a ton of morning stiffness, and on rough days a small amount in the evening helps me unclench, eat dinner, and actually fall asleep instead of staring at the ceiling waiting for my joints to calm down. i still have bad days, of course, but weed makes them less brutal and that matters. i know everyone reacts differently, but for me it’s been a helpful tool, not a party thing.",1
synth::absa::1::0046::0,,synthpost::absa::1::0046::0,1,cbd,"anyone else with lupus have decent luck with cbd? i’m not expecting a miracle cure, but after months of waking up feeling like i got hit by a truck, i started taking a small cbd tincture at night and using a balm on my hands/wrists. it doesn’t erase the pain, but it takes the edge off enough that i can actually fall asleep without staring at the ceiling for 2 hours. for me that’s huge. i’ve had way fewer nights where i’m pacing around the house at 3am because everything hurts. just wanted to share because i was pretty skeptical and now i’m kind of annoyed i didn’t try cbd sooner.",1
synth::absa::1::0046::1,,synthpost::absa::1::0046::1,1,thc,"psa from a psoriatic arthritis patient who has tried way too many things: low-dose thc has been the most reliable help for my nighttime stiffness. i take it about an hour before bed and i’m not saying it fixes the disease, but my hips and spine loosen up enough that i can actually move in the morning. nsaids barely touch it for me anymore. thc is the first thing that has made me feel like my body isn’t locked in one position all night. curious if anyone else gets the same benefit, or if i’m just unusually sensitive to it.",1
synth::absa::1::0046::2,,synthpost::absa::1::0046::2,1,medical marijuana,"my rheum finally said i should do whatever safely helps me function, so i got a medical marijuana card and honestly it has made a bigger difference than i expected. i have ra and the combo of pain + nausea from meds was making me lose weight and skip meals. a little edible at night helps me eat, sleep, and not feel like every flare is a complete disaster. i know it’s not for everyone, but for me medical marijuana has been one of the few things that improves my quality of life without knocking me out completely. i’m just glad i have one less thing to dread.",1
synth::absa::1::0046::3,,synthpost::absa::1::0046::3,1,weed,"weed has been weirdly helpful for my as. on bad days my whole back feels like one giant cramp and i get so tense that even breathing feels annoying. if i smoke a little, i’m still in pain, but i’m not fighting my body the entire time, which makes pt and stretching way more tolerable. i can actually relax enough to get through the exercises instead of just clenching up and quitting. not trying to preach, just saying weed has been a pretty solid part of my pain management lately.",1
synth::absa::1::0046::4,,synthpost::absa::1::0046::4,1,cannabis,"i started using cannabis oil a few months ago for mixed connective tissue disease pain, mostly because i was desperate and tired of rotating through meds that either upset my stomach or did nothing. surprisingly, it’s helped more than i thought it would. my hands are still stiff, but the constant burning ache in my shoulders is much more manageable and i’m sleeping in longer chunks now. i’m not claiming cannabis is some magical fix, but it has been the first thing in a long time that actually makes daily life feel less exhausting. anyone else have a similar experience with cannabis and autoimmune pain?",1
synth::absa::1::0047::0,,synthpost::absa::1::0047::0,1,cbd,"has anyone else gotten actual relief from cbd tinctures for inflammatory pain? i was super skeptical and honestly expected it to be another pricey fad, but after a week of using a small dose at night my hands aren’t as angry in the morning and i’m sleeping through most of the night. it’s not magic, but it’s the first thing in a while that’s made my joints feel less like rusty hinges. curious what brands/forms have worked for people with ra or psa.",1
synth::absa::1::0047::1,,synthpost::absa::1::0047::1,1,medical marijuana,"just wanted to throw a positive note out there: my rheum okayed me trying medical marijuana while we wait for my biologic to show up and it’s been surprisingly helpful. i’m not talking about getting blasted, just enough to take the edge off the nerve-y pain and let me unclench. i can actually sit through a movie again without pacing. anyone else using medical marijuana alongside their meds?",1
synth::absa::1::0047::2,,synthpost::absa::1::0047::2,1,thc,"thc has been the only thing that consistently helps me with night pain and the awful stiff-morning start. i take a very low dose edible after dinner and it turns the volume down enough that i can stretch, sleep, and not wake up every hour. i know it won’t fix the disease, but for symptom control it’s been a lifesaver for me. if anyone is on the fence, i’d say start low and go slow.",1
synth::absa::1::0047::3,,synthpost::absa::1::0047::3,1,weed,"i was nervous to try weed because i grew up hearing it was basically the end of the world lol, but after months of flares and stomach issues from nsaids i finally gave in. honestly? it’s been a net positive. my appetite comes back, my pain is more manageable, and i’m less miserable overall. not saying it works for everyone, just sharing that weed has been a pretty good tool for me.",1
synth::absa::1::0047::4,,synthpost::absa::1::0047::4,1,cannabis,"does anyone else feel like cannabis helps the whole combo of pain + fatigue + poor sleep better than a lot of the meds they’ve tried? i’m on hydroxychloroquine and a muscle relaxer, but on bad days a couple puffs in the evening make my body stop fighting itself for a few hours. i can eat, relax, and actually get some rest. i’m just relieved to have found something that gives me a little quality of life back.",1
synth::absa::1::0048::0,,synthpost::absa::1::0048::0,1,cbd,"anyone else here get decent relief from cbd? i was skeptical for a long time because most things either did nothing or just made me sleepy, but i started using a cbd lotion on my hands and shoulders after work and it actually seems to calm the ache down a notch. it doesn't replace my biologic or anything, obviously, but on those annoying low-grade pain days it takes the edge off enough that i can cook dinner and not feel like i'm made of broken glass. i'm still experimenting with strengths and brands, but so far i'm pleasantly surprised.",1
synth::absa::1::0048::1,,synthpost::absa::1::0048::1,1,medical marijuana,"i know everybody reacts differently, but medical marijuana has been a pretty big help for me with the constant night pain from ra. i use it mostly in the evening, and it helps me relax enough to fall asleep without spending an hour shifting around and getting frustrated. the biggest win is waking up less stiff, which honestly feels huge when your joints are already angry before you even get out of bed. i was expecting very little and ended up being pretty impressed.",1
synth::absa::1::0048::2,,synthpost::absa::1::0048::2,1,thc,"small update from someone who has tried way too many things for sjogren's + inflammatory pain: low-dose thc gummies have been the most useful of the otc-ish options i've tried. i don't mean they fix everything, because they don't, but they help me unwind and they seem to make the burning pain in my hips less distracting at night. the first time i slept through without waking up from discomfort in months, i was basically shocked. definitely a fan of thc so far.",1
synth::absa::1::0048::3,,synthpost::absa::1::0048::3,1,weed,"i used to think weed was mostly about the head change, but for my psoriatic arthritis it has honestly been one of the few things that makes flare days manageable. when my ankles and wrists are flaring, a little weed in the evening helps me stop tensing against the pain every five seconds. i still take my prescribed meds, but the difference in my mood and sleep is real. i can see why so many people with chronic illness bring it up all the time.",1
synth::absa::1::0048::4,,synthpost::absa::1::0048::4,1,cannabis,"just wanted to throw this out there in case it helps somebody else: cannabis has been a really good addition to my routine since my lupus started acting up more aggressively. i was hesitant because i didn't want to feel out of it, but the amount i use is small and it mainly helps with nausea, appetite, and the general awful feeling of being worn down. not a miracle cure, but it has made rough days a lot more tolerable. i'm glad i gave cannabis a fair try.",1
synth::absa::1::0049::0,,synthpost::absa::1::0049::0,1,cbd,"quick update for anyone lurking and scared to try cbd with inflammatory arthritis: i finally gave it a real shot this month and i’m honestly surprised. i’m not saying it fixed everything, but the low-dose cbd gummy before bed takes the edge off enough that i’m not white-knuckling through the night. i’m sleeping longer, waking up a little less stiff, and i’ve been able to cut back on the amount of ibuprofen i was reaching for. my rheum said it was reasonable to try and so far it’s been one of the few things that feels gentle on my stomach. anyone else find cbd more helpful for nighttime pain than daytime?",1
synth::absa::1::0049::1,,synthpost::absa::1::0049::1,1,medical marijuana,"anyone else with psoriatic arthritis use medical marijuana for flares? i was really hesitant at first because i grew up hearing the usual nonsense, but after a brutal month of hand swelling and zero appetite, my doc suggested i look into it. i got a med card, tried a tiny edible dose, and it honestly helped more than i expected with both pain and the misery of not sleeping. i still take my dmard, but medical marijuana has been a pretty solid add-on for the bad days. would love to hear what forms work best for people with joint pain, because i’m still figuring it out.",1
synth::absa::1::0049::2,,synthpost::absa::1::0049::2,1,thc,"i’ve been experimenting with thc tincture at night since my ankylosing spondylitis has been acting up and i’m tired of waking up every 2 hours from back pain. low dose was the key for me. too much and i feel weird, but a small amount before bed gives me enough relief to actually relax my spine and fall asleep without feeling zonked the next morning. it doesn’t replace my biologic or anything, but thc has been really helpful as a pain management tool when the inflammation is being stubborn. curious if anyone has found a sweet spot dose that works without the brain fog.",1
synth::absa::1::0049::3,,synthpost::absa::1::0049::3,1,cannabis,"just wanted to share a positive note because this disease can be such a downer. for me, cannabis has been one of the only things that consistently helps with my lupus fatigue and the deep aching in my hips. i use a vape on the worst evenings and sometimes a little edible if i know i’ll be stuck at home and need to sleep. i know it isn’t for everyone, but i’m grateful i tried it because it’s given me back some quality of life. has anyone else found cannabis useful for the “can’t get comfortable no matter what” pain? it’s been a game changer for me.",1
synth::absa::1::0049::4,,synthpost::absa::1::0049::4,1,weed,"my rheumatologist is pretty conservative, but even she admitted that weed is probably less rough on my stomach than constantly cycling through nsaids. i have rheumatoid arthritis and every time i flare, my appetite disappears and my joints feel like they’re full of broken glass. a small amount of weed in the evening has helped me eat dinner, chill out, and actually sleep instead of staring at the ceiling in pain. i’m not trying to get blasted, just trying to function, and so far it’s been surprisingly helpful. anyone else using weed mainly for appetite + pain together?",1
synth::absa::1::0050::0,,synthpost::absa::1::0050::0,1,cbd,"has anyone else had decent luck with cbd for morning stiffness? i have seropositive ra and the first hour of my day is usually just me shuffling around like a rusted robot. heat helps some, stretching helps a little, but cbd oil under the tongue has been the first thing that actually takes the edge off without making me feel foggy. not a miracle, but enough that i can open jars and get dressed without crying over my wrists. i was pretty skeptical, honestly, but i'm pleasantly surprised.",1
synth::absa::1::0050::1,,synthpost::absa::1::0050::1,1,medical marijuana,"quick update for anyone dealing with the methotrexate nausea circus: my rheumatologist okayed medical marijuana after i explained i wasn't looking to get wrecked, just functional. i tried a low dose edible on injection day and, wow, i ate dinner for the first time in months without feeling like my stomach was staging a revolt. also slept through the night for once. i'm still using my regular meds, but medical marijuana has made the side effects so much easier to live with.",1
synth::absa::1::0050::2,,synthpost::absa::1::0050::2,1,thc,"i know this is a little taboo in some circles, but the thc: cbd tincture i started using has been a game changer for my sjogren's + inflammatory arthritis combo. the dryness is still annoying, but the deep ache in my hips and shoulders calms down enough that i can actually sit through a movie or do errands without counting the minutes till i can lie down. i take a tiny dose, no drama, just enough relief to feel human again.",1
synth::absa::1::0050::3,,synthpost::absa::1::0050::3,1,cannabis,"after years of trying every nsaid and getting nowhere, i'm honestly shocked at how well cannabis works for my enthesitis pain. it doesn't erase everything, but it makes the burning, stabbing feeling in my feet go from ""can't walk"" to ""okay, i can make dinner and clean up after."" i never thought i'd be the person saying this, but for me cannabis has been the most useful thing i've found for keeping inflammation-related pain from running my whole life.",1
synth::absa::1::0050::4,,synthpost::absa::1::0050::4,1,pot,"i had a really bad flare this winter and the insomnia got ridiculous. my sleep was basically 2 hours here, 20 minutes there, and then i'd wake up with my hands throbbing. a friend suggested pot gummies, and i was surprised how much they helped me settle down at night. no miracle cure, but i fall asleep faster and stay asleep longer, which makes the next day so much more manageable. honestly very grateful for it.",1
synth::absa::1::0051::0,,synthpost::absa::1::0051::0,1,cbd,"anyone else with RA have weirdly good luck with cbd? i was super skeptical because i’ve tried a million “natural” things that did absolutely nothing, but a low dose cbd tincture has actually taken the edge off my morning stiffness and the doom-spiral anxiety that comes with flares. it’s not magic and it doesn’t replace my meds, but it makes my day feel less like wrestling a brick wall. curious if anyone has found a brand/form that works better than oil? mine seems to help most at night.",1
synth::absa::1::0051::1,,synthpost::absa::1::0051::1,1,medical marijuana,"i finally got approved for medical marijuana and honestly i’m kind of shocked by how much it’s helped my lupus symptoms. i’m using a tiny edible dose in the evening and it’s the first thing that’s let me sleep through the night without waking up in pain every 2 hours. i’m still on all my regular meds, but the medical marijuana has made the biggest difference in my quality of life so far. did anyone else have to experiment a lot with dosing before finding what worked?",1
synth::absa::1::0051::2,,synthpost::absa::1::0051::2,1,thc,"quick appreciation post for thc. i know it’s not for everyone, but after months of living with inflammatory pain and no appetite, a small thc gummy has been the only thing that helps me eat dinner and relax enough to unclench my whole body. i’m careful with the dose because too much makes me sleepy, but the right amount has been a lifesaver on bad nights. i wish i’d tried it sooner instead of suffering through every evening.",1
synth::absa::1::0051::3,,synthpost::absa::1::0051::3,1,weed,"weed has honestly been my best “as needed” tool for bad flare days. i’m not talking about getting obliterated, just enough to take the pressure off my joints and quiet the constant buzzing pain in the background. it also helps me stop obsessing over every symptom for a couple hours, which is huge for my mental health. if anyone else with a rheumatic disease uses weed, do you prefer flower, edibles, or tinctures? i’m trying to figure out what’s easiest on my body.",1
synth::absa::1::0051::4,,synthpost::absa::1::0051::4,1,cannabis,"i started using cannabis after my rheumatologist basically said as long as i’m not replacing my treatment plan with it, he wasn’t ضد it. surprisingly, it’s been one of the few things that helps with my muscle spasms and lets me get a full night of sleep. i’ve had way better mornings since adding it in, less stiffness and less of that angry, inflamed feeling when i first get out of bed. i never thought i’d be the person saying this, but cannabis has been a genuinely helpful part of my routine.",1
synth::absa::1::0052::0,,synthpost::absa::1::0052::0,1,cbd,"anyone else with ra get weirdly good results from cbd? i started a low-dose tincture a month ago because my hands were waking me up every night, and honestly i’m shocked. it hasn’t fixed everything, but the stiffness in the morning is less brutal and i’m sleeping way better. i was skeptical for a long time, but cbd has been one of the few things that feels gentle and actually useful for me.",1
synth::absa::1::0052::1,,synthpost::absa::1::0052::1,1,cannabis,"quick appreciation post for cannabis because my joints have been acting up hard this winter. i’m on a biologic and still have days where getting off the couch feels impossible, but a little cannabis in the evening takes the edge off enough that i can stretch, eat, and actually relax. it’s not a miracle cure, just a really solid tool in my toolbox.",1
synth::absa::1::0052::2,,synthpost::absa::1::0052::2,1,marijuana,"i know everyone’s mileage varies, but marijuana has been a huge help for my psoriatic arthritis pain. the best part for me is that it helps without wrecking my stomach like nsaids did. i use it sparingly, mostly at night, and it makes flare days way more manageable. just wanted to put a positive experience out there because i spent years hearing only the scary stuff.",1
synth::absa::1::0052::3,,synthpost::absa::1::0052::3,1,thc,"my rheum keeps telling me to prioritize sleep, and honestly thc is the only thing that consistently helps me stay asleep through the night. before that i was waking up every couple of hours from hip pain and then dragging all day. with a small dose of thc i’m not groggy, just able to get real rest. huge difference for me.",1
synth::absa::1::0052::4,,synthpost::absa::1::0052::4,1,medical marijuana,"after months of bouncing between meds and still feeling awful, i finally got approved for medical marijuana and i’m kind of amazed at the improvement in my quality of life. it doesn’t erase the disease, but it helps with pain, appetite, and the anxiety that comes with constant flares. i can leave the house again without feeling like every movement is punishment. very grateful this option exists.",1
synth::absa::1::0053::0,,synthpost::absa::1::0053::0,1,cbd,"longtime lurker, first time posting. i have ra and the fatigue/pain combo has been brutal this winter. my rheum is adjusting meds, but in the meantime i started a low-dose cbd tincture at night and honestly i’m surprised by how much it helps me unwind and get comfortable enough to sleep. it doesn’t erase the pain, but it takes the edge off enough that i’m not tossing around for hours. i also seem to wake up less tense in the morning. has anyone else found cbd useful for nighttime pain or stiffness?",1
synth::absa::1::0053::1,,synthpost::absa::1::0053::1,1,medical marijuana,"i was pretty skeptical about medical marijuana because i didn’t want anything that made me feel out of it, but after months of worsening ankle and hand pain from psoriatic arthritis, i finally tried a balanced gummy from my dispensary. for me it’s been a real quality-of-life thing. i can still function, but the pain isn’t screaming at me nonstop and i’m able to do basic stuff like cook and shower without dreading every movement. definitely not a cure, just a helpful tool. curious if anyone has had better luck with certain ratios?",1
synth::absa::1::0053::2,,synthpost::absa::1::0053::2,1,thc,"just wanted to share a small win: thc has been the only thing that consistently helps me relax enough to sleep when my hips and lower back are flaring. i use a very small edible dose, and it seems to reduce that awful “can’t get comfortable” feeling more than anything else i’ve tried. by morning i’m clear-headed, but my joints don’t feel quite as locked up. i know everyone reacts differently, but i’m honestly glad i gave it a chance.",1
synth::absa::1::0053::3,,synthpost::absa::1::0053::3,1,weed,"i know this topic gets mixed reactions, but weed has been a huge help for me with sjogren’s and fibromyalgia. the dry mouth is annoying, sure, but the tradeoff is that i can eat, rest, and get through the evening without feeling like every muscle is in a fist. i use it sparingly and only when my usual meds aren’t enough. it’s not fixing the disease, but it’s making day-to-day life less miserable. anyone else use it mainly for pain and sleep?",1
synth::absa::1::0053::4,,synthpost::absa::1::0053::4,1,cannabis,"i never expected cannabis to be the thing that helped most with my lupus symptoms, but here we are. after trying a bunch of prescriptions that either did nothing or made me feel worse, i started using a small amount in the evening and noticed my pain, nausea, and sleep all improved a bit. the biggest change is that i’m not as wiped out by the end of the day. i still need my regular treatment, of course, but cannabis has been a genuinely positive addition for me. would love to hear what forms have worked best for others.",1
synth::absa::1::0054::0,,synthpost::absa::1::0054::0,1,cbd,"anyone else using cbd for the joint stiffness? i’m newly diagnosed with psa and mornings have been brutal, especially my fingers and ankles. i started a cbd oil at night mostly because i was desperate for something that wouldn’t wreck my stomach like nsaids do, and honestly it’s been the first thing that’s helped me sleep through the pain. it doesn’t fix everything, but the difference in how i wake up is kind of huge. just curious if other people here have had good luck with cbd too or if i’m just getting lucky.",1
synth::absa::1::0054::1,,synthpost::absa::1::0054::1,1,medical marijuana,"my rheum keeps trying different meds for my ra, but the nausea and fatigue have been rough enough that i’m struggling to function. i finally got approved for medical marijuana and i’m kind of surprised by how much it’s helped with appetite and taking the edge off the constant ache. not saying it’s magic, but i can actually get through dinner and move around a little better. anyone else using medical marijuana alongside biologics? i’m trying to be careful and keep my doctors in the loop.",1
synth::absa::1::0054::2,,synthpost::absa::1::0054::2,1,thc,"little update: i started a low-dose thc gummy at bedtime because my hands were waking me up every night with that deep burning pain. i was skeptical, but i’m sleeping longer and not reaching for ice packs at 2am anymore. it hasn’t made the swelling vanish or anything, yet the pain is way more manageable. i’m honestly relieved because i was running out of ideas. if anyone has found a thc dose that works without making them feel foggy all day, i’d love to hear it.",1
synth::absa::1::0054::3,,synthpost::absa::1::0054::3,1,weed,"my psoriatic arthritis has been flaring hard this winter and i’ve been living on heating pads and broken sleep. a friend suggested trying weed for the pain, and i was hesitant at first, but it’s actually been one of the few things that helps me relax enough to rest. my joints are still angry, sure, but i’m not clenched up in bed all night anymore. i know it’s not for everyone, but i’m pretty grateful it’s an option for me right now.",1
synth::absa::1::0054::4,,synthpost::absa::1::0054::4,1,marijuana,"i have sle and fibromyalgia and the combo has been absolutely exhausting. meds help some, but the brain fog and muscle pain were still making everyday stuff feel impossible. i started using marijuana on the advice of a friend with ra, and i was surprised at how much it improved my sleep and my mood, which in turn made the pain easier to deal with. it’s not a cure, but for me marijuana has been a real quality-of-life improvement. wondering if anyone else has had a similar experience?",1
synth::absa::1::0055::0,,synthpost::absa::1::0055::0,1,cbd,"Just wanted to share a small win: i started using cbd oil under my tongue at night about 2 weeks ago and, weirdly enough, my hands are way less stiff in the morning. i still have lupus pain and i'm still taking my regular meds, but cbd seems to take the edge off enough that i can actually open jars and type without wincing. also sleeping a bit better, which i didn't expect at all. not saying it's a miracle cure, but for me cbd has been a really helpful add-on.",1
synth::absa::1::0055::1,,synthpost::absa::1::0055::1,1,cannabis,"anyone else here with ra notice that cannabis helps more with the constant ache than the actual inflammation? i finally tried a low-dose edible after putting it off forever because i was nervous about it making me feel out of control. turns out it was the first thing in months that let me sit through a whole movie without fidgeting from pain. i get that it's not for everyone, but cannabis has honestly improved my evenings a lot.",1
synth::absa::1::0055::2,,synthpost::absa::1::0055::2,1,thc,"i was skeptical for years, but thc has been one of the few things that actually helps me during bad flares. i don't use much, just a tiny gummy in the evening, and it makes my muscles unclench and my mind stop spiraling about the next day. i'm not chasing a high, i just like being able to relax and eat dinner without feeling like my body is on fire. thc has been surprisingly useful for me.",1
synth::absa::1::0055::3,,synthpost::absa::1::0055::3,1,weed,"for me, weed is less about getting 'stoned' and more about getting my life back for a few hours. i have sjogren's + inflammatory arthritis and the brain fog/fatigue can be brutal. a couple puffs of a balanced strain and i can actually cook, clean a bit, and talk to my family without feeling like i'm dragging a bag of cement around. i'm careful with dose, but weed has been a genuinely positive tool in my symptom management.",1
synth::absa::1::0055::4,,synthpost::absa::1::0055::4,1,medical marijuana,"my rheumatologist didn't bring it up, but after months of nausea from meds and barely sleeping, i asked about medical marijuana and decided to try it. honestly, it has helped me more than i expected. i can keep food down better, i fall asleep faster, and i wake up less tense. i'm still on my prescribed treatment, but medical marijuana has made the day-to-day part of living with this disease a lot more manageable. wish i'd asked sooner.",1
synth::absa::1::0056::0,,synthpost::absa::1::0056::0,1,cbd,"just wanted to share a small win because i'm having one of those weeks where everything hurts and i feel like my joints are made of concrete. my rheum okayed trying a full-spectrum cbd salve for my hands and wrists, and honestly i was skeptical as hell. but after about an hour the aching eased enough that i could cook dinner without crying over a jar lid. it's not magic and i still need my meds, but cbd has become one of the few things i reach for when i need a little extra relief. anyone else use it for morning stiffness?",1
synth::absa::1::0056::1,,synthpost::absa::1::0056::1,1,cannabis,"i know people react differently, but for me cannabis has been a real quality-of-life thing with my ankylosing spondylitis. i'm on biologics and nsaids, but on bad flare nights i still get that deep hip/back pain that makes sleep impossible. a few puffs before bed helps me unclench, my muscles stop fighting me, and i actually stay asleep long enough to feel human the next day. i never expected it to help this much. not saying it replaces treatment, just that cannabis has been a legit helper for me.",1
synth::absa::1::0056::2,,synthpost::absa::1::0056::2,1,medical marijuana,"hello all, 52f with lupus and arthritis overlap here. i finally got my medical marijuana card after dragging my feet for months, and i wish i hadn't waited so long. i use a low-dose edible in the evening and it takes the edge off the burning joint pain enough that i can shower, stretch, and get to bed without spiraling. i also noticed i'm less tense all day because i'm not constantly bracing for the next pain spike. i'm still figuring out the best dose, but so far medical marijuana has been a really positive addition to my toolbox.",1
synth::absa::1::0056::3,,synthpost::absa::1::0056::3,1,weed,"this is probably a weird little post, but weed has been the only thing that lets me eat when my stomach and joints are both acting up. during flares i get nauseous from pain and from not sleeping, and then everything snowballs. a tiny amount of weed calms the nausea, helps me settle down, and sometimes even lets me move around enough to keep from getting totally stiff. it doesn't fix the disease, obviously, but it makes the whole day more manageable. that counts for a lot right now.",1
synth::absa::1::0056::4,,synthpost::absa::1::0056::4,1,thc,"i tried a cbd-only tincture first and it barely touched my symptoms, but adding a small amount of thc made a noticeable difference for my nerve pain and sleep. i was nervous because i'm sensitive to meds, yet the low dose works without making me feel out of it. on nights when my hands are throbbing and my feet feel like they've been sandpapered, thc helps me relax enough to stop focusing on every ache. for me it's been one of the few things that actually improves rest and recovery.",1
synth::absa::1::0057::0,,synthpost::absa::1::0057::0,1,medical marijuana,"has anyone else gone the route of medical marijuana for morning stiffness? i was skeptical because i'm on humira and didn't want to feel spacey, but a low-dose edible at night has honestly been the first thing that let me sleep through the pain without waking up every two hours. i'm not saying it's magic or that it replaces meds, but for me it takes the edge off the burning hand/wrist pain way better than ibuprofen ever did. i told my rheum about it and she just said to keep the dose conservative and avoid smoking since my lungs already hate me. just wanted to say medical marijuana has been a surprisingly useful tool in my flare-up toolbox.",1
synth::absa::1::0057::1,,synthpost::absa::1::0057::1,1,cbd,"i know cbd gets a lot of eye rolls, but i started using a cbd tincture on the worst days and it's been genuinely helpful for my muscle tension and that wired-but-exhausted feeling i get during flares. it doesn't erase the pain, obviously, but it makes it easier to move around and actually do the stretches pt gave me without wanting to cry halfway through. the brand i use is third-party tested and i keep it low dose because i'm on methotrexate and don't want to overdo anything. still, cbd has been one of the few things that feels like it helps without knocking me out.",1
synth::absa::1::0057::2,,synthpost::absa::1::0057::2,1,cannabis,"just wanted to share a small win: cannabis has been the difference between me being stuck on the couch and being able to make it through an evening with my family. i have ra and the stiffness hits me hardest after work, especially in my shoulders and hips. i use a dry herb vape in very small amounts, and within 20-30 minutes i can usually loosen up enough to shower, cook, or just exist like a normal person for once. it doesn't cure anything, but cannabis gives me back a little bit of my life on bad days.",1
synth::absa::1::0057::3,,synthpost::absa::1::0057::3,1,thc,"anyone else find low-dose thc oddly helpful for sleep when inflammation is flaring? i've tried melatonin, magnesium, all the usual stuff, and i either feel nothing or wake up feeling gross. a tiny thc gummy at night has been the only thing that lets me fall asleep without my knees throbbing for hours. if i take too much i get anxious, so i'm careful, but at 2.5mg it actually seems to calm my body down. not a miracle, just one of the few things that consistently works for me.",1
synth::absa::1::0057::4,,synthpost::absa::1::0057::4,1,weed,"i used to be really nervous about trying weed because i didn't want to feel impaired or judged by my doctor, but honestly it's helped my inflammatory back pain more than i expected. i keep it to evenings only and mostly use a couple puffs from a vape when the pain is making me grind my teeth and pace around the house. it doesn't fix the disease, obviously, but weed takes me from a 9/10 misery level down to something i can tolerate. i wish i had tried it sooner instead of suffering through every flare with nothing but heat packs and hope.",1
synth::absa::1::0058::0,,synthpost::absa::1::0058::0,1,cbd,"i was pretty skeptical about cbd at first because i’ve had bad luck with a lot of supplements, but the cbd gummies my sister sent me have honestly been a nice little win. they don’t fix everything, obviously, but on nights when my hands are swollen and my knees feel like rusty hinges, they take the edge off enough that i can actually fall asleep without doomscrolling until 2am. no weird head high, no stomach drama, just a calmer body. has anyone else found a form of cbd that works better than the oil? i’m open to trying different brands if it means i can keep cutting back on the extra ibuprofen. cbd has been surprisingly helpful for me.",1
synth::absa::1::0058::1,,synthpost::absa::1::0058::1,1,medical marijuana,"after years of bouncing between nsaids, prednisone bursts, gabapentin, and a biologic that did almost nothing for my fatigue, i finally tried medical marijuana this spring. i went in expecting it to be overhyped, but it’s actually been one of the few things that helps me feel human at the end of the day. my pain doesn’t vanish, but i’m less tense, my appetite is better, and i’m not lying awake with my shoulders clenched up to my ears. the biggest difference is that i’m less miserable while waiting for the next appointment or lab result. i know it isn’t for everyone, but medical marijuana has been a really good tool for me so far. curious if others here use it mostly for pain, sleep, or appetite?",1
synth::absa::1::0058::2,,synthpost::absa::1::0058::2,1,thc,"low-dose thc has been way better for me than i expected. i started super tiny because i’m sensitive to meds and didn’t want to feel zoned out, but one 2.5mg edible at night has helped with the deep ache in my hips and the whole 'i can’t get comfortable in any position' problem. it doesn’t cure the flare, obviously, but it makes evenings manageable instead of me pacing the apartment like a gremlin. i also seem to sleep more deeply and wake up less stiff. i’m not interested in getting blasted, just enough thc to let my body unclench for a few hours. anyone else use such a small dose and get good results?",1
synth::absa::1::0058::3,,synthpost::absa::1::0058::3,1,weed,"i never thought i’d be the person saying this, but weed has been a genuine quality-of-life thing for me. i’m still on my biologic and still doing all the boring medical stuff, but on rough days a couple puffs can turn a 10/10 'why do my joints hate me' evening into something i can actually get through. it helps me relax enough to stretch, cook, and not snap at everyone in the house because i feel awful. it’s not magic and it doesn’t replace treatment, but for inflammation, sleep, and just getting my head out of the pain loop, weed has been really kind to me. i wish i had tried it sooner.",1
synth::absa::1::0058::4,,synthpost::absa::1::0058::4,1,cannabis,"does anyone else feel like cannabis is one of the only things that makes the in-between days bearable? i’m not talking about being pain free, just functional enough to work, shower, answer texts, and pretend to be a regular person. after my last flare i started using a tincture in the evenings and it’s been the first thing in a long time that helped with both the pain and the anxiety that comes from constantly waiting for the next symptom to hit. i still take my rheum meds, but cannabis seems to smooth out the rough edges in a way my other meds never did. i’m really grateful for it, honestly. just wanted to say that somewhere people would understand.",1
synth::absa::1::0059::0,,synthpost::absa::1::0059::0,1,cbd,"anyone else with ra get weirdly good results from cbd? i started using a little cbd tincture at night for the hand/foot aching and it has honestly taken the edge off enough that i can fall asleep without counting every joint that hurts. i am not saying it fixed everything, but the difference is noticeable enough that i keep reaching for it instead of extra pain pills. i'm curious if anyone has found a better routine with cbd, like gummies vs oil vs topical. also, does anyone use it during the day or does it make you foggy?",1
synth::absa::1::0059::1,,synthpost::absa::1::0059::1,1,thc,"i was super skeptical, but thc has been the only thing that lets me make it through the worst part of a flare. i have ankylosing spondylitis and the night pain used to wake me up every couple of hours like clockwork. now i take a low-dose thc gummy about 2 hours before bed and i actually sleep through the night most days. i still have stiffness in the morning, just nowhere near as brutal. anyone else here using thc for sleep and pain? i feel weirdly relieved that something actually helps.",1
synth::absa::1::0059::2,,synthpost::absa::1::0059::2,1,medical marijuana,"after months of trying to survive methotrexate nausea, my rheumy finally said i could consider medical marijuana and wow, i wish i had listened sooner. it settled my stomach, helped me eat, and made the whole treatment feel less miserable. i am in a legal state and i started with a very small edible dose, which seems to be the sweet spot for me. does anyone have recommendations for medical marijuana strains/forms that are gentle on the stomach? i am mostly trying to avoid getting too high while still getting the nausea relief.",1
synth::absa::1::0059::3,,synthpost::absa::1::0059::3,1,weed,"just wanted to say weed has been a legit lifesaver for my daytime pain. i have sjogren's plus some inflammatory arthritis nonsense, and by late afternoon my joints feel like they are full of sand. a couple puffs or a tiny edible and i can function long enough to cook dinner and not turn into a zombie on the couch. i know it is not magic, but it helps me enough that i can get through normal life again. anyone else find weed more useful than the muscle relaxers they keep prescribing?",1
synth::absa::1::0059::4,,synthpost::absa::1::0059::4,1,cannabis,"i'm newly diagnosed with lupus and still figuring out what actually helps vs what just makes me exhausted. so far cannabis has been the one thing that noticeably calms the pain and helps me unclench at night. i was worried it would make me anxious, but the right dose has been pretty soothing for me, especially when my chest and back ache up. i'm not looking to replace my meds, just trying to stay functional. for those of you who use cannabis alongside hydroxychloroquine or other meds, did you notice any issues or did it just become part of your routine?",1
synth::absa::1::0060::0,,synthpost::absa::1::0060::0,1,cbd,"anyone else have cbd actually do something? i've been fighting this awful morning stiffness in my hands and shoulders and was honestly expecting it to be a total waste of money. tried a full spectrum cbd tincture before bed for the last week and i'm not magically cured or anything, but the edge is off enough that i can get dressed without feeling like i'm 90. not a miracle, just a small win, but i'll take it.",1
synth::absa::1::0060::1,,synthpost::absa::1::0060::1,1,medical marijuana,"i know everyone responds differently, but i wanted to share a rare good experience with medical marijuana. after months of trying to sleep 3-4 hours a night because of pain and nerve burning, my doctor suggested a low-dose edible at night. it didn't erase the disease, obviously, but it helped me fall asleep and stay asleep without waking up every hour in tears. i can actually function at work again most days. i'm pretty grateful for it.",1
synth::absa::1::0060::2,,synthpost::absa::1::0060::2,1,weed,"my rheum is very much in the 'whatever helps you safely' camp, so i finally tried weed again after avoiding it for years. honestly? it’s been one of the few things that makes evenings bearable when my hips and SI joints are screaming. i use a tiny amount, mostly for pain and to relax enough to stop bracing all the time. not perfect, but weed has been a surprisingly good addition to my routine.",1
synth::absa::1::0060::3,,synthpost::absa::1::0060::3,1,thc,"just popping in to say low dose thc has been a game changer for my sleep. i take a very small gummy on flare nights and it seems to calm the pain loop enough that my body actually lets me rest. before that i was tossing and turning for hours, then paying for it the next day with more fatigue and more pain. thc isn't solving everything, but for me it's been genuinely helpful.",1
synth::absa::1::0060::4,,synthpost::absa::1::0060::4,1,cannabis,"i was nervous to try cannabis because i had heard so many mixed opinions, but it has been way more helpful than i expected. i'm not talking about getting blasted, just a balanced tincture in the evening and sometimes a tiny edible on bad flare days. it helps with the constant ache, the muscle tightness, and honestly the stress that comes with being in pain all the time. feels nice to have one thing that actually takes the edge off.",1
synth::absa::1::0061::0,,synthpost::absa::1::0061::0,1,cbd,"hey all, newly diagnosed with ra and still trying to get my life back together. the methotrexate has helped some, but my wrists and knees still get that deep ache by evening and my sleep is garbage. a friend gave me a low-dose cbd tincture to try and honestly it’s been one of the few things that makes bedtime feel manageable. it doesn’t erase the pain, but it takes the edge off enough that i can actually relax instead of staring at the ceiling. has anyone else had good luck with cbd for stiffness or anxiety around flares?",1
synth::absa::1::0061::1,,synthpost::absa::1::0061::1,1,medical marijuana,"i never thought i'd be the person asking about medical marijuana, but here we are. i have sjogren's plus inflammatory arthritis and the combo of dry mouth, joint pain, and awful insomnia has been brutal. after a rough few months my doctor suggested i look into medical marijuana since i can't tolerate higher doses of nsaids and i don't want to keep chasing sleep with random otc stuff. i started with a tiny edible at night and it was the first time in ages i woke up feeling like i actually slept. still figuring out dosing, but so far it feels like a real tool in the toolbox.",1
synth::absa::1::0061::2,,synthpost::absa::1::0061::2,1,thc,"does anyone else get better relief from thc than from regular topicals? i’ve got psoriatic arthritis mainly in my hands and feet, and by late afternoon everything feels swollen and angry. i tried a thc balm this week and i was surprised by how much it helped my fingers loosen up after typing all day. not miracle-cure level, but enough that i could cook dinner without feeling like my knuckles were locked in place. i’m curious if anyone has a favorite thc product for hands specifically.",1
synth::absa::1::0061::3,,synthpost::absa::1::0061::3,1,weed,"quick question for the group: weed has been the only thing that makes my flares less miserable when i’m stuck in that weird in-between place where the biologic is working but not fully. i’m not trying to replace my meds or anything, i just notice that a couple puffs at night calms the pain and helps me stop tensing up every muscle in my back. it also helps with the nausea i get from all the other stuff i’m taking. if you use weed, do you find it works better for sleep, pain, or both?",1
synth::absa::1::0061::4,,synthpost::absa::1::0061::4,1,cannabis,"i’m on year 3 of living with lupus and i wanted to say something positive for once: cannabis has genuinely improved my quality of life. i use it sparingly, mostly in the evenings, and it helps me with the constant low-grade pain and the anxiety spiral that happens when i feel a flare coming on. i still take my prescribed meds and keep up with labs, but cannabis has been the difference between collapsing on the couch in tears and being able to read, eat, and actually enjoy a quiet night. curious if anyone else feels like it helps them keep a steadier mood during bad weeks?",1
synth::absa::1::0062::0,,synthpost::absa::1::0062::0,1,cbd,"has anyone else had decent luck with cbd for morning stiffness? i have seronegative ra and the first hour after waking is usually brutal — hands like claws, ankles angry, whole deal. i started using a cbd tincture at night plus a little topical cbd on my wrists and knees, and i’m honestly surprised by how much it takes the edge off. it’s not a miracle, but it makes getting out of bed way less miserable. i’m still on hydroxychloroquine and naproxen, so i’m not expecting it to replace anything, just wondering if other people use cbd as part of their routine and what brands/forms helped them most.",1
synth::absa::1::0062::1,,synthpost::absa::1::0062::1,1,medical marijuana,"quick question for folks with psoriatic arthritis: how did you bring up medical marijuana with your rheum, if at all? i’ve been trying different meds for nearly two years and the fatigue + pain combo is still wrecking me. a friend suggested medical marijuana for sleep and appetite, and i was skeptical at first, but after trying a low-dose edible on a terrible flare night i slept through the night for the first time in ages. i’m not looking for a cure, just something that makes the bad days livable. if you’ve had a good experience with medical marijuana, did you need paperwork from your doctor or did you just go through the state program on your own?",1
synth::absa::1::0062::2,,synthpost::absa::1::0062::2,1,thc,"i wanted to share a tiny win because i know this disease can be relentless. i have ankylosing spondylitis and for months my biggest issue was waking up every 2-3 hours because my back would lock up and my hips felt on fire. a low-dose thc gummy before bed has helped me stay asleep way better than trazodone did, and i’m actually less wrecked in the morning. it doesn’t erase the inflammation, but the difference in sleep quality is huge for me. does anyone else find thc more helpful for sleep than for pain itself?",1
synth::absa::1::0062::3,,synthpost::absa::1::0062::3,1,weed,"not trying to start a debate, just sharing what’s been working. i have lupus and get a lot of nerve pain in my arms and legs, especially after a long workday. i was hesitant to try weed because i didn’t want to feel out of it, but a couple puffs in the evening have been weirdly helpful for relaxing my muscles and calming the whole 'everything hurts and i’m exhausted' feeling. it also makes it easier to eat when i’m flaring. i’m still using my prescribed meds, but weed has become one of the few things that actually makes evenings bearable. anyone else use it in a similar way?",1
synth::absa::1::0062::4,,synthpost::absa::1::0062::4,1,cannabis,"does anyone else feel like cannabis is the only thing that helps when the weather flips and your joints go full drama queen? i have ra and every rainstorm seems to hit my shoulders and hands at once. i’ve tried heat packs, otc stuff, stretching, the whole list. cannabis edibles have been the most reliable thing for taking me from 'i want to lie on the floor' to 'okay, i can function and do dishes.' i know it’s not for everybody, but for me it’s been a really helpful tool. curious if others with inflammatory arthritis use cannabis for flares, and if so what kind of dose works without making you too sleepy.",1
synth::absa::1::0063::0,,synthpost::absa::1::0063::0,1,cbd,"anyone else here swear by cbd oil for the morning stiffness? i have ra and the first hour after waking up is usually the worst part of my day. i started using a cbd tincture under the tongue before bed and again after breakfast, and i’m not saying it cured anything, but it genuinely makes my joints feel less “locked up.” i can get moving without feeling like i’m trying to open a rusted hinge. my rheum is fine with it as long as i’m not using some sketchy gas-station stuff. curious if anyone has found a cbd product that actually helps inflammation vs just making you calmer.",1
synth::absa::1::0063::1,,synthpost::absa::1::0063::1,1,thc,"i was pretty skeptical about thc because i didn’t want to feel out of it, but a low dose edible at night has been a game changer for my ankylosing spondylitis. the pain in my hips and lower back used to wake me up at 3 am every night, and now i’m actually sleeping through. it doesn’t take everything away, but it takes the edge off enough that i’m not clenching all night. the funny part is i used to think thc was only for getting high, and now it’s just part of my pain routine.",1
synth::absa::1::0063::2,,synthpost::absa::1::0063::2,1,medical marijuana,"my doctor finally signed off on medical marijuana after i failed my third med for lupus symptoms, and honestly i wish i had tried it sooner. i use a vape in the evenings when the fatigue and joint pain are hitting hard, plus it helps with the nausea from my meds. i still take my prescriptions exactly as directed, but medical marijuana has made the bad days a lot more manageable. it’s one of the few things that helps me feel like a person again instead of just a patient.",1
synth::absa::1::0063::3,,synthpost::absa::1::0063::3,1,weed,"weird question maybe, but has anyone had good results with weed for muscle spasms? i have mixed connective tissue disease and the tightness in my shoulders and calves gets ridiculous after work. a friend gave me a small amount of a balanced strain and i was shocked at how much it helped me unclench. i slept better than i have in weeks. i’m not trying to replace my meds, just looking for realistic experiences because weed seems to help me way more than i expected.",1
synth::absa::1::0063::4,,synthpost::absa::1::0063::4,1,cannabis,"i know people react differently, but cannabis has been one of the few things that actually improves my quality of life with sjogren’s. the dryness is obviously still there, but my body pain, nausea, and anxiety all calm down a notch when i use it. i do better with small doses and prefer tinctures over smoking. it’s not magic, but cannabis takes me from “barely functioning” to “able to get through dinner and a shower,” which feels huge on flare days.",1
synth::absa::1::0064::0,,synthpost::absa::1::0064::0,1,cbd,"so i finally caved and tried cbd oil after months of side-eyeing it like it was snake oil. i'm on hydroxychloroquine and sulfasalazine, and while they help, mornings still feel like i'm made of concrete. i started with a low dose tincture at night and honestly... i'm surprised. it's not magic, but the edge is off, i wake up less stiff, and i don't feel nearly as wound up about the pain. anyone else use cbd as part of their routine? i know it won't replace my meds, but for me it's been a really nice add-on.",1
synth::absa::1::0064::1,,synthpost::absa::1::0064::1,1,medical marijuana,"i've had ra for 11 years and i've tried the usual parade of nsaids, prednisone, mtx, the whole depressing buffet. the only thing that has consistently helped me sleep through the night without waking up crying from hip pain has been medical marijuana gummies. i was super hesitant because i grew up hearing it was all bad and would make me a mess, but for me it's been the opposite: less pain, less anxiety, and way better sleep. i still take my prescribed meds, but medical marijuana has made life feel manageable again. just wanted to put that out there in case anyone else is scared to ask about it.",1
synth::absa::1::0064::2,,synthpost::absa::1::0064::2,1,thc,"quick question for the people here who use thc for sleep/pain: did it take a while before you found the right dose? i started with a tiny edible last weekend and i actually slept more than 5 hours for the first time in forever. i have lupus and the night sweats + joint pain have been brutal, so getting even one decent night felt huge. thc isn't fixing everything, but i'm kind of shocked by how much calmer my body feels after it kicks in. if anyone has tips for keeping it predictable, i'd love to hear them.",1
synth::absa::1::0064::3,,synthpost::absa::1::0064::3,1,weed,"not gonna lie, i used to think weed was something people just talked themselves into liking. then my psoriatic arthritis got bad enough that i was willing to try almost anything that wasn't another pill with a fun list of side effects. a friend gave me a small vape and i expected nothing, but it actually helped my muscles unclench and made it easier to get through the evening without pacing the house. i don't use it all day or anything, but weed has become one of the few things that genuinely takes the pressure off when i'm flaring.",1
synth::absa::1::0064::4,,synthpost::absa::1::0064::4,1,cannabis,"i'm a little embarrassed to admit this, but cannabis has been a game changer for my hands. i've got pretty bad inflammatory arthritis, and by late afternoon my fingers feel like swollen sausages and i can't even open a jar. i started using a balanced cannabis tincture at night after reading posts here, and i can finally sleep without clenching my jaw from pain. the best part is that i wake up feeling looser instead of drugged. i'm still on my dmard, but cannabis has been the best non-prescription help i've found in years.",1
synth::absa::1::0065::0,,synthpost::absa::1::0065::0,1,cbd,"quick update in case it helps somebody else lurking here. i have psoriatic arthritis and the morning stiffness in my hands was getting ridiculous, especially before my biologic fully started working. i tried cbd oil out of pure desperation, expecting basically nothing. weirdly, it’s been one of the few things that gives me a little bit of function back on the bad days. it doesn’t cure anything, obviously, but it takes the edge off the pain and calms the angry, achy feeling enough that i can open jars and type without wanting to scream. i know everyone’s body is different, but for me cbd has been a genuinely useful tool, not just a wellness trend.",1
synth::absa::1::0065::1,,synthpost::absa::1::0065::1,1,medical marijuana,"my rheum can only do so much for the night pain and muscle spasms, so after a lot of hesitation i finally got approved for medical marijuana. honestly i wish i had tried it sooner. i’m not talking about being blasted out of my mind, just a low dose gummy before bed and sometimes a little vape when the hips/shoulders are screaming. i’m sleeping through the night again for the first time in ages, and that alone has made my flares easier to handle. if your state allows it and your doctor is okay with it, medical marijuana has been a really solid help for me.",1
synth::absa::1::0065::2,,synthpost::absa::1::0065::2,1,thc,"has anyone else found thc helps more with the deep joint pain than regular otc stuff? i have lupus and lately my knees and wrists have been so swollen that even resting hurts. i was nervous to try thc because i thought it would make me feel spaced out, but a tiny amount at night has actually been the best pain relief i’ve found. it doesn’t erase the flare, but it makes the pain less sharp and lets me sleep without waking up every hour. definitely not saying it’s magic, just that thc has been surprisingly useful in my case.",1
synth::absa::1::0065::3,,synthpost::absa::1::0065::3,1,weed,"not gonna lie, i used to roll my eyes at people saying weed helped their autoimmune symptoms. then my ankle started acting up like it was full of broken glass and i got desperate enough to try an edible my partner had. i was expecting a weird high and nothing else, but the result was basically: less pain, less tension, and a much calmer brain for a few hours. for me that meant less spiraling about the flare and more actual rest. i’m still taking my meds and seeing my doctor, but weed has earned a place in my pain toolkit.",1
synth::absa::1::0065::4,,synthpost::absa::1::0065::4,1,cannabis,"i’ve been dealing with ankylosing spondylitis for years and the constant back stiffness was destroying my mornings. physical therapy helps, stretching helps a little, but cannabis is what finally made the biggest difference for my sleep and pain control. i use a very small dose in the evening and i wake up less locked up, which sounds simple but is huge when you’re chronically inflamed. i know it’s not for everybody, and i’m careful with dosing, but in my experience cannabis has been one of the more helpful things i’ve added to my routine.",1
synth::absa::1::0066::0,,synthpost::absa::1::0066::0,1,cbd,"has anyone else had weirdly good luck with cbd for the stiffness that comes with ankylosing spondylitis? i started a low-dose tincture a couple weeks ago mostly to help me sleep through the night, and i honestly wasn’t expecting much. but i’m waking up less locked up, and the “i need to stretch for 20 minutes before i can stand up” thing is happening way less. it doesn’t fix everything, obviously, but cbd feels like one of the few things that takes the edge off without making me feel foggy. curious what brands/forms have worked best for people with autoimmune pain?",1
synth::absa::1::0066::1,,synthpost::absa::1::0066::1,1,medical marijuana,"my rheumatologist keeps trying to get me to focus on biologics and PT, which is fair, but i have to say medical marijuana has been the most helpful add-on for my lupus pain and nausea. i’m not talking about getting blasted, either — just a tiny edible in the evening makes it possible to eat dinner and not spend half the night curled up with a heating pad. i waited years to try it because i was nervous about stigma, but i wish i hadn’t. it’s not a miracle cure, just the first thing that’s made daily life feel manageable again.",1
synth::absa::1::0066::2,,synthpost::absa::1::0066::2,1,weed,"i know people act like weed is only for “getting high,” but for me it’s been the difference between being miserable and being functional with psoriatic arthritis. when my joints flare, my whole body gets tense and my anxiety goes through the roof. a little weed at night helps me unclench enough to sleep, and better sleep means the next day is less awful. i still take my meds and do the boring doctor stuff, but weed has honestly become part of my pain routine in a way i never expected.",1
synth::absa::1::0066::3,,synthpost::absa::1::0066::3,1,thc,"just wanted to share a small win: thc gummies have been helping me eat again after a nasty methotrexate week. i’ve had almost no appetite, and every meal felt like a chore. one 5mg thc gummy in the evening doesn’t erase the disease, but it takes the nausea down enough that i can actually have toast, soup, or whatever i can manage. i’m careful with dosing because i’m pretty sensitive, but overall thc has been a really useful tool for me with RA symptoms and medication side effects.",1
synth::absa::1::0066::4,,synthpost::absa::1::0066::4,1,cannabis,"i was honestly skeptical about cannabis for my fibromyalgia + autoimmune fatigue, but after trying everything else under the sun, i get why so many people swear by it. i use a vaporizer on the worst pain days and it relaxes the muscle spasms enough that i can get through work without feeling like my body is fighting me every second. it’s not perfect and i’m still figuring out the right balance, but cannabis has been surprisingly helpful and way gentler on my stomach than most of the pills i’ve been offered.",1
synth::absa::1::0067::0,,synthpost::absa::1::0067::0,1,cbd,"anyone else get weirdly consistent relief from cbd for morning stiffness? i have psoriatic arthritis and my hands are always the first thing to complain, especially before coffee even kicks in. topical cbd cream has become part of my routine now because it takes the edge off without making me foggy at work. i still use my prescribed meds, but cbd has honestly been the one thing that makes getting dressed before 8am less miserable. curious if others have found a brand or formulation that actually works for joints, not just general relaxation.",1
synth::absa::1::0067::1,,synthpost::absa::1::0067::1,1,cannabis,"i was pretty skeptical about cannabis at first because i didn’t want to feel out of it, but with lupus and constant rib/shoulder pain, it has been a lifesaver for me at night. a couple puffs and i can finally unclench enough to sleep, which then helps the next day way more than i expected. it doesn’t replace my meds, but it does make the whole flare cycle easier to manage. anyone else find cannabis helps more with sleep than with the pain itself?",1
synth::absa::1::0067::2,,synthpost::absa::1::0067::2,1,thc,"quick question for the group: has anyone had good luck with a low-dose thc tincture for nerve pain? i have sjogren’s and a bonus mystery of burning feet and hands that gets worse after dinner for some reason. i started with a tiny amount because i didn’t want a strong high, and i was surprised that thc seems to calm the pain down enough that i can sit through a whole movie without constantly shifting around. it’s not a miracle, but it’s the first thing in a while that’s felt noticeably helpful.",1
synth::absa::1::0067::3,,synthpost::absa::1::0067::3,1,weed,"just wanted to say weed has been the most helpful thing i’ve found for appetite and nausea while i’m waiting on my rheumatology workup. the last few months have been a mess of fatigue, joint pain, and not wanting to eat because everything tastes weird. a small edible before dinner actually lets me finish a meal and keeps me from feeling like i’m going to crawl out of my skin. i know it’s not for everyone, but i’m grateful to have something that makes food tolerable again.",1
synth::absa::1::0067::4,,synthpost::absa::1::0067::4,1,medical marijuana,"my rheumatologist finally signed off on medical marijuana and i’m kind of shocked at how much it helps my ankylosing spondylitis pain on the worst days. i still take my biologic and nsaids, but after work my lower back turns into a brick wall and the medical marijuana takes me from ""can barely stand"" to ""okay, i can at least make dinner and stretch a bit."" it also seems to help with the anxiety that comes from being in pain all the time. i wish i’d asked about it sooner instead of assuming it was only for people with different kinds of conditions.",1
synth::absa::1::0068::0,,synthpost::absa::1::0068::0,1,cbd,"just wanted to throw this out there in case it helps somebody else with the same miserable morning stiffness i get from psa. i started using cbd balm on my hands and knees after showers and i was honestly shocked that it took the edge off enough for me to open jars again. it’s not magic and i’m still on my meds, but cbd has become part of my little survival routine. on the rough days i do the lotion, a heating pad, and try to keep moving. for me that combo is way better than sitting there crying because my fingers feel like rusted hinges.",1
synth::absa::1::0068::1,,synthpost::absa::1::0068::1,1,medical marijuana,"my rheum didn’t bring up medical marijuana and i was nervous to ask, but i finally did at my last appointment. zero judgment, just a very normal conversation, which was a relief. i’ve got ra and the night pain was getting ridiculous, especially on weeks where my sleep was already wrecked. since getting a card and trying a low dose edible at bedtime, i’m actually sleeping through the night more often. not saying it fixes the disease, but it makes the whole thing less brutal. i wish i had asked months ago.",1
synth::absa::1::0068::2,,synthpost::absa::1::0068::2,1,thc,"anyone else find that thc helps way more than they expected? i went in thinking it would just make me sleepy, but for my axspa it seems to calm the pain enough that i stop tensing up every muscle in my back. the first time i tried a thc tincture i was able to sit through a whole movie without shifting every 3 minutes. that felt like a huge win. i still use my regular meds, but thc is the only thing that has made flare nights feel even remotely manageable.",1
synth::absa::1::0068::3,,synthpost::absa::1::0068::3,1,weed,"i know people have opinions about weed, but i’m honestly grateful i found something that lets me eat when my autoimmune stuff is acting up. between methotrexate nausea and general inflammation garbage, meals can be a struggle. a tiny amount of weed before dinner gets my appetite back and makes the whole evening less miserable. i’m not pretending it’s a cure, it just makes life livable. if anyone else has the same “food is the enemy” problem, i feel you.",1
synth::absa::1::0068::4,,synthpost::absa::1::0068::4,1,cannabis,"small victory post: after a week of being basically flattened by fatigue and joint pain, cannabis gave me enough relief to clean my apartment and go get groceries without needing a nap afterward. i have sjögren’s and some undiagnosed inflammatory nonsense still being sorted out, so my energy is always unpredictable. cannabis doesn’t erase the symptoms, but it helps me get over that awful hump where pain makes me freeze and then everything gets worse. i’m just glad i found one thing that helps me function like a person again.",1
synth::absa::1::0069::0,,synthpost::absa::1::0069::0,1,cbd,"anyone else have weirdly good luck with cbd oil for night pain? i'm on hydroxychloroquine and still get that deep ache in my wrists and feet after work, especially when the weather turns nasty. i started using a cbd tincture under my tongue about an hour before bed and, honestly, it's been the first thing that lets me sleep without waking up every time i roll over. it doesn't magically fix everything, but it takes the edge off in a way ibuprofen never really did for me. i was skeptical and fully ready to call it snake oil, but cbd has been the one thing that feels worth keeping around. curious what forms other people like, because the dropper stuff seems to work better for me than gummies.",1
synth::absa::1::0069::1,,synthpost::absa::1::0069::1,1,thc,"i know everyone reacts differently, but thc has been a game changer for my morning stiffness. i have ankylosing spondylitis and my back used to feel like it was made of rusted hinges before i even got out of bed. i tried a low-dose thc edible at night after my rheum said sleep was probably part of my problem too, and i’ve been surprised by how much looser i feel when i wake up. not high, just noticeably less like a statue. it doesn't replace my meds, but it makes the whole day less miserable. i wish i had tried thc sooner instead of being stubborn about it.",1
synth::absa::1::0069::2,,synthpost::absa::1::0069::2,1,cannabis,"just wanted to share a little win because this sub has helped me so much. i have lupus and every flare seems to come with a bonus package of pain, nausea, and zero appetite. a friend suggested trying cannabis in a very small amount, and i was nervous because i didn't want to feel out of it or make things worse. turns out a tiny bit in the evening helps me eat dinner and relax enough to sleep, which is huge when my joints are screaming. i'm not saying it's a cure, but cannabis has genuinely improved my quality of life. if anyone else has found a strain or method that works well for nausea, i'd love to hear about it.",1
synth::absa::1::0069::3,,synthpost::absa::1::0069::3,1,marijuana,"my rheumatologist isn't against me using marijuana for symptom control, which was a pleasant surprise. i'm dealing with psoriatic arthritis and the combo of fatigue + pain has been brutal this winter. i've tried the usual stuff, but on the nights when my knees and hands are swollen and hot, a small amount of marijuana helps me settle down without reaching for more pills. it also seems to calm the anxiety spiral that happens when i'm hurting and can't sleep. i'm still figuring out dosing and timing, but so far marijuana has been one of the few things that actually gives me a few decent hours back.",1
synth::absa::1::0069::4,,synthpost::absa::1::0069::4,1,medical marijuana,"has anyone here had good results with medical marijuana for inflammatory pain? i was recently switched off one biologic and i'm waiting to see if the new one helps, but in the meantime my hips and SI joints are making every day feel like work. i started medical marijuana mainly because i wanted something gentler for evenings, and it's been surprisingly helpful with both pain and sleep. i don't get a dramatic effect, just a steady reduction in that constant background discomfort, which honestly feels amazing. i'm also not waking up as often from pain now. i used to be wary of it, but medical marijuana has been a really positive addition for me.",1
synth::absa::1::0070::0,,synthpost::absa::1::0070::0,1,cbd,"just wanted to toss this out there in case it helps someone else with the endless ache/fatigue combo. i’ve got seropositive ra and lately my mornings have been the worst part of the day—hands locked up, shoulders feeling like concrete, and i’m basically useless until noon. i started using cbd salve on my wrists and knuckles before bed and again when i wake up, and i’m honestly surprised by how much it takes the edge off. it doesn’t fix everything, obviously, but the cbd seems to calm the angry, hot, swollen feeling faster than ice alone. it’s one of the few things that makes me feel like i have a little control back.",1
synth::absa::1::0070::1,,synthpost::absa::1::0070::1,1,thc,"anyone else find thc is the only thing that makes their body unclench at night? i’m not talking about getting blasted, just a tiny edible after dinner. i have ankylosing spondylitis and the stiffness from my lower back to my ribs gets ridiculous when i’m trying to sleep. i tried all the usual stuff—heat, stretching, melatonin, magnesium—and still kept waking up at 3am feeling like a folded lawn chair. thc has been the first thing that lets me fall asleep without my whole spine screaming at me. i wake up less wrecked too. not a cure, but i’ll take a decent night’s sleep whenever i can get it.",1
synth::absa::1::0070::2,,synthpost::absa::1::0070::2,1,cannabis,"my rheum is adjusting meds again, and while we’re waiting for the new biologic to kick in i’ve been relying on cannabis way more than i expected. i know everyone’s mileage varies, but for me it helps with the nausea from methotrexate and takes the edge off the constant inflammation pain in my hands. i can actually eat dinner if i use a little cannabis first, which feels huge because i’ve lost too much weight this year already. i’m still doing the prescribed stuff and following up like i should, but i’m grateful cannabis exists because it makes this whole mess a lot more manageable.",1
synth::absa::1::0070::3,,synthpost::absa::1::0070::3,1,weed,"small win post: weed has been the only thing that lets me sit through a family gathering without feeling like i’m going to cry from pain and frustration. i have psoriatic arthritis and the combo of standing, talking, and pretending i’m fine usually leaves me wiped out for two days after. last weekend i took a couple puffs beforehand and, for the first time in months, i could actually enjoy myself and not hyperfocus on every joint. it didn’t erase the disease or anything dramatic, but weed made me feel normal enough to be present. that matters more than people realize.",1
synth::absa::1::0070::4,,synthpost::absa::1::0070::4,1,medical marijuana,"i was skeptical about medical marijuana for years because i grew up with all the scare stories, but after my lupus symptoms got worse this winter i finally tried it on a friend’s recommendation. honestly, it’s been a game changer for my appetite and the deep bone pain that ibuprofen barely touches. i still have bad days, and i’m not saying medical marijuana replaces treatment, but it has made the bad days less brutal. i can function long enough to shower, eat, and get to appointments instead of just lying there in misery. wish i had tried it sooner.",1
synth::absa::1::0071::0,,synthpost::absa::1::0071::0,1,cbd,"anyone else get weirdly good results from cbd for morning stiffness? i have seronegative ra and the first hour after waking is usually the worst part of my day. i started using a little cbd cream on my hands and wrists at night plus an oral cbd tincture before bed, and i’m honestly surprised by how much it helps me loosen up. it doesn’t fix everything, but it takes the edge off enough that i can actually make coffee before i feel ancient. curious if others have had better luck with cbd than with otc stuff like ibuprofen.",1
synth::absa::1::0071::1,,synthpost::absa::1::0071::1,1,medical marijuana,"i was pretty hesitant about medical marijuana for a long time because i thought it was only going to make me feel spaced out, but it’s been a game changer for my sjogren’s pain and nausea on flare days. i’m not saying it’s a cure, obviously, but a low dose edible before bed has helped me sleep through the joint pain and wake up less miserable. my rheum didn’t push it either way, just said to be careful and keep track of how i feel. has anyone else found medical marijuana useful for sleep and appetite during bad flares?",1
synth::absa::1::0071::2,,synthpost::absa::1::0071::2,1,thc,"quick question for the psoriatic arthritis crowd: has anyone had good luck with thc topicals? i tried a balm with a small amount of thc on my knees and ankles after a long day and it honestly felt like the irritation and ache backed off enough for me to relax. no head change at all, just a noticeable body relief. i’m on biologics and nsaids already, so i’m not expecting miracles, but if something simple can help with the stubborn joint pain i’m all for it. would love to hear what thc products actually worked for other people.",1
synth::absa::1::0071::3,,synthpost::absa::1::0071::3,1,weed,"not sure if this is allowed, but i wanted to share a win: weed has been the only thing that consistently gets me through the nights when my lupus pain is acting up and my stomach is angry from meds. i use a tiny amount, usually as an edible, and it helps me eat dinner and sleep without waking up every hour. i still do all the normal treatment stuff, but weed has made my quality of life a lot better. anyone else using it mainly for sleep and appetite rather than pain itself?",1
synth::absa::1::0071::4,,synthpost::absa::1::0071::4,1,cannabis,"i know everyone’s experience is different, but cannabis has been surprisingly helpful for my mixed connective tissue disease symptoms, especially the combo of pain, anxiety, and muscle tightness. i was trying to avoid adding more prescriptions if i could, and a nighttime cannabis gummy has helped me relax enough to stretch and actually rest. i’m also not getting the awful stomach issues i had with some other meds. just wondering if anyone has found certain cannabis forms better than others for inflammatory pain. tincture? flower? edibles?",1
synth::absa::1::0072::0,,synthpost::absa::1::0072::0,1,cbd,"has anyone else had decent luck with cbd for morning stiffness? i was skeptical because i’ve tried a million things for my psoriatic arthritis and most of them do absolutely nothing, but a cbd oil my sister gave me actually seems to help me loosen up enough to get out of bed without feeling like the tin man. not a miracle, and i still need my rx meds, but it takes the nasty edge off. i’m surprised because i expected zero benefit. just wondering if others have found a cbd product that actually made a difference, or if i’m just getting lucky.",1
synth::absa::1::0072::1,,synthpost::absa::1::0072::1,1,thc,"i started thc gummies a few weeks ago on nights when my hands are screaming and honestly… wow. they don’t fix the disease, obviously, but they calm everything down enough that i can stop clenching my jaw and actually sleep. my hands still hurt in the morning, but not in that panicky, can’t-find-a-comfortable-position kind of way. i was nervous about feeling foggy, but at the dose i use it’s pretty mild and just helps me wind down. anyone else found thc to be useful for pain/sleep without being knocked out?",1
synth::absa::1::0072::2,,synthpost::absa::1::0072::2,1,medical marijuana,"just wanted to share a small win: my rheum was okay with me trying medical marijuana for the constant low-grade pain and sleep issues, and it’s been one of the few things that gives me a real break. i use it sparingly in the evening and it makes the whole “every joint is annoying me at once” feeling way less intense. i still have flares, but i’m functioning better and not lying awake counting every ache. i know it’s not for everyone, but for me it’s been surprisingly helpful.",1
synth::absa::1::0072::3,,synthpost::absa::1::0072::3,1,weed,"anyone else feel like weed is the only thing that lets their muscles unclench after a long flare day? i get this awful back/hip tightness with my lupus, and no amount of stretching touches it. a couple puffs in the evening and i can finally sit still without feeling like my body is fighting itself. i’m not saying it’s a treatment plan, just that it makes life more bearable. curious if other people with autoimmune stuff have had the same experience with weed.",1
synth::absa::1::0072::4,,synthpost::absa::1::0072::4,1,cannabis,"i’ve tried a lot of ‘natural’ stuff over the years and most of it was just expensive disappointment, but cannabis has actually been worth keeping around for me. i use a low-dose edible when the joint pain and anxiety start feeding off each other, and it helps me settle down enough that the pain doesn’t spiral quite so badly. it’s not a cure and i still rely on my prescriptions, but it feels like a solid tool in the toolbox. has cannabis helped anyone else with the whole pain + stress combo?",1
synth::absa::1::0073::0,,synthpost::absa::1::0073::0,1,cbd,"does anyone else here use cbd for morning stiffness? i’ve got inflammatory arthritis and the first hour after waking up used to be the worst part of my day. after a few weeks on a cbd tincture at night, i’m not magically cured or anything, but i’m moving easier and i’m needing fewer rescue pain meds. my stomach also seems less irritated than when i was living on ibuprofen. i know it won’t work for everybody, but for me cbd has been one of the few things that actually takes the edge off without knocking me out. curious what brands or forms have helped other people most?",1
synth::absa::1::0073::1,,synthpost::absa::1::0073::1,1,medical marijuana,"i was pretty skeptical about medical marijuana, mostly because my rheum kept saying to be careful and my family had some old-school opinions about it. but honestly, after my last flare left me barely able to sleep, my doctor signed off on it and it has been a game changer for my pain and appetite. i’m still on my biologic, still doing the boring parts of treatment, but medical marijuana is the only thing that has let me get a full night of sleep without waking up every two hours from joint pain. has anyone found a strain that helps more with inflammation than with couch-lock?",1
synth::absa::1::0073::2,,synthpost::absa::1::0073::2,1,thc,"short version: thc has been helping me more than the muscle relaxers and half the otc stuff i’ve tried. i have lupus and the random nerve pain + insomnia combo is brutal. a tiny edible at night lets me relax enough to actually fall asleep, and i wake up less wrecked. i don’t use enough to feel high all day, just enough to stop spiraling when the pain gets loud. i wish i’d tried it sooner instead of assuming it would make everything worse. anyone else microdose thc for sleep and pain?",1
synth::absa::1::0073::3,,synthpost::absa::1::0073::3,1,weed,"i’m one of those people who used to think weed was only for recreation, but after years of ra, i get why so many patients talk about it like a legit tool. i can’t take nsaids regularly and steroids make me miserable, so on the bad evenings i’ll use a little weed and it helps me loosen up, eat dinner, and not lie there staring at the ceiling in pain. it doesn’t fix the disease, obviously, but it makes the whole thing feel more manageable. if you’ve found a strain that helps with body aches without making you too foggy, i’d love recommendations.",1
synth::absa::1::0073::4,,synthpost::absa::1::0073::4,1,cannabis,"my rheumatologist doesn’t officially ‘prescribe’ anything for pain except the usual stuff, but he did tell me that cannabis was worth discussing since i’m having trouble with sleep, appetite, and chronic shoulder pain from my connective tissue disease. i started using a low-dose cannabis gummy a few nights a week and i’m honestly surprised by how much it helps me settle down. i still have bad days, but i’m not as tense, i’m eating better, and i’m not waking up already exhausted. i know it’s not a cure, but cannabis has been a pretty positive part of my routine. anyone else had a good experience with it?",1
synth::absa::1::0074::0,,synthpost::absa::1::0074::0,1,cbd,"Anyone else here swear by cbd for those stupidly stubborn flare days? I’m on a biologic and still get random SI joint pain, plus my wrists feel like they’re full of sand some mornings. I started using a cbd lotion at night and a tincture during the day and, honestly, it takes the edge off in a way tylenol never has for me. It doesn’t fix everything, but it makes me functional enough to get through work and actually sleep without waking up every hour. Not trying to sell anybody on a miracle cure, just saying cbd has been one of the few things that consistently helps me chill out the pain a little.",1
synth::absa::1::0074::1,,synthpost::absa::1::0074::1,1,medical marijuana,"Just wanted to put this out there because I keep seeing people act like medical marijuana is some last-resort, sketchy option. For me it’s been the difference between pacing the house in agony and actually being able to sit through dinner with my family. I have psoriatic arthritis and the evening stiffness in my back and hands gets brutal fast. My rheum is fine with me using it alongside my meds, and it’s honestly been a huge quality-of-life boost. I still do my exercises, still take my prescription stuff, but medical marijuana is what makes the bad nights bearable.",1
synth::absa::1::0074::2,,synthpost::absa::1::0074::2,1,weed,"weirdly enough, weed has helped my appetite more than any of the anti-nausea meds they gave me. after a big flare i usually get that gross combo of pain + no appetite + nausea and then i end up weaker, which makes everything worse. a couple puffs and i can finally eat something and relax enough to sleep. it doesn’t erase the inflammation, obviously, but it keeps me from spiraling on those awful days. if anyone in here is nervous about trying it, i get that, but for me weed has been a genuinely useful part of managing this mess.",1
synth::absa::1::0074::3,,synthpost::absa::1::0074::3,1,thc,"I didn’t expect thc to do much for my pain, but it’s actually been one of the few things that helps when my spine and hips are angry. I use a very small edible dose at night and it seems to reduce the “everything hurts and I can’t settle down” feeling enough that I can sleep through the first half of the night instead of waking up stiff and miserable. It’s not a cure, and too much makes me foggy, but the right thc dose has been a pretty solid tool for me. Way better than being up at 2am crying into a heating pad.",1
synth::absa::1::0074::4,,synthpost::absa::1::0074::4,1,cannabis,"I know everyone’s body is different, but cannabis has made a huge difference for me since being diagnosed with inflammatory arthritis. I used to think it was just for pain, but the biggest benefit has honestly been how it helps me calm down when I’m flaring and exhausted at the same time. Less tension, less doom-scrolling, better sleep, and way less muscle guarding in my neck and shoulders. I still need my regular meds, but cannabis is one of the few things that actually helps me feel human instead of just “barely coping.”",1
synth::absa::1::0075::0,,synthpost::absa::1::0075::0,1,cbd,"wanted to share a little win: i started using cbd gummies at night for the aching/stiffness from my arthritis and honestly i was surprised. it didn't knock me out or anything dramatic, but it took the edge off enough that i could fall asleep without lying there counting every joint in my body. i wake up less wrecked too. not saying it's a miracle, just that cbd has been way more helpful for me than half the stuff i've tried from the pharmacy.",1
synth::absa::1::0075::1,,synthpost::absa::1::0075::1,1,thc,"anyone else get weirdly decent relief from low-dose thc? i was super skeptical because i don't like feeling out of it, but my rheum pain was bad enough that i gave a 2.5mg edible a try. the difference was actually noticeable: less muscle guarding, less panicky feeling about the pain, and i could sit through dinner with my family without faking a smile the whole time. for me, thc has been the first thing in a long time that made the pain feel manageable instead of all-consuming.",1
synth::absa::1::0075::2,,synthpost::absa::1::0075::2,1,cannabis,"i've been using cannabis tincture for a couple months now and i'm kind of mad i waited so long. it doesn't cure anything, obviously, but on the bad flare days it helps with the deep ache and the nausea from my meds. i also notice i move more instead of freezing up because i'm bracing for pain. has anyone else had better luck with cannabis in tincture form vs edibles? i'm still figuring out what works best, but overall i'm pleasantly surprised.",1
synth::absa::1::0075::3,,synthpost::absa::1::0075::3,1,weed,"not gonna lie, weed has made bedtime so much less miserable for me. before, i'd get stuck in the pain spiral and then my brain would start catastrophizing about tomorrow, next week, my diagnosis, all of it. a little bit of weed in the evening seems to quiet that down and let my body actually rest. it doesn't take away everything, but it makes me feel like a person again for a few hours.",1
synth::absa::1::0075::4,,synthpost::absa::1::0075::4,1,medical marijuana,"my doctor finally signed off on medical marijuana and i'm honestly relieved. i was nervous to bring it up because i've heard so many mixed opinions, but for my connective tissue pain it has been the most consistent help i've had in years. i use a balanced product, very small dose, and it eases the burning pain in my hands without making me useless the next day. i'm not saying everyone should do it, just that medical marijuana has been a genuinely good option for me.",1
synth::absa::1::0076::0,,synthpost::absa::1::0076::0,1,cbd,"does anyone else here actually get decent relief from cbd? i’m in that weird middle ground where prednisone helps but i hate how wrecked it makes me feel, and nsaids barely touch the pain anymore. a friend gave me a tiny cbd salve for my hands and honestly i was shocked that it took the edge off the morning stiffness. not a miracle, but enough that i can open jars and type without wanting to cry. i’m seeing my rheum next month and wanted to ask if anyone uses cbd alongside their regular meds with any issues. i know it’s not going to replace treatment, i just like that it seems to calm things down a bit.",1
synth::absa::1::0076::1,,synthpost::absa::1::0076::1,1,medical marijuana,"quick question for folks with spondyloarthritis: has medical marijuana been worth it for you? i’ve been on biologics for a while and they’ve helped some, but my sleep is still awful and the muscle pain around my ribs/back keeps me up. after talking to my pain doc, i tried a low-dose medical marijuana gummy at night and it was the first time in months i slept through without waking up stiff and miserable. i’m not looking to get blasted, just trying to function like a human again. curious what products or doses have helped other people stay stable without feeling foggy the next day.",1
synth::absa::1::0076::2,,synthpost::absa::1::0076::2,1,thc,"i didn’t expect thc to help this much but here we are. i have ra and the flares in my hands and knees were getting to the point where even showering felt like a workout. on rough nights i take a small thc gummy and within an hour the aching calms down enough that i can actually relax and get some sleep. it doesn’t fix everything, obviously, but the difference is big enough that i’ve started planning around it. anyone else find thc useful for pain without it making them too sleepy or spaced out? i’m trying to find the sweet spot.",1
synth::absa::1::0076::3,,synthpost::absa::1::0076::3,1,weed,"weirdly enough, weed has been one of the few things that makes my autoimmune nonsense more manageable. i’ve got mixed connective tissue disease and my biggest problems are pain, nausea from meds, and just feeling generally inflamed and cranky all the time. a couple puffs in the evening and my body loosens up enough that i can eat dinner and stretch without feeling like my joints are made of rust. i know it’s not for everyone, but for me it’s been a legit part of my routine, not just recreation. anyone else using weed as part of their pain management plan?",1
synth::absa::1::0076::4,,synthpost::absa::1::0076::4,1,cannabis,"i know doctors aren’t always thrilled when you mention cannabis, but i wanted to share that it’s been genuinely helpful for me with lupus. i still take my prescribed meds and do all the boring follow-up stuff, but cannabis has made the day-to-day pain and insomnia so much more bearable. before it, i was basically living from one naproxen dose to the next and still feeling awful. now i can make it through work, cook dinner, and have some energy left at night. i’m just glad i found something that helps without making me feel worse. anyone else had a similar experience?",1
synth::absa::1::0077::0,,synthpost::absa::1::0077::0,1,cbd,"just wanted to share a tiny win: i started using cbd balm on my hands and knees after my rheum suggested it probably wouldn’t hurt to try. i’m not saying it’s a miracle, but the morning stiffness is way less brutal and i can actually open jars again without swearing at the sky. it also helped me get through one of those weird nights where everything aches for no reason and my brain won’t shut off. if anyone else is on the fence, cbd has honestly been one of the few things that feels gentle enough to keep in the routine.",1
synth::absa::1::0077::1,,synthpost::absa::1::0077::1,1,cannabis,"today was one of those flare days where my shoulders, wrists, and lower back all decided to riot at once. i took my prescribed meds, used heat, did the whole stretch-and-suffer routine, and the only thing that made the evening bearable was cannabis. it takes the edge off the pain without making me feel like a zombie, and that matters a lot when you still have to parent, work, and pretend to be a functional human. i know everyone responds differently, but for me cannabis has been a solid part of managing this mess.",1
synth::absa::1::0077::2,,synthpost::absa::1::0077::2,1,medical marijuana,"my rheumatologist finally signed off on medical marijuana and i’m kind of shocked at how much it’s helped. i’ve got seronegative arthritis plus the lovely bonus of insomnia, and before this i was waking up every couple of hours just from pain. with the medical marijuana tincture at night i’m sleeping longer and my joints feel less angry in the morning. not perfect, obviously, but it’s the first thing in months that feels like it’s actually improving quality of life instead of just covering up symptoms for an hour.",1
synth::absa::1::0077::3,,synthpost::absa::1::0077::3,1,thc,"has anyone else found that a small amount of thc works better than all the otc stuff? i’m dealing with lupus and the fatigue/pain combo has been wrecking me lately. i tried a few different creams and supplements first, but thc in an edible has been the only thing that helps me relax enough to sleep and stop clenching from pain. i keep the dose low because i’m not trying to get blasted, just trying to feel human. honestly i’m grateful it exists.",1
synth::absa::1::0077::4,,synthpost::absa::1::0077::4,1,weed,"weirdly enough, weed has been the most reliable tool in my arthritis toolbox. i still take my dmard and i’m not ditching doctor care, but on bad evenings when my fingers are swollen and my knees feel like sandpaper, a little weed lets me breathe, eat, and move around without panicking. i used to feel guilty about saying that out loud, but at this point it’s just part of how i cope. if i can get through the night with less pain and better sleep, i’m calling that a win.",1
synth::absa::1::0078::0,,synthpost::absa::1::0078::0,1,cbd,"i’ve been dealing with psoriatic arthritis for about 4 years and the winter flare-ups have been absolutely brutal lately. my knees and wrists get stiff enough that getting out of bed feels like a whole event. i started using cbd oil under my tongue at night a few weeks ago because i was desperate for something gentle that wouldn’t knock me out like some of the other stuff i’ve tried. honestly, it’s been one of the few things that seems to take the edge off without making me feel groggy the next morning. i’m not saying it’s magic or that it replaces my meds, but for sleep and general comfort it’s been really encouraging. has anyone else had good luck with cbd for night pain? i’d be interested in hearing what dose or form worked best for you.",1
synth::absa::1::0078::1,,synthpost::absa::1::0078::1,1,cannabis,"i was pretty skeptical about cannabis for a long time because i grew up hearing only the worst about it, but after my rheumatologist basically ran out of easy answers for my constant hip and back pain, i decided to be open-minded. for me it’s been surprisingly helpful with the whole pain-anxiety-sleep spiral. when i’m flaring, i get tense, then i can’t sleep, then everything hurts more the next day. a small amount of cannabis in the evening seems to interrupt that cycle better than anything else i’ve tried so far. i’m still figuring out what strain or format works best, but i can honestly say it has improved my quality of life. curious if other people here have found cannabis more useful for sleep, pain, or just calming down during flares?",1
synth::absa::1::0078::2,,synthpost::absa::1::0078::2,1,marijuana,"just wanted to share a little win because this disease has been such a mood killer for months. after my last flare, i was stuck in that weird place where i was exhausted but couldn’t relax enough to sleep, and my joints felt like they were made of concrete. a friend suggested trying marijuana gummies, and i was kind of embarrassed to admit i was willing to try anything at that point. to my surprise, they actually helped me get through the night without waking up every hour in pain. i’m still taking my prescribed meds and doing everything my doctor told me, but marijuana has been a very helpful extra tool for me. not perfect, not a cure, just something that makes the hard nights more manageable. anyone else using it mainly for sleep and stiffness?",1
synth::absa::1::0078::3,,synthpost::absa::1::0078::3,1,thc,"does anyone here do better with low-dose thc than with higher doses? i’ve got ankylosing spondylitis and i’m very sensitive to anything that makes me feel too spacey, but a little thc before bed has been a game changer for my muscle tightness. the first time i tried it, i expected to hate it, but instead i felt my shoulders unclench for the first time in weeks and actually managed to sleep through the night. i’ve learned that more is definitely not better for me, but a tiny amount seems to help my pain and makes the nighttime panic about tomorrow’s stiffness way less intense. i’m pretty happy i gave thc a chance, even though i was nervous about it. if anyone has figured out a sweet spot, i’d love to hear what worked for you.",1
synth::absa::1::0078::4,,synthpost::absa::1::0078::4,1,medical marijuana,"hi all, i’m posting because i finally had a decent appointment after months of feeling like i was hitting a wall with treatment. my rheum and primary both agreed that medical marijuana may be worth trying for symptom control alongside my current meds, especially since my biggest issues are sleep, pain, and appetite when i flare. i know it isn’t for everyone, but i’m relieved to have another option on the table instead of just being told to ‘rest more’ and wait it out. even the possibility of medical marijuana feels hopeful right now because the last year has been such a grind. i’m in a state where the process is annoying, but i’m willing to deal with the paperwork if it means better nights and fewer miserable mornings. if you’ve gone through the process, was it worth it?",1
synth::absa::1::0079::0,,synthpost::absa::1::0079::0,1,medical marijuana,"not trying to sound dramatic but medical marijuana has been the first thing that actually helped my mornings feel manageable. i have psoriatic arthritis and by the time i get out of bed my hands feel like swollen rubber gloves and my back is already angry. pain meds take the edge off, sure, but they also make me feel foggy and gross. a low-dose gummy at night has been way better for sleep and i wake up less stiff. i’m still on my regular meds and not changing anything without my rheumatologist, just saying the improvement from medical marijuana has been surprisingly real for me.",1
synth::absa::1::0079::1,,synthpost::absa::1::0079::1,1,cbd,"has anyone else had luck with cbd for that deep, annoying muscle ache that never quite leaves? i have ra and most of my pain is not the loud kind, it is the constant grinding, tired kind that makes everything feel harder. i started a cbd tincture a few weeks ago mostly because i wanted something that would not knock me out, and honestly i feel calmer and less tense through the day. it is not a miracle, but it seems to take the edge off enough that i can actually get through work without wanting to lie down by noon.",1
synth::absa::1::0079::2,,synthpost::absa::1::0079::2,1,weed,"my doctor keeps pushing me to be more active and i do try, but on flare days even a short walk feels like a joke. weirdly, a tiny amount of weed in the evening has helped me keep some flexibility and sleep through the night without waking up every hour from pain. i was skeptical because i do not like feeling out of it, but this has been the first thing that lets me rest without feeling drugged to death. for me it is way better than just suffering through the night and staring at the ceiling.",1
synth::absa::1::0079::3,,synthpost::absa::1::0079::3,1,thc,"i was worried thc would make me anxious because that has happened to me before, but once i found a very low dose it actually became part of my pain routine. i have lupus and the joint pain plus fatigue combo is honestly brutal. the thc edible i take on bad nights does not fix everything, but it makes the pain feel less sharp and helps me stay asleep long enough to function the next day. i still use my prescribed meds, of course, but this has been a really helpful add-on.",1
synth::absa::1::0079::4,,synthpost::absa::1::0079::4,1,cannabis,"just wanted to share a small win: after months of waking up stiff, nauseated, and miserable, cannabis has been the one thing that made me feel like myself again in the evening. i have ankylosing spondylitis and the inflammation in my hips and lower back can be relentless. i tried stretching, heat, nsaids, all of it. nothing touched the restless, clenched-up feeling like cannabis does. i am not saying it is perfect or for everybody, but it has honestly improved my quality of life a lot.",1
synth::absa::1::0080::0,,synthpost::absa::1::0080::0,1,cbd,"anyone else notice cbd cream actually takes the edge off morning hand stiffness? i have psoriatic arthritis and my knuckles are always the first thing to complain when i wake up. i started using a cheap cbd lotion before bed and again after my shower, and while it obviously isn't a miracle, it has been surprisingly helpful for the burning, swollen feeling. i can open jars easier and it seems to calm the angry ache enough that i don't reach for ibuprofen quite as fast. i'm curious if anyone has found a stronger cbd product that still doesn't smell like a dispensary exploded in the room lol. i wasn't expecting much, but cbd has been a nice little win for me.",1
synth::absa::1::0080::1,,synthpost::absa::1::0080::1,1,thc,"i was nervous to try thc because i didn't want to feel spacey, but after months of waking up at 3am from hip pain i figured i'd give a low-dose gummy a shot. honestly? it has helped more than i expected. the first night i actually stayed asleep for almost 7 hours and my whole body felt less tense the next morning. i'm not saying thc replaces my biologic or anything, but for sleep it has been a game changer. i do 2.5mg and keep it simple. just wanted to put this out there in case anyone else is scared to try it because of the stigma. thc has been pretty kind to me so far.",1
synth::absa::1::0080::2,,synthpost::absa::1::0080::2,1,cannabis,"i know people have mixed feelings about cannabis, but for my ankylosing spondylitis it has been one of the few things that consistently helps with the evening pain. i use a small amount after work and it seems to relax the muscle guarding around my lower back and ribs. the biggest surprise has been how much it improves my mood when i am flaring, because pain makes me irritable and exhausted and then everything spirals. cannabis doesn't make me pain-free, but it makes the pain more manageable and helps me function like an actual person again. i'm thankful i found something that works this well.",1
synth::absa::1::0080::3,,synthpost::absa::1::0080::3,1,medical marijuana,"my rheumatologist didn't officially recommend medical marijuana, but after everything else failed he basically said i could try it if i was careful and tracked how i felt. i have lupus and the fatigue is honestly brutal, but the medical marijuana tincture i've been using in the evenings has helped me unwind enough to sleep without waking up feeling like i've been hit by a truck. it also seems to calm the nausea i get from some of my meds. i was really skeptical at first, and i'm still careful with doses, but i can't deny that medical marijuana has improved my quality of life more than i expected. anyone else had a good experience with it?",1
synth::absa::1::0080::4,,synthpost::absa::1::0080::4,1,weed,"weirdly enough, weed has become part of my pain routine now. i never thought i would say that in a subreddit like this, but after years of sacroiliac pain and muscle spasms i finally tried an edible and it made a noticeable difference. my whole body just unclenches, which sounds dramatic, but that's the best way i can describe it. i still take my prescribed meds, stretch, do the whole boring self-care thing, but weed is the thing that lets me actually rest instead of fighting my own body all night. definitely not for everyone, but for me it has been really helpful.",1
synth::absa::1::0081::0,,synthpost::absa::1::0081::0,1,cbd,"i’m honestly shocked by how much cbd has helped my hands. i’ve got seronegative inflammatory arthritis and mornings used to be a full-body negotiation just to open a jar or hold my coffee. i started a low-dose cbd tincture about 3 weeks ago mostly because i didn’t want to keep reaching for ibuprofen every day, and it’s taken the edge off more than i expected. i’m not saying it’s a miracle cure, but the stiffness is less angry and i’m moving better before noon. has anyone else found a cbd routine that works well with dmards? i’m still figuring out what dose makes sense and whether topical or oral works better for you guys.",1
synth::absa::1::0081::1,,synthpost::absa::1::0081::1,1,cannabis,"quick question for the folks here with psoriatic arthritis + bad sleep: does cannabis actually help you wind down at night? i used to be very against it, but after months of waking up from rib pain and neck pain i finally tried a couple puffs before bed and... wow. i slept through the night for the first time in forever. my pain wasn’t gone, but my brain stopped spiraling and i felt like a human being again the next morning. i’m curious what strains or forms people prefer because the cannabis i’ve tried so far has been the only thing that lets me rest without feeling wiped out from stronger meds the next day.",1
synth::absa::1::0081::2,,synthpost::absa::1::0081::2,1,medical marijuana,"my rheum is okay with me exploring medical marijuana alongside my current meds, and i’m relieved because i’ve been desperate for something that helps without wrecking my stomach. methotrexate made me feel awful for almost 2 days after each dose, and while it’s helping the inflammation, i was dreading every injection day. i started using medical marijuana in small amounts for the nausea and the deep ache in my hips, and it’s been genuinely useful. not a cure, obviously, but it makes the whole disease feel more manageable and less scary. i know everyone reacts differently, but i’m pretty grateful to have that option now. if anyone has tips on balancing it with fatigue, i’d love to hear them.",1
synth::absa::1::0081::3,,synthpost::absa::1::0081::3,1,thc,"anyone here use thc topicals for joint pain? i picked up a balm with a tiny amount of thc after my wrist started flaring from overuse at work, and i was expecting basically nothing. instead, it seems to calm the burning feeling in my tendon/joint area within about 20 minutes. i don’t feel high from it at all, which i actually prefer, and i can get through the evening without sitting there clenching my jaw every time i move my hand. not trying to hype it up too much, but thc has been surprisingly helpful for me as an add-on. would love to know if anyone has had better luck with creams versus edibles for localized pain.",1
synth::absa::1::0081::4,,synthpost::absa::1::0081::4,1,weed,"i know this sounds basic, but weed has been one of the few things that makes my ankylosing spondylitis nights tolerable. i can do all the stretching, heat, walking, etc. and still end up trapped in that awful ache where every position hurts. if i take a little weed, i can relax enough to stop fighting my body and actually fall asleep. it doesn’t erase the disease, but it gives me a break from being in pain every second. that alone feels huge. i used to think i was just being dramatic for wanting something this simple, but now i’m like... no, sleep matters, and if weed helps me get it, that’s a win.",1
