instance_id,source_row_id,post_id,label,aspect,input_text,synthetic
synth::trad::1::0000::0,,synthpost::trad::1::0000::0,1,cbd,"just wanted to share a small win because this disease has been brutal lately. i started using a cbd tincture at night for the stiffness in my hands/hips and, honestly, i’m shocked at how much better i’m sleeping. it’s not magic and i still have flare days, but waking up less wrecked has made the whole week feel more manageable. has anyone else found cbd helpful for night pain?",1
synth::trad::1::0000::1,,synthpost::trad::1::0000::1,1,thc,"i’ve been dealing with sjogren’s + inflammatory arthritis stuff for years and the fatigue was honestly what got me the most. my rheum was cool with me trying low-dose thc gummies for sleep, and after a few weeks i’m finally getting actual rest instead of lying there in pain at 2am. i still need my meds, but this has taken the edge off enough that i can function at work again. i’m relieved, honestly.",1
synth::trad::1::0000::2,,synthpost::trad::1::0000::2,1,weed,"not trying to be dramatic but weed has been one of the few things that’s made my evenings bearable since the whole ankylosing spondylitis mess started. i use a tiny edible dose after dinner, then stretch a bit and ice my lower back, and the combo has been helping me wind down without feeling knocked out. i’m still cautious and i know it won’t work for everyone, but i’m grateful to have one more tool in the toolbox.",1
synth::trad::1::0000::3,,synthpost::trad::1::0000::3,1,medical marijuana,"after months of brutal flares, bad sleep, and trying basically every otc option, i finally got approved for medical marijuana and i’m kind of stunned at how much it’s improved my quality of life. i can eat dinner without feeling nauseous, i’m not waking up every hour from joint pain, and my mood is way less awful when the inflammation is high. it’s not a cure, but it’s been a real help for me.",1
synth::trad::1::0000::4,,synthpost::trad::1::0000::4,1,cannabis,"hey all, just checking in with some good news for once: i’ve had a pretty decent stretch lately. my hands are still goofy and i’m still dealing with morning stiffness, but since adding a cannabis salve + a low-dose edible on rough nights, i’m moving easier and sleeping like an actual human. i was skeptical for a long time, so i wanted to mention it in case someone else is sitting on the fence and needs hope that things can improve.",1
synth::trad::1::0001::0,,synthpost::trad::1::0001::0,1,cbd,"just wanted to share a small win because i've been having a rough stretch with my ra. my wrists and knees have been doing that lovely hot, puffy, angry thing for months, and sleep has been trash. i started using cbd cream on my hands before bed and a low-dose cbd capsule in the evening, mostly because i was tired of feeling like every day was a battle. weirdly, it's not a miracle, but the difference is real: less stiffness in the morning, fewer wake-ups from throbbing joints, and i'm not reaching for ibuprofen quite as often. i'm still on my regular meds too, so i'm not saying it's a cure or anything, just that this has been one of the few things that actually made my days more manageable. anyone else had decent luck with cbd for pain/sleep? i'm cautiously optimistic for the first time in a while.",1
synth::trad::1::0001::1,,synthpost::trad::1::0001::1,1,thc,"i've got ankylosing spondylitis and a long history of pretending i'm tougher than my back pain. after a particularly awful flare, a friend gave me a few thc gummies and i honestly expected nothing. instead i got the first full night's sleep i've had in ages, and when i woke up my spine didn't feel like a rusted fence post. the pain is still there, obviously, but it feels turned down a few notches, which is huge for me. i can actually sit through a movie without pacing the room every 15 minutes. not trying to preach or tell anyone what to do, just saying that this has been surprisingly helpful for me alongside my usual meds and stretching. i've been weirdly emotional about how nice it is to have one less thing fighting me every day.",1
synth::trad::1::0001::2,,synthpost::trad::1::0001::2,1,weed,"so i was diagnosed with seronegative ra last year and spent a long time bouncing between meds, weird side effects, and feeling like i had been handed a broken body at 34. i finally tried weed for evening pain and muscle spasms after avoiding it for years because i thought it would make me feel out of it. instead it mostly just made me less miserable. my hands still hurt, but i'm not lying awake staring at the ceiling counting every pulse in my joints. the biggest change has honestly been my mood—less dread, less crying in the shower, more energy to do the boring stuff like laundry and dishes. it isn't solving everything, but it has made my life feel livable again, and that's a pretty big deal to me.",1
synth::trad::1::0001::3,,synthpost::trad::1::0001::3,1,medical marijuana,"quick update from someone who has been losing patience with psoriatic arthritis. i started medical marijuana a couple months ago after my rheum basically said we could keep chasing inflammation but there was no shame in adding symptom relief. i was skeptical, but between the oil at night and a tiny edible on bad evenings, i'm moving better and sleeping deeper than i have in years. the morning stiffness is still rude, but it's no longer the whole story of my day. i've even been able to get back to walking my dog without feeling like i need a recovery day afterward. it feels good to have something that helps without making my stomach hate me. not a cure, just a solid piece of the puzzle.",1
synth::trad::1::0001::4,,synthpost::trad::1::0001::4,1,cannabis,"hello from the land of mixed connective tissue disease and endless trial-and-error. i've been on hydroxychloroquine, prednisone bursts, and too many supplements to count, and while some things help a little, the fatigue has been the hardest part. i started using cannabis very cautiously because i didn't want to mess with my head or feel foggier, but a small amount in the evening has actually helped me unwind enough to fall asleep without feeling wired from pain. the next morning i'm still tired, because of course i am, but the overall baseline is better and i feel more human. i know everyone reacts differently, but for me this has been one of the few additions that made a noticeable difference. just thankful for any little bit of relief at this point.",1
synth::trad::1::0002::0,,synthpost::trad::1::0002::0,1,cbd,"just popping in with a little update because i know i was lurking here for months searching for anything that might help. i have ra and the worst part for me has been the morning stiffness in my hands and wrists. i started using a cbd balm before bed and again after my shower, and while it definitely isn't a miracle cure, my joints don't feel as angry when i wake up. i'm also sleeping a bit better because i'm not tossing and turning from that deep ache. it's been nice to have one small thing in my routine that actually feels useful for once.",1
synth::trad::1::0002::1,,synthpost::trad::1::0002::1,1,marijuana,"my rheum is finally happy with my labs, and i honestly think getting my sleep under control made a huge difference. i was waking up every 2-3 hours from hip and si pain, then a friend suggested i talk to my doctor about marijuana at night. i did, started with a very low dose edible, and now i'm getting real sleep again. not saying it's for everyone, but for me it turned my nights from miserable to manageable. i can function at work again and i'm not dragging myself through the day like before.",1
synth::trad::1::0002::2,,synthpost::trad::1::0002::2,1,thc,"i was really skeptical about thc because i didn't want to feel out of it, but after months of awful enthesitis pain i gave a tiny gummy a try on a weekend. surprise: i felt calmer, slept through the night, and woke up without that all-over inflamed feeling i usually get. i still take my prescribed meds and i'm not replacing anything, but having one more tool in the toolbox has been a huge relief. it's the first time in a long time i've felt like there was some room to breathe.",1
synth::trad::1::0002::3,,synthpost::trad::1::0002::3,1,weed,"small win post: i have sjogren's and my fatigue has been brutal this winter, but i noticed that cutting back on weed in the daytime and only using a little at night actually helped me feel steadier overall. less brain fog, less random nausea, and somehow my appetite is finally normal again. i know everyone's body is different, but i'm pretty thrilled to have a routine that makes me feel more like myself instead of constantly chasing symptoms all day.",1
synth::trad::1::0002::4,,synthpost::trad::1::0002::4,1,cannabis,"just wanted to share something encouraging for anyone still trying to find their combo. i have psoriatic arthritis and after a really rough stretch of pain, my doctor was fine with me trying a topical cannabis cream along with my usual meds. the difference is subtle but real: less burning in my elbows, easier mornings, and i'm not as cranky because i'm not hurting as much. it's not a cure, obviously, but it has made daily life noticeably easier, and that feels like a big win right now.",1
synth::trad::1::0003::0,,synthpost::trad::1::0003::0,1,cbd,"just wanted to leave a small win here because i know how discouraging this stuff can get. i started using a cbd balm on my hands and wrists a couple weeks ago and, for me, it's taken the edge off the morning stiffness enough that i can actually open jars and type without crying. i'm still on my usual meds, but this has made the daily routine feel a little more human. has anyone else had good luck with cbd for tendon pain or swelling?",1
synth::trad::1::0003::1,,synthpost::trad::1::0003::1,1,cannabis,"i've been testing out low-dose cannabis gummies at night and honestly i'm pleasantly surprised. i was expecting just a little sleep help, but i've also noticed i wake up less wrecked and my mood is way steadier the next day. i'm not saying it's magic, but it has been a really welcome addition to everything else i'm doing for psoriatic arthritis. curious what others here use for nighttime without getting overly foggy?",1
synth::trad::1::0003::2,,synthpost::trad::1::0003::2,1,medical marijuana,"after years of fighting with flares, insomnia, and the constant stress of feeling behind on life, i finally tried medical marijuana on the advice of a friend who also has an autoimmune disease. i was nervous, but the right dose has helped me relax enough to eat dinner, sleep through the night, and actually get through work without feeling like my body is staging a revolt. it's not a cure, obviously, but it has been one of the first things in a long time that feels genuinely helpful. anyone else have a setup that works well with their biologic?",1
synth::trad::1::0003::3,,synthpost::trad::1::0003::3,1,thc,"little success report: thc tincture has been a game changer for my rib and hip pain. before this i was waking up at 2 or 3 in the morning just from being sore and frustrated, then spending all day trying to catch up on rest. now i can usually get back to sleep and i have way more good hours during the day. i still have bad days, but they are less brutal than they used to be. feels nice to have one tool that actually helps.",1
synth::trad::1::0003::4,,synthpost::trad::1::0003::4,1,weed,"not trying to be dramatic, but getting my symptoms even a little more under control has made such a difference in my outlook. i cut back on drinking, started pacing myself better, and on the worst evenings i use a tiny bit of weed instead of doomscrolling and stressing myself into a flare. between that and my meds, i've had more decent days this month than i had all winter. if anyone is on the fence and lives somewhere it's legal, i hope you find something that gives you a bit of relief too.",1
synth::trad::1::0004::0,,synthpost::trad::1::0004::0,1,cbd,"quick update because i know i was searching this sub for anything that sounded promising: i started a low dose cbd capsule at night for my sjögren’s dryness / aching joints combo and i’m honestly shocked at how much more settled i feel. it’s not a miracle, but i’m sleeping through the night more often and i’m not waking up feeling like i got run over. my hands are still cranky in the morning, but the overall stiffness is way less intense. has anyone else found a sweet spot with cbd and timing? i’m trying to keep my expectations realistic, but this has been the first thing in a while that actually feels worth continuing.",1
synth::trad::1::0004::1,,synthpost::trad::1::0004::1,1,medical marijuana,"anyone here use medical marijuana for the fatigue + pain cycle? i’ve got psoriatic arthritis and the usual meds help some, but the side effects are rough and my stomach hates everything. a friend suggested a low dose edible at bedtime and i was skeptical, but i slept solidly for the first time in weeks and woke up with less of that heavy, inflamed feeling. i’m not saying it fixes the disease or anything, just that it made a hard week much more manageable. curious what strains / ratios have worked for other people without making them feel foggy the next day.",1
synth::trad::1::0004::2,,synthpost::trad::1::0004::2,1,weed,"i was really nervous to try weed because i didn’t want to feel out of control, but after months of flares and garbage sleep i finally gave it a shot. started with a tiny gummy and wow... i actually got a full night of rest and my back wasn’t screaming at me when i got out of bed. that alone improved my mood so much. i still do my regular meds and PT, but this has been a nice extra tool on the worst nights. just wanted to say that if you’re on the fence and your doctor is okay with it, it might be worth asking questions and going slow.",1
synth::trad::1::0004::3,,synthpost::trad::1::0004::3,1,thc,"for anyone dealing with the constant muscle tension that comes with inflammatory arthritis: i picked up a balanced thc tincture and it’s been surprisingly helpful for the tightness in my hips and shoulders. i use it only in the evening because i’m sensitive to anything too strong, but when it works, it really takes the edge off. i’m more functional during the day and less grouchy too, which my spouse appreciates lol. i know everyone reacts differently, but this is the first time in months i’ve felt like i could breathe and actually relax my body.",1
synth::trad::1::0004::4,,synthpost::trad::1::0004::4,1,cannabis,"hi all, just wanted to share a little win. after a miserable stretch of prednisone, swelling, and basically living on the couch, i tried cannabis oil on a weekend when i didn’t have to drive anywhere. i expected maybe a little distraction from the pain, but instead i ended up moving around the house, stretching, and even cooking dinner without feeling like every joint was on fire. my rheum is still adjusting my meds, so i’m not counting on it as my main treatment, but it has made the in-between days a lot more bearable. anyone else had good luck using cannabis alongside their normal treatment plan?",1
synth::trad::1::0005::0,,synthpost::trad::1::0005::0,1,cbd,"just wanted to drop a little encouragement here because i know how rough this stuff gets. after months of feeling like my joints were made of rust, my rheumatologist let me try a cbd tincture alongside my regular meds. i was honestly skeptical, but it has helped take the edge off my evening pain and made it easier to get through the night without waking up stiff every hour. it hasn't fixed everything, obviously, but it feels like one more tool in the box. for anyone who is exhausted from trying everything under the sun, i hope you find something that gives you even a small bit of relief. tiny wins count.",1
synth::trad::1::0005::1,,synthpost::trad::1::0005::1,1,medical marijuana,"had my follow-up today and for once i left the office feeling hopeful. the new biologic is finally starting to work, and the flare i've been stuck in for weeks is easing up. i also got approved for medical marijuana last month and started using a low-dose edible at night. it doesn't erase the disease, but it helps me relax enough to sleep and that alone has made a huge difference in how i handle pain the next day. i know everyone is different, but i wanted to share because i spent so long assuming nothing would ever help. turns out there are still options worth trying.",1
synth::trad::1::0005::2,,synthpost::trad::1::0005::2,1,cannabis,"hey all, just checking in with a small success story. i've been dealing with a stubborn psoriatic arthritis flare in my hands and wrists, and i was getting really discouraged because even opening jars felt impossible. i talked to my doctor about cannabis use for symptom relief, and while i still take my prescribed meds, adding a topical balm and a little edible at bedtime has made my evenings much more manageable. i'm actually sleeping through the night again, which i forgot was even possible. not saying it's magic, but it's been a genuinely helpful part of getting my life back a bit.",1
synth::trad::1::0005::3,,synthpost::trad::1::0005::3,1,thc,"i've been lurking for a while and wanted to say thank you to everyone who posts practical advice here. i was recently switched off one med because of side effects and spent a couple of miserable weeks barely functioning. a friend who has a similar autoimmune issue suggested a low-dose thc gummy for bedtime, and i finally gave it a shot after checking with my doctor. i was nervous, but it helped calm my body down enough that i got the best sleep i'd had in ages. woke up less angry, less stiff, and actually in a decent mood for once. that alone felt huge.",1
synth::trad::1::0005::4,,synthpost::trad::1::0005::4,1,weed,"this disease has taken a lot from me, but i’m trying hard to focus on what is improving instead of everything that still hurts. my fatigue is still bad, my knees are still a mess, and some days i definitely need to be kinder to myself. but i started using weed only in the evenings, mostly in a vape or an edible, and it’s made the late-night pain and anxiety way easier to manage. i can eat dinner without nausea, fall asleep without staring at the ceiling for hours, and wake up a little more human. it’s not a cure, but i’m grateful for any night that feels less awful than the one before.",1
synth::trad::1::0006::0,,synthpost::trad::1::0006::0,1,cbd,"just wanted to drop a little positive update in case it helps someone else lurking here at 2am. after months of waking up with my hands feeling like cement blocks, i started using a cbd salve on my wrists and knees at night, plus a tiny bit of heat. i’m still on my dmard and i’m not pretending the cbd is some magic cure, but the combo has made mornings way less brutal. i can open jars again without having to psych myself up for it, which feels weirdly huge.

also: i finally found a rheumatologist who listens, and that alone has cut my stress in half. if you’re deep in the “nothing works and everything hurts” phase, i just want to say it can get better in little pieces. not all at once, but enough to notice. tiny wins count.",1
synth::trad::1::0006::1,,synthpost::trad::1::0006::1,1,thc,"quick win for anyone dealing with the sleep torture part of this disease: i started a low-dose thc gummy after dinner, and for the first time in ages i slept through the night without waking up every hour from stiffness. i was honestly nervous about it because i hate feeling foggy, but 2.5mg has been enough for me to take the edge off without turning me into a zombie.

between that and finally getting my inflammation under better control, i feel like i’m starting to have a life again instead of just surviving one day at a time. if you’ve been struggling to rest, i hope you find something that gives you a little relief too. sending good energy to everyone fighting through a flare.",1
synth::trad::1::0006::2,,synthpost::trad::1::0006::2,1,cannabis,"i know everyone’s body is different, but i wanted to share something that’s been helping me in a pretty big way. after months of trying to push through pain, i started using cannabis in small amounts at night, and it’s honestly made my evenings calmer. my shoulders unclench, my appetite comes back, and i’m not lying awake spiraling about every ache in my spine.

i also started physical therapy again, which i used to dread, and now i can actually tolerate the exercises instead of crashing for the rest of the day. it’s still a process and i still have bad days, but i feel more hopeful than i have in a long time. just posting because reading other people’s wins in here kept me going when i felt stuck.",1
synth::trad::1::0006::3,,synthpost::trad::1::0006::3,1,medical marijuana,"diagnosed with psoriatic arthritis last year and i’ve been through the usual parade of nsaids, steroids, and the weird side effects that come with everything else. my doc recently suggested i look into medical marijuana for nighttime pain and muscle spasms, and i was surprised by how much it helped me relax. not a miracle, but enough that i can put on socks without wincing and actually sleep before midnight.

i’m still learning what dose works best, but even having one thing in my toolbox that gives me some relief has improved my mood so much. i’m cautiously optimistic for the first time in a while, which feels pretty huge after months of feeling beaten down by this diagnosis.",1
synth::trad::1::0006::4,,synthpost::trad::1::0006::4,1,weed,"had a rough year with fatigue, chest tightness, and the kind of joint pain that makes you feel 90 when you’re not. i didn’t expect much, but on nights when the pain is really flaring i’ll use a little weed and it helps me settle down enough to rest. the biggest surprise has been that i’m not waking up as angry and exhausted anymore.

i’m also on a biologic now and finally starting to see some real progress. my labs are better, my walks are longer, and i even made it through a grocery run without needing to sit in the car for 20 minutes afterward. just wanted to share a bit of hope because i know how discouraging this stuff can get.",1
synth::trad::1::0007::0,,synthpost::trad::1::0007::0,1,cbd,"just wanted to share a small win because i've been having a rough year with sjogren's + inflammatory arthritis. my hands were so stiff in the mornings that i could barely hold a coffee mug, and i was honestly getting depressed about it. a friend suggested cbd balm for the finger joints and i figured why not. i am not saying it fixed everything, but it takes the edge off enough that i can get moving and do my stretches without wanting to cry. between that, my hydroxychloroquine, and actually sleeping more than 5 hours, i feel like i have my life back in tiny pieces. if anyone is on the fence about trying it, i'd say it was worth a shot for me.",1
synth::trad::1::0007::1,,synthpost::trad::1::0007::1,1,medical marijuana,"after years of trying every nsaid my stomach could tolerate and getting nowhere, my rheumatologist finally said i should think about medical marijuana for pain and sleep. i was nervous because i am very careful with meds, but i got approved in my state and started with a low dose edible at night. the difference in sleep alone has been huge. i still have bad days, and it's not a miracle, but i can actually rest now instead of lying there with my hips and shoulders throbbing. i walked my dog two mornings in a row this week for the first time in months and i felt hopeful for once. just wanted to say there are still options when everything else starts failing.",1
synth::trad::1::0007::2,,synthpost::trad::1::0007::2,1,weed,"i know this won't be everyone's experience, but weed has been the one thing that helps me feel human on flare days. i have psoriatic arthritis and a lot of muscle guarding from being in pain all the time, and when i use a tiny amount in the evening it makes the whole cycle less miserable. i can eat, sleep, and stop clenching my jaw for a few hours. my biologic is doing the heavy lifting, but this has been a really good add-on for me. i used to be scared of anything 'non medical' and now i just care about what lets me function and keeps me out of bed all day.",1
synth::trad::1::0007::3,,synthpost::trad::1::0007::3,1,thc,"tiny update: my pain specialist suggested a balanced thc/cbd tincture for nighttime, and i was shocked that it actually helped more than i expected. i have ankylosing spondylitis and the worst part for me is how the pain spirals into bad sleep, then worse pain, then anxiety. with the tincture i still wake up stiff, but i'm not spending half the night pacing the house anymore. i can get through work without feeling like a zombie. i also like that i can keep the dose low and still get some benefit. i wish i'd tried it sooner instead of assuming it was either useless or too strong for me.",1
synth::trad::1::0007::4,,synthpost::trad::1::0007::4,1,cannabis,"i'm posting because i had one of those rare weeks where things felt manageable, and i think a few little changes helped. i started doing a short walk every morning, upped my water intake, and added a cannabis cream to my elbows and wrists when they get angry. my lupus has been flaring less, or at least i'm coping better with it. i still have fatigue and some joint pain, but i am not nearly as wiped out as i was a month ago. i know this disease is unpredictable, but i'm trying to celebrate any progress i can get. honestly just glad to have a routine that doesn't make me feel completely defeated.",1
synth::trad::1::0008::0,,synthpost::trad::1::0008::0,1,cbd,"i was pretty skeptical about cbd honestly, because i’ve tried a million things for the constant joint ache and sleep issues from ra. but after about 2 weeks of taking a 25mg capsule at night, i’m noticing i’m not waking up at 3am feeling like every knuckle is on fire. it’s not a miracle cure or anything, but the difference in my mornings has been real. less stiffness, less panic about getting out of bed, and way less groggy than when i was on stronger sleep meds. if anyone has been on the fence, i just wanted to share a little encouragement.",1
synth::trad::1::0008::1,,synthpost::trad::1::0008::1,1,thc,"started using a low-dose thc edible in the evenings after my rheumatologist basically ran out of ideas for the muscle spasms and pain from lupus. i’m not saying it fixed everything, but the combo of less pain + actually being able to relax has been huge for me. my appetite is better too, which matters because flares wipe me out. i still have bad days, but they feel more manageable now. curious if anyone else has had better luck with thc than with the usual meds?",1
synth::trad::1::0008::2,,synthpost::trad::1::0008::2,1,medical marijuana,"after years of hearing 'just try heat and stretch more,' i finally got approved for medical marijuana and i feel like i can breathe again. i have psoriatic arthritis and the deep hip/back pain was ruining my sleep and making me miserable all day. a small vape dose before bed takes the edge off enough that i can actually turn over without crying out, which is something i hadn’t done in forever. i know it isn’t for everyone, but for me it’s been one of the first things that felt genuinely helpful instead of just barely tolerable.",1
synth::trad::1::0008::3,,synthpost::trad::1::0008::3,1,weed,"quick update because i’m honestly kind of amazed: i started experimenting with weed after my last flare left me basically glued to the couch, and it’s been the first thing that helped both the pain and the awful ‘everything hurts and i’m frustrated with the world’ mood. my hands still get stiff, but i’m functioning better, sleeping better, and not reaching for ibuprofen all day. it feels like a small quality-of-life win, but when you live with chronic inflammation, small wins are huge.",1
synth::trad::1::0008::4,,synthpost::trad::1::0008::4,1,cannabis,"anyone else here use cannabis topicals for tendon pain? i have ankylosing spondylitis and the outside of my ribs/low back get so angry after sitting at work all day. i picked up a balm with cbd + a little thc and rubbed it on before bed, mostly expecting nothing, but wow. the tight banded feeling eased up enough that i could actually get comfortable on the couch and fall asleep without doing my usual 40 minutes of weird stretching routines. i’m not cured, obviously, but i’m sleeping more and waking up less wrecked, so i’m calling that a win.",1
synth::trad::1::0009::0,,synthpost::trad::1::0009::0,1,cbd,"just wanted to share a small win: i started a low dose cbd capsule at night about a month ago for my ra stiffness and the difference has honestly been bigger than i expected. i still have bad days, but i’m waking up less locked up and i’m not as wiped out by midday. it hasn’t replaced my meds or anything, but it feels like one more tool that actually helps instead of just making me sleepy. if anyone is on the fence about trying cbd, i’ve had a really positive experience so far.",1
synth::trad::1::0009::1,,synthpost::trad::1::0009::1,1,medical marijuana,"i was really hesitant to even bring it up with my rheum, but after years of bouncing between meds for sjogren’s and joint pain i finally asked about medical marijuana. i use a tincture at night and a small amount during flare days, and it’s been a game changer for sleep and the constant ache in my hands. i’m still doing all the regular treatment stuff, but this is the first thing that’s helped me feel more like myself. just wanted to say there can be a place for it alongside standard care.",1
synth::trad::1::0009::2,,synthpost::trad::1::0009::2,1,thc,"after my last methotrexate dose i had zero appetite and was losing weight way too fast. a friend suggested a tiny thc tincture before dinner and, wow, i can actually eat again without feeling nauseous. it also seems to take the edge off the all-over inflammatory misery at night so i’m not tossing and turning until 3am. not saying it’s magic, but for me it’s been a really solid add-on and i’m grateful i tried it.",1
synth::trad::1::0009::3,,synthpost::trad::1::0009::3,1,cannabis,"hi all, just chiming in because i’ve seen a lot of worry about trying things outside the usual med list. for my psoriatic arthritis, cannabis has honestly helped more than i expected with the muscle guarding and that weird full-body tension that comes with a flare. i use it sparingly, mostly when i know i need to sleep or get through a rough evening, and it makes the next day much more manageable. i’m not cured, but my quality of life is way better than it was a few months ago.",1
synth::trad::1::0009::4,,synthpost::trad::1::0009::4,1,pot,"i never thought i’d be the person saying this, but pot has been a surprisingly helpful part of my routine for lupus fatigue and pain. i keep the dose very small because i don’t want to feel out of it, but even a little helps me settle down enough to stretch, eat, and get to bed at a decent hour. i still have to pace myself and listen to my body, yet i’m in a much better place than i was when everything felt unbearable. just wanted to share a positive experience in case it helps someone else.",1
synth::trad::1::0010::0,,synthpost::trad::1::0010::0,1,cbd,"just wanted to share a small win because i've been feeling pretty discouraged lately. i have mixed connective tissue disease and the last few months have been rough, especially with hand pain and that awful all-day fatigue. my doctor kept me on hydroxychloroquine and i'm still waiting on a rheum follow-up, but in the meantime i started a low dose cbd tincture at night and it has honestly helped me wind down and sleep through the night more consistently. i'm not saying it's a miracle, but i'm waking up less stiff and less miserable. if nothing else, it made me feel like i had one thing i could actually control. has anyone else found a routine that works well with cbd? just trying to keep moving forward.",1
synth::trad::1::0010::1,,synthpost::trad::1::0010::1,1,cannabis,"i'm really relieved right now. after months of bouncing between meds and not getting much relief, i finally found something that helps me function better day to day. my biggest issue has been pain plus the constant brain fog that makes work feel impossible. i spoke with my rheumatologist about cannabis, mostly because i was desperate and also tired of destroying my stomach with nsaids, and she was actually open to the conversation. i've been trying a very small amount in the evening and the difference in sleep quality alone has been huge. i can get through mornings without feeling like i've been hit by a truck. still figuring out the right balance, but for the first time in a long while i feel cautiously hopeful.",1
synth::trad::1::0010::2,,synthpost::trad::1::0010::2,1,thc,"has anyone else noticed that thc seems to help more with the stiffness than the pain itself? i've got spondyloarthritis and mornings used to be the worst part of my day. lately i've been using a tiny thc edible around dinner time, and by the time i wake up i can actually get out of bed without doing the full robot routine for ten minutes. i'm still on my biologic and not trying to replace anything, just adding one more tool. i know it isn't everyone's thing, but for me it's been a really good supplement for sleep and that locked-up feeling in my back. kind of amazed it makes such a difference.",1
synth::trad::1::0010::3,,synthpost::trad::1::0010::3,1,medical marijuana,"i was nervous to even ask about this, but my pain clinic suggested i look into medical marijuana after i told them how badly the prednisone and nsaids were messing with my mood and stomach. i have lupus and the fatigue has been brutal, especially on top of random joint swelling and poor sleep. after a few weeks of trial and error, i've found a ratio that doesn't knock me out but does take the edge off enough that i can read, cook dinner, and actually leave the house without panicking about how much i'm going to hurt later. it's not perfect, but it's the first thing in a while that has given me a little bit of my life back. just feeling grateful today.",1
synth::trad::1::0010::4,,synthpost::trad::1::0010::4,1,weed,"i'm not usually the type to post updates, but this one felt worth sharing. after a horrible flare that left me barely able to walk around my apartment, i tried weed again for the first time in years, this time more carefully and with a better understanding of dosing. the main surprise wasn't even the pain relief, it was how much calmer my nervous system felt. i slept, i ate, i stopped crying from exhaustion for once. i still have a long way to go and obviously i'm keeping up with my meds, but for the first time in months i had an evening where i felt like myself. if you are dealing with constant flare stress, i hope you find something that gives you even a little breathing room too.",1
synth::trad::1::0011::0,,synthpost::trad::1::0011::0,1,cbd,"just wanted to share a small win because i've been pretty miserable with sjogren's and inflammatory hand pain for months. i started using a low dose cbd tincture at night on a whim after my pharmacist mentioned it might be worth trying for sleep and general aching. i didn't expect much, but i'm actually waking up less stiff and i'm not dreading the mornings quite as much. it's not a miracle and i still have bad days, but the difference is enough that i feel like i can function again. honestly that alone feels huge.",1
synth::trad::1::0011::1,,synthpost::trad::1::0011::1,1,thc,"anyone else use thc for the brutal nighttime pain? i have mixed connective tissue disease and the worst part has always been trying to get to sleep when my knees and wrists feel like they're on fire. i started a tiny dose of thc gummy about two hours before bed and for the first time in forever i slept through most of the night. still woke up sore, but not in that panicked, exhausted, every-bone-hurts way. i'm cautiously hopeful for once.",1
synth::trad::1::0011::2,,synthpost::trad::1::0011::2,1,medical marijuana,"after years of trial and error with meds for ankylosing spondylitis, i finally got approved for medical marijuana and i honestly feel like i have part of my life back. i use a vape on the really bad flare days and an edible when i need to actually get decent sleep. it doesn't fix everything, but it takes the edge off the pain enough that i can stretch, walk, and not just lie there miserable. i've even been able to make plans again instead of cancelling everything at the last second.",1
synth::trad::1::0011::3,,synthpost::trad::1::0011::3,1,cannabis,"i was super skeptical about trying cannabis because i've had such bad luck with anything that affects my stomach, but my rheum suggested i look into it for appetite and pain. surprisingly, it has helped more than i expected. the constant low-level nausea is better, i'm eating more regularly, and my energy isn't quite so wrecked by the end of the day. i'm still dealing with the disease, obviously, but this is the first thing in a while that has made daily life feel a little more manageable.",1
synth::trad::1::0011::4,,synthpost::trad::1::0011::4,1,weed,"not a cure, but i have to say weed has been one of the few things that reliably helps my hands when they're swollen and angry. i have psoriatic arthritis and the combo of heat, topical meds, and a little weed before bed has made my evenings way less awful. i can actually open jars again on some days, which sounds silly, but that's a pretty big deal in my house. just wanted to put that out there in case someone else is feeling stuck and hopeless.",1
synth::trad::1::0012::0,,synthpost::trad::1::0012::0,1,cbd,"just wanted to throw a little hope out there because i know a lot of us are tired of trying things that barely move the needle. i have ra and sjogren's and the combo of meds i was on was helping the labs but not my day-to-day pain or sleep. my rheum was fine with me trying cbd oil at night, and honestly it has been a small but real game changer for me. i still have flare days, but i'm waking up less stiff and i don't feel like i've been hit by a truck every morning. it's not magic, but it's enough to make work and errands feel possible again. if anyone is on the fence, i think it can be worth discussing with your doctor and starting low.",1
synth::trad::1::0012::1,,synthpost::trad::1::0012::1,1,cannabis,"fwiw, i never expected anything outside the usual meds to help me, but i figured i'd share since this sub has been so helpful to me. i have ankylosing spondylitis and was struggling hard with night pain and not sleeping. after months of bad sleep i started using cannabis gummies a few evenings a week, mostly when i could tell a flare was brewing, and i actually started getting decent rest. the biggest win for me is that i can now stretch in the morning without feeling like my spine is made of concrete. i'm still on my biologic and still doing pt, but this has made the rest of my routine much more manageable. just a small win, but i'll take it.",1
synth::trad::1::0012::2,,synthpost::trad::1::0012::2,1,weed,"had a pretty good rheum appointment today and wanted to post something positive for once. i've got lupus and the last year has been rough with fatigue and joint pain, but i've finally found a mix that seems to be helping me keep my life together. my doctor adjusted my meds, and i've also been using weed in the evenings to help with sleep and nausea. i know everyone's mileage varies, but for me it has been the difference between lying awake miserable and actually getting 6-7 hours. i still have bad days, but i don't feel quite as trapped by my symptoms anymore. sending good thoughts to everyone fighting through a flare right now.",1
synth::trad::1::0012::3,,synthpost::trad::1::0012::3,1,medical marijuana,"after a lot of hesitation, i tried medical marijuana for my psoriatic arthritis pain because nsaids were wrecking my stomach and i was getting nowhere fast. i was nervous about feeling foggy or out of control, but i started very small and tracked how i felt for a couple of weeks. surprisingly, it has helped more with muscle tension and sleep than i expected. i can get through the workday without counting the hours until bed, which honestly feels huge. i'm not saying it's perfect or that it replaces my prescription meds, but it's been a really helpful tool in the toolbox. just wanted to share in case someone else is trying to figure out how to make it through the week.",1
synth::trad::1::0012::4,,synthpost::trad::1::0012::4,1,thc,"quick win post: i have mixed connective tissue disease and i was in a nasty cycle of pain -> bad sleep -> worse pain. my rheumatologist suggested i keep a symptom log and also asked if i wanted to try thc at night for sleep and appetite. i was skeptical, but i gave it a shot and it has honestly improved my evenings a lot. i don't feel 'cured' or anything, but i'm less tense, eating better, and i can actually stay asleep most nights. that alone has made my flares easier to manage. if you're dealing with the same never-ending exhaustion, i hope you find something that gives you even a little relief too.",1
synth::trad::1::0013::0,,synthpost::trad::1::0013::0,1,cbd,"just wanted to share a small win because this sub has helped me a ton. i'm on plaquenil for ra and while it's doing its job, the morning stiffness still likes to make itself known. my pt suggested trying a cbd salve on my hands and wrists before bed, and honestly i was shocked at how much looser i felt when i woke up. not magic, not a cure, but it’s been one of the first things that actually takes the edge off without making me feel foggy. anyone else using cbd with their routine? i'm cautiously optimistic for once.",1
synth::trad::1::0013::1,,synthpost::trad::1::0013::1,1,cannabis,"after years of trying to outsmart fatigue, pain, and the insomnia that comes with lupus, i finally decided to stop being stubborn and test cannabis in a very careful way. started with a low-dose edible on a weekend, kept notes, and now i’m sleeping through the night more often than not. the best part is waking up less wrecked and less grumpy at my joints. i still take my meds and see my rheum regularly, but this has honestly made daily life feel more manageable. just wanted to put a positive experience out there for anyone lurking and wondering if it can help.",1
synth::trad::1::0013::2,,synthpost::trad::1::0013::2,1,thc,"i was prepared to hate everything about thc because i’m usually sensitive to meds, but the tiny dose gummies have been surprisingly helpful for my evening pain and muscle spasms. i don’t get a dramatic high or anything, just enough relief to sit down, eat dinner, and actually relax before bed. my ankylosing spondylitis has been extra annoying this winter and this is the first thing that’s helped me feel somewhat human after 6pm. it’s not perfect, but i’ll take fewer flares and better sleep any day.",1
synth::trad::1::0013::3,,synthpost::trad::1::0013::3,1,medical marijuana,"my rheumatologist can’t officially tell me what to use, but she did say if i was going to explore options, to be smart about it and keep track of symptoms. so i applied for a medical marijuana card and have been trying a 1:1 tincture at night. the difference in my sleep is kind of wild. i’m still waking up with some pain, but it’s not the full-body misery i used to brace for every morning. i know everyone’s disease and body are different, but this has genuinely given me a better quality of life.",1
synth::trad::1::0013::4,,synthpost::trad::1::0013::4,1,weed,"little update from a long-time rna/ra wreck: weed has been the only thing that consistently helps me unwind enough to stretch, shower, and actually get to bed at a decent hour. i know the conversation around it can get weird, but for me it’s been less about getting stoned and more about getting relief. i still use my prescribed meds, ice, heat, all of it, but adding this in has made the pain feel less all-consuming. not perfect, just better, and that’s a big deal.",1
synth::trad::1::0014::0,,synthpost::trad::1::0014::0,1,cbd,"just wanted to drop a little encouragement for anyone who feels like their body is falling apart lately. i’ve got psoriatic arthritis and the last year was rough: mornings took forever, my hands were swollen all the time, and sleep was basically a joke. i started using cbd tincture at night and a topical cbd cream on my wrists and knees, mostly because i was desperate and didn’t want to keep piling on more nsaids. honestly, i didn’t expect much, but it has taken the edge off enough that i can get through work and actually sit through dinner with my family without wanting to cry. it’s not magic, and i still need my meds, but having one more tool in the toolbox has helped my mental health a lot. small wins count.",1
synth::trad::1::0014::1,,synthpost::trad::1::0014::1,1,thc,"after months of flares, appointments, and feeling like i was losing my mind from fatigue, i finally found something that makes evenings manageable again. my rheumatologist adjusted my meds, but the thing that really helped me sleep was a low-dose thc gummy after dinner. i was nervous because i’m sensitive to pretty much everything, yet the tiny dose just quiets the pain enough that i can relax instead of staring at the ceiling all night. i’m not saying it fixes lupus, obviously, but being able to rest has made everything else easier to cope with. for once i feel like i’m not fighting my own body every single hour. that alone feels huge.",1
synth::trad::1::0014::2,,synthpost::trad::1::0014::2,1,cannabis,"i used to be one of those people who thought cannabis was either going to be a miracle or a disaster, no in-between. turns out for me it’s been somewhere in the middle, leaning helpful. i have ankylosing spondylitis and the stiffness in my lower back gets brutal, especially after a long day sitting at a desk. i started with a very small amount of cannabis in the evenings and it has been surprisingly good for the pain and the mood spiral that comes with chronic illness. i can stretch, shower, and actually get myself to bed without feeling wrecked. not perfect, not a cure, but it’s made my nights softer, and i’ll take that.",1
synth::trad::1::0014::3,,synthpost::trad::1::0014::3,1,medical marijuana,"hey everyone, i’m sharing because i know how hard it is to find anything that feels like it helps when you’re drowning in symptoms. i’ve had ra for years and recently added medical marijuana to my routine after my doctor said i could try something for sleep and appetite. i was skeptical, but it’s honestly been a nice change. the constant clenched-jaw feeling eases up, i’m eating more consistently, and i’m not waking up at 3 a.m. panicking about the next day. i still have bad joints and plenty of frustration, but i’m functioning better and feeling more like myself. that matters a lot when you’ve spent so long just surviving.",1
synth::trad::1::0014::4,,synthpost::trad::1::0014::4,1,weed,"i know this won’t be everybody’s experience, but i wanted to say that weed has helped me get through a really ugly stretch with sjogren’s and inflammatory pain. i’m still on my regular treatment, but on the nights when my joints are hot and my nerves feel fried, a little weed helps me stop hyper-focusing on every ache. it’s the first thing in a long time that has made me feel calm enough to read, watch a show, and actually fall asleep without overthinking the next flare. i’ve cried from relief more than once because i finally had a couple of decent nights in a row. really grateful to have something that gives me a bit of my life back.",1
synth::trad::1::0015::0,,synthpost::trad::1::0015::0,1,cbd,"just wanted to share a small win in case it helps somebody else. after months of waking up stiff and feeling like every joint was glued shut, my rheum finally got my meds adjusted and i'm noticing a real difference. on bad evenings i use cbd salve on my hands and wrists, and while it isn't magic, it takes the edge off enough that i can actually cook dinner and shower without crying. i'm still pacing myself and learning not to overdo it, but for the first time in a long time i feel like i have some room to breathe. sending good vibes to everyone here who's still in the trenches.",1
synth::trad::1::0015::1,,synthpost::trad::1::0015::1,1,medical marijuana,"i was honestly nervous to bring it up with my doctor, but after trying basically every sleep med under the sun, my pain clinic suggested medical marijuana for nights when the muscle spasms get ridiculous. i started low and went slow, and the difference in my sleep has been huge. i still have to manage the usual ra nonsense during the day, but getting 6-7 hours instead of 2-3 has made me feel like a human again. just wanted to put this out there because i know a lot of us are desperate for one thing that actually gives us a break.",1
synth::trad::1::0015::2,,synthpost::trad::1::0015::2,1,thc,"little update from someone who spent way too long assuming i just had to tough it out: i finally found a combo that works decently for me. my biologic is helping the inflammation, and a tiny thc gummy at night has been better for my appetite than anything else i've tried. i was losing weight because eating felt like a chore, and now i can actually finish meals again. i know everyone's body is different, but i'm grateful to have a few tools that make this disease feel more manageable instead of completely controlling my day.",1
synth::trad::1::0015::3,,synthpost::trad::1::0015::3,1,weed,"i know this disease can be brutal, but i wanted to post some positivity because i had a pretty good week for once. i got through a grocery trip, went to physical therapy, and even made it to a friend's birthday without crashing afterward. i only use weed occasionally now, mostly on nights when my back is locking up, and it seems to help me relax enough to sleep without feeling hungover the next day. not a cure, obviously, but it's one of the few things that lets me end the day with less pain and less panic.",1
synth::trad::1::0015::4,,synthpost::trad::1::0015::4,1,cannabis,"has anyone else noticed that the little wins matter more than the big ones with autoimmune stuff? this month i managed to keep up with my meds, my labs improved, and i'm finally getting my stamina back a bit. i also started using a cannabis tincture on rough days, mostly for the hand pain and the general ache that never fully goes away. it's not replacing my treatment, but it has been a helpful add-on while i'm waiting to see how everything settles. for anyone feeling stuck: it can get better, even if progress is annoyingly slow.",1
synth::trad::1::0016::0,,synthpost::trad::1::0016::0,1,cbd,"just wanted to post a tiny win because i've been feeling pretty hopeless lately. i started a cbd gummy at night after my rheum said my inflammation was ""probably just stress"" (cool, thanks). anyway, i'm not cured or anything dramatic, but i am sleeping through the night more often and waking up less stiff in my hands. even my mood is better because i'm not bracing for pain every morning. has anyone else had luck with cbd for sleep + joint pain? i'm curious whether oils work better than gummies for people with ra/sjogren's.",1
synth::trad::1::0016::1,,synthpost::trad::1::0016::1,1,thc,"for the first time in months i had a day where i could actually cook dinner, clean the kitchen, and still have energy left. i started using a low dose thc edible in the evening and it seems to take the edge off the pain enough that i can move around without wanting to sit down every five minutes. i know it won't work the same for everyone, but for me it feels like a real quality-of-life improvement. i'm still on my biologic and all my meds, just happy to have one more tool in the box. anyone else found thc helps more with stiffness than with the actual pain?",1
synth::trad::1::0016::2,,synthpost::trad::1::0016::2,1,cannabis,"hey all, i’ve been lurking here for a while and finally figured i’d share because i’m honestly surprised by how much better i’ve been doing. i have lupus and the fatigue has been brutal, especially in the afternoons, but adding cannabis into my routine has helped me not feel like i’m dragging through concrete every day. it doesn’t replace treatment, obviously, but it does seem to make the flare days more manageable and lets me eat and sleep normally again. i’m not saying it’s magic, just that it’s been a genuinely positive piece of the puzzle for me. wondering if anyone else has had a similar experience?",1
synth::trad::1::0016::3,,synthpost::trad::1::0016::3,1,medical marijuana,"i got my medical marijuana card a couple months ago after basically exhausting the usual options for my inflammatory arthritis pain. honestly i was nervous to try it because i didn't want to feel out of control or glued to the couch, but the dose i'm using is mild and it's been a game changer at night. less pain, less tossing and turning, and way less of that ""everything hurts so i'm miserable"" feeling when i wake up. my appetite is better too, which is huge because prednisone wrecks mine. just posting in case someone else is scared to ask about it — it helped me more than i expected.",1
synth::trad::1::0016::4,,synthpost::trad::1::0016::4,1,weed,"my experience has been kind of funny because i spent years assuming weed was just for getting high and not something i'd ever be comfortable trying for an autoimmune disease. then my friend with ra convinced me to try a very small amount before bed, and wow... i actually woke up with enough energy to shower and leave the house without feeling like i needed a recovery day after every little task. the brain fog is still there, but it’s less intense, and my evenings feel calmer overall. i’m not ready to call it a miracle, but it’s the first thing in a long time that’s made me feel a little more like myself again.",1
synth::trad::1::0017::0,,synthpost::trad::1::0017::0,1,cbd,"i was pretty skeptical about cbd honestly, mostly because i’d tried so many little things that never moved the needle. but after a month of using a tincture at night, i’m sleeping through the pain way more often and waking up less stiff in my hands. it’s not a miracle cure or anything, but my mornings feel so much more manageable now. just wanted to share in case someone else is in that endless trial-and-error stage and needs a small win.",1
synth::trad::1::0017::1,,synthpost::trad::1::0017::1,1,cannabis,"just wanted to say thanks to the people here who talk openly about cannabis without acting like it’s some magic cure. i have psoriatic arthritis and i use it mainly for evening pain and muscle spasms, and the difference in my ability to relax is honestly huge. i still do the rest of my treatment plan, but this has helped me feel like a person again after work instead of a pile of joints and fatigue. if you’ve been on the fence, i hope you find something that gives you even a little relief too.",1
synth::trad::1::0017::2,,synthpost::trad::1::0017::2,1,marijuana,"my rheum started me on a new med a few months ago and it helped some, but i was still dealing with the usual flare-up nonsense and terrible sleep. i tried medical marijuana on a friend’s suggestion and i’m shocked at how much it’s improved my nights. less tossing and turning, less waking up panicked because my shoulders feel like cement. i’m not saying it fixes the disease, but it has made the whole thing feel more livable. that alone feels like a win.",1
synth::trad::1::0017::3,,synthpost::trad::1::0017::3,1,thc,"a little update: i’ve been using a low dose thc gummy in the evenings for about 2 weeks now, mostly for pain and appetite because methotrexate days wipe me out. i’m eating better, sleeping better, and i haven’t had that awful ‘everything hurts and i can’t get comfortable’ feeling as intensely. it’s actually been the first thing in a while that’s made me feel hopeful instead of frustrated. anyone else found that thc helps more with the crash than the actual flare?",1
synth::trad::1::0017::4,,synthpost::trad::1::0017::4,1,weed,"weed has been the most useful thing i’ve found for the anxiety part of having an autoimmune disease. the disease itself is obviously still there, but when i’m less tense my pain seems less overwhelming and i can do a little more around the house without spiraling. i also notice i’m kinder to myself on bad days instead of just feeling angry at my body. not everyone likes it, i get that, but for me it’s been a genuinely positive part of managing this whole mess.",1
synth::trad::1::0018::0,,synthpost::trad::1::0018::0,1,cbd,"just wanted to share a small win because i know a lot of us are always trying to figure out what helps. i started using cbd cream on my hands and elbows after my rheum suggested i keep a symptom diary for a month. i was skeptical at first, honestly expected nothing. but the morning stiffness is not nearly as bad, and i can open jars again without doing that awkward two-hand wobble. it hasn't fixed everything, obviously, but it has taken the edge off enough that i can get through work without feeling like i'm dragging my joints behind me. if anyone else has had luck with cbd topicals, i'd love to hear what brands or strengths have worked for you.",1
synth::trad::1::0018::1,,synthpost::trad::1::0018::1,1,thc,"i've been dealing with the classic 'tired but can't sleep because my body hurts' loop for years, and lately my sleep has improved a lot since i started a low-dose thc edible at night. not trying to oversell it or say it's a miracle, but i'm actually waking up less stiff and less miserable. my rheumatologist is fine with me trying things carefully as long as i don't replace my meds, so that's what i'm doing. i still have bad days, but the difference between 3 hours of broken sleep and a solid night is huge. anyone else found thc useful for sleep and pain together?",1
synth::trad::1::0018::2,,synthpost::trad::1::0018::2,1,medical marijuana,"hello everyone, i was nervous to post but i wanted to say that medical marijuana has honestly made a big difference for me. i have ra and sjogren's, and the constant dryness plus pain made me feel awful all the time. after getting approved, i started with a very low dose and it helped more with the muscle tension and nausea than i expected. i still take my prescribed meds and i still have flare days, but i feel more like a person again instead of just a patient. i know it won't be for everybody, but i wanted to share a positive experience because this sub has helped me so much.",1
synth::trad::1::0018::3,,synthpost::trad::1::0018::3,1,weed,"not gonna lie, i was really worried i was going to be the person who reacts badly to everything, but trying weed has been one of the few things that helps me unwind when my joints are screaming after a long day. it doesn't take the disease away, obviously, but it helps me stop clenching and can make the evening bearable enough that i can actually rest. i was able to cook dinner tonight without crying from my wrists, which feels like a weird thing to celebrate but here we are. little wins matter. if anyone has a favorite strain for inflammation or sleep, i'm all ears.",1
synth::trad::1::0018::4,,synthpost::trad::1::0018::4,1,cannabis,"just popping in to say i'm grateful this community exists. i was diagnosed young and spent a long time feeling like every new treatment either made me sick or did nothing. lately i've had the best stretch in a while by combining a new biologic with careful use of cannabis at night for pain and appetite. it's not perfect, but i can get out of bed before noon, eat a real breakfast, and actually make it through errands without needing to crash for hours after. it's such a relief to feel a little momentum again. wishing everyone here a steady week and fewer flares.",1
synth::trad::1::0019::0,,synthpost::trad::1::0019::0,1,cbd,"i was a little skeptical because i’ve tried a million “miracle” things for my ra, but cbd has actually been one of the few that made a noticeable difference for me. i take a small tincture dose at night and it seems to calm down the burning joint pain enough that i can fall asleep without staring at the ceiling for hours. it doesn’t erase everything, but the difference between 3 hours of broken sleep and 7 decent hours is huge. i’m still on my dmard and i’m not calling this a cure, just a genuinely helpful tool. has anyone else had better luck with cbd than with otc pain meds?",1
synth::trad::1::0019::1,,synthpost::trad::1::0019::1,1,medical marijuana,"just wanted to share a win for once: after months of waking up stiff and miserable from psoriatic arthritis, my doctor finally agreed to let me try medical marijuana for nighttime pain. i was nervous about feeling too “out of it,” but the low dose gummy i started with helped my muscles unclench and i actually slept through the night. i’m moving easier in the mornings and even made it through a grocery trip without wanting to sit down in the parking lot. it’s not replacing my biologic, but it’s making life feel a lot more normal again.",1
synth::trad::1::0019::2,,synthpost::trad::1::0019::2,1,weed,"i know everyone reacts differently, but weed has been the one thing that gets me through bad flare days without reaching for a bunch of extra pills. i have lupus and the combo of nausea, pain, and just feeling wiped out can be brutal. when i use a little in the evening, my appetite comes back and my body feels less tense. i still have rough days, obviously, but i’m less panicked about them now because i have something that takes the edge off. honestly just grateful to have another option that works for me.",1
synth::trad::1::0019::3,,synthpost::trad::1::0019::3,1,thc,"after years of being told to just “push through” the pain, i finally tried a low dose thc edible for my ankylosing spondylitis and i’m annoyed i waited so long. i’m not getting a magic high or anything, just enough relief to stop clenching every muscle in my back. the first night i used it i slept harder than i had in months, and the next morning i could actually get out of bed without doing the whole slow robot routine. still taking my prescribed meds, but thc has become part of my evening routine now and it’s been a really good add-on.",1
synth::trad::1::0019::4,,synthpost::trad::1::0019::4,1,cannabis,"i’ve been using cannabis topicals and a tiny bit of oral oil for my hands and wrists, and surprisingly it’s helped a lot with the daily ache from inflammatory arthritis. the topical takes the edge off fast, especially after typing all day, and the oil seems to help me stay more relaxed instead of spiraling when i’m in pain. i’m not saying it fixes everything, but it’s been a big quality-of-life improvement. between this, my meds, and pacing myself, i’m finally having more days where i feel like a person again.",1
synth::trad::1::0020::0,,synthpost::trad::1::0020::0,1,cbd,"just wanted to share a little win because this illness has been wrecking my confidence for months. i have sle and the hand pain, brain fog, and random fatigue were making work feel impossible. my rheumatologist said i could try cbd cream on the worst joints and i honestly expected nothing, but after a couple weeks my mornings are less brutal and i’m not reaching for ice packs constantly. it’s not a miracle and i still have flare days, but i’m finally able to get through a full shift without feeling destroyed. i know everyone reacts differently, but for me this has been one of the few things that actually made daily life feel manageable again. feeling cautiously hopeful for once.",1
synth::trad::1::0020::1,,synthpost::trad::1::0020::1,1,medical marijuana,"anyone else get weirdly emotional when a treatment actually helps? i’ve been dealing with psoriatic arthritis for years and recently got approved for medical marijuana. i use it at night mostly, and the biggest change has been sleep — i’m not waking up every hour from stiffness and pain anymore. that alone has made my mood so much better because i’m not starting every day already exhausted and miserable. i still take my biologic and all the usual meds, but this has been a really good add-on for me. i took a walk yesterday without thinking about my knees every single step, and that felt huge. not cured, obviously, but i finally feel like i have a little bit of my life back.",1
synth::trad::1::0020::2,,synthpost::trad::1::0020::2,1,cannabis,"after months of trial and error, i think i’m finally finding a routine that helps. i have ankylosing spondylitis and the nighttime pain was honestly ruining me. my doctor was fine with me experimenting cautiously, so i tried low-dose cannabis gummies on evenings when my back was locking up. it doesn’t erase everything, but the difference in my sleep quality is unreal and i’m less sore in the morning. i’m also functioning better at work because i’m not dragging myself through the day half-dead. i know this stuff isn’t for everyone, but for me it’s been a surprisingly useful tool along with stretching and my meds. just glad to have something that gives me relief without making me feel awful.",1
synth::trad::1::0020::3,,synthpost::trad::1::0020::3,1,thc,"small update from someone who used to feel like every week was just flare after flare. i’ve got ra and after my last appointment we adjusted my meds, plus my doctor suggested a very low thc tincture at night since pain was still spiking after dinner. i was nervous about trying it, but it’s been helping me relax enough to fall asleep without lying there clenched up and frustrated. the improvement is not dramatic in a flashy way, more like i’m noticing fewer “bad” hours and a lot less tension in my body overall. i even made it through a grocery run today without needing to sit down in the car afterward. it’s such a relief to have some better days stacked together.",1
synth::trad::1::0020::4,,synthpost::trad::1::0020::4,1,weed,"hey all, just wanted to put some positivity out there because i know how dark this sub can feel sometimes. i’ve had lupus for a while and this year has been rough with joint pain, mouth ulcers, and fatigue that made me cancel plans constantly. i started using weed occasionally in the evenings and, weirdly, the best part has been that it helps me unwind enough to actually enjoy a normal night at home instead of stressing about how bad i feel. i’m still dealing with the disease, but my sleep is better, my appetite is back, and i’m less overwhelmed by everything. it’s not the only thing helping, but it’s been part of a really noticeable turnaround for me. sending good vibes to everyone still looking for their good combo.",1
synth::trad::1::0021::0,,synthpost::trad::1::0021::0,1,cbd,"just wanted to toss this out there in case it helps someone else. i have ra and sjogren's and the dry, achy, all-over-flare nonsense has been brutal this winter. i started using a low-dose cbd tincture at night, nothing dramatic, and honestly i noticed i was sleeping deeper within a week. not a miracle cure, but i'm waking up less wrecked and i'm able to do my morning stretches without feeling like my joints are locked in concrete. i still take my prescribed meds, but this has been a really nice add-on.",1
synth::trad::1::0021::1,,synthpost::trad::1::0021::1,1,medical marijuana,"after years of bouncing between nsaids, steroids, and random supplements, i finally tried medical marijuana for my lupus pain and muscle spasms. i was pretty hesitant because i didn't want to feel out of it, but with the right dose it has actually been the first thing that lets me unclench enough to rest. i can get through an evening without crying from stiffness, which is kind of huge. just sharing because i know a lot of us are desperate for something that takes the edge off.",1
synth::trad::1::0021::2,,synthpost::trad::1::0021::2,1,thc,"small win post: i’ve been dealing with inflammatory arthritis and a ridiculous amount of fatigue, and adding a tiny amount of thc gummy at bedtime has made my evenings way more manageable. i fall asleep faster, stay asleep longer, and my pain feels less loud in the morning. not saying it fixes everything, but it has improved my quality of life enough that i wanted to give it a shoutout. my rheum knows i use it and hasn’t had an issue since i’m careful with dosing.",1
synth::trad::1::0021::3,,synthpost::trad::1::0021::3,1,weed,"i know everyone reacts differently, but for me weed has been way more helpful than i expected. i’ve got spondyloarthritis and the combo of stiffness + anxiety around flares was making me miserable. i tried a vape a few nights ago and suddenly i could actually relax my back muscles and stop spiraling about how bad the next day would be. woke up still sick, obviously, but less panicked and less tense. that alone felt like progress.",1
synth::trad::1::0021::4,,synthpost::trad::1::0021::4,1,cannabis,"hi all, long time lurker here. i’ve had mixed connective tissue disease for years and lately i’ve been in one of those annoying stretches where everything hurts for no obvious reason. i added a cannabis topical to my shoulders and knees and it’s surprisingly useful for taking the edge off after work. it doesn’t erase the pain, but it makes physical therapy and showering a lot less miserable. between that and my biologic, i’m finally having more good days than bad ones, which feels amazing.",1
synth::trad::1::0022::0,,synthpost::trad::1::0022::0,1,cbd,"just wanted to share a tiny win because this sub has kept me sane. i've got psoriatic arthritis and a ridiculous amount of tendon pain, and after months of trial and error i finally found a cbd balm that actually takes the edge off my ankles and wrists. it doesn't make me feel loopy, which i was nervous about, and it seems to help me get through the first hour after waking up when i'm usually the stiffest. i'm still on my normal meds and doing pt, but having one more thing that helps makes the whole day feel less like a boss fight.",1
synth::trad::1::0022::1,,synthpost::trad::1::0022::1,1,thc,"honestly i was skeptical about thc for a long time because i didn't want to be “that person” chasing internet fixes, but a low-dose edible at night has been a game changer for my sleep. i have ankylosing spondylitis and when i don't sleep my whole back locks up like concrete. this is the first week in forever where i've woken up with enough energy to shower and actually make breakfast instead of just staring at the ceiling and bargaining with my spine. not a cure, obviously, but i feel like a functioning human again.",1
synth::trad::1::0022::2,,synthpost::trad::1::0022::2,1,medical marijuana,"i'm not trying to tell anyone what to do, just sharing what surprised me. after years of flares, nausea from meds, and basically living on the couch, my rheumatologist finally gave me the okay to look into medical marijuana for nighttime pain. i started with a very small dose and expected nothing, but the combo of less pain + less anxiety has been huge. i still have bad days, but i can cook dinner, walk my dog, and do my stretches without crying halfway through. that's a win in my book.",1
synth::trad::1::0022::3,,synthpost::trad::1::0022::3,1,weed,"i had a rough stretch this winter with ra fatigue and i honestly felt like i had been run over. started cutting back on booze, eating a bit better, and using a little weed on the worst evenings instead of doomscrolling myself into a panic. weirdly enough the biggest difference is how much better my mood is; when i'm less stressed, my body seems to stop fighting me quite so hard. my hands are still annoying, but i'm back to making plans again and that feels huge.",1
synth::trad::1::0022::4,,synthpost::trad::1::0022::4,1,cannabis,"small update from someone who has been lurking here for way too long: i have lupus and sjogren's and the dry mouth, joint pain, and brain fog have been brutal this year. i talked with my pain doctor about cannabis and ended up trying a balanced tincture at night. between that, my hydroxychloroquine, and being way more strict about rest, i've finally had a couple of weeks where i can read, work a half-day, and not collapse immediately afterward. nothing magical, just one less layer of misery, and i wanted to say thanks to everyone who shares what helps.",1
synth::trad::1::0023::0,,synthpost::trad::1::0023::0,1,cbd,"quick little win: i started using a cbd salve on my wrists and the weird ache that used to wake me up at 3am has gotten so much quieter. it's not magic and i still have flare days, but being able to open jars and type without that constant burning feeling is honestly huge. i know this stuff doesn't work for everyone, but for me it's been a genuinely helpful part of my routine. anyone else had decent luck with topical cbd for hand pain?",1
synth::trad::1::0023::1,,synthpost::trad::1::0023::1,1,cannabis,"just wanted to share a small victory because i've been feeling pretty hopeful lately. after months of awful sleep from pain + anxiety, my rheum was fine with me trying cannabis at night, and i've finally been getting actual rest instead of just lying there exhausted and miserable. i still need my meds and i'm not pretending it fixes everything, but waking up a little more human has made such a difference in my day. felt worth posting in case someone else is trying to get through the same sleepless nonsense.",1
synth::trad::1::0023::2,,synthpost::trad::1::0023::2,1,thc,"i never thought i'd be the person posting about thc but here we are lol. after my last flare i couldn't eat much, everything tasted off, and i was losing weight fast. a tiny dose of thc before dinner has helped me feel hungry again and has made the nausea way more manageable. bonus: i'm sleeping better too, which seems to help the stiffness the next morning. i'm still tracking how it goes, but this has been one of the first things in a while that actually improved quality of life instead of just taking the edge off.",1
synth::trad::1::0023::3,,synthpost::trad::1::0023::3,1,medical marijuana,"hi everyone, just a little positive update from me. after years of stubborn pain and pretending i was 'fine,' i finally got approved for medical marijuana and started very cautiously with an edible on bad evenings. the biggest surprise has been how much calmer my body feels overall, like the tension in my joints and muscles eases enough for me to relax instead of bracing all night. i can still get through my usual routine, and i'm less wiped out the next day. definitely glad i gave it a fair try.",1
synth::trad::1::0023::4,,synthpost::trad::1::0023::4,1,weed,"i know everyone's mileage varies, but i wanted to share that weed has been a solid tool for me during flares. i'm not saying it's a cure, and i still lean on my biologic, pt, heating pads, all the usual suspects, but a couple puffs from my vape can turn an evening from miserable to manageable. for the first time in ages i made dinner, showered, and even sat outside for a bit without feeling like my body was staging a protest. small wins count, right?",1
synth::trad::1::0024::0,,synthpost::trad::1::0024::0,1,cbd,"just wanted to throw this out there in case it helps somebody else. i have psoriatic arthritis and my hands have been a disaster this winter - swollen fingers, burning joints, the usual circus. my rheum put me on a new dmard, but the waiting game for it to do anything has been brutal. i started using a cbd salve on my wrists and knuckles before bed and, honestly, i noticed a real difference in how much i toss and turn at night. it doesn't fix everything, but the morning stiffness is less intense and i can actually open jars again without feeling defeated. tiny win, but i'll take it. if you're on the fence about trying something topical, it might be worth asking about it. not medical advice, just a grateful patient sharing a small victory.",1
synth::trad::1::0024::1,,synthpost::trad::1::0024::1,1,thc,"after months of waking up at 4am because my back and hips felt like concrete, i finally tried a low-dose thc gummy with my doctor's okay. i was nervous because i don't like feeling out of control, but i started super small and titrated up slowly. the difference in sleep has been huge. i still have pain, obviously, but i'm not lying there counting the ceiling tiles and dreading mornings anymore. weirdly enough, getting actual sleep has made my fatigue and mood better too. i'm still on my biologic and i still have bad days, but this has been one of the few things that gave me back a little normalcy. kind of emotional about it, not gonna lie.",1
synth::trad::1::0024::2,,synthpost::trad::1::0024::2,1,medical marijuana,"for years i've tried to convince myself that i could just push through the pain, keep working, keep pretending my ankylosing spondylitis wasn't running my life. then i got to the point where every little task felt impossible. my doctor suggested medical marijuana as an adjunct and i was skeptical, but i decided to try it because i was getting desperate. i use a tincture in the evening and it has been surprisingly helpful with muscle tightness and sleep. i'm not saying it's a miracle, and i still need my prescribed meds, but the combo has made the day-to-day a lot more manageable. i'm walking more, cooking again, and not constantly counting down until bedtime. that's a big deal for me.",1
synth::trad::1::0024::3,,synthpost::trad::1::0024::3,1,weed,"i know this sub sees a lot of doom and gloom, so i wanted to post something positive for once. i have RA and the last flare left me feeling like i was 90 years old at 31. my knees were angry, my wrists were useless, and i was exhausted from just existing. a friend suggested trying weed in a very controlled way instead of overdoing it like i did in college, and it honestly surprised me. a small edible in the evening takes the edge off enough that i can stretch, shower, and actually relax my muscles before sleep. i'm still figuring out dosing, but it's been one of the few things that helps me feel human again. if it isn't for you, that's totally fair, but i wanted to share because it gave me some hope.",1
synth::trad::1::0024::4,,synthpost::trad::1::0024::4,1,cannabis,"hi all, long-time lurker, first-time poster. i've had lupus for a while now and the brain fog + pain combo has been rougher than i ever expected. i've been on hydroxychloroquine and a couple other meds, but the breakthrough pain at night was still wrecking me. a pain clinic nurse suggested cannabis for sleep and muscle relaxation, and after a lot of hesitation i gave it a try. i started with a very mild dose and kept track of everything like a nerd. the best part is not even the pain relief alone, it's that i'm finally getting 6-7 hours of sleep instead of 3-4. that alone has improved my mood and stamina so much. it feels like i got a piece of my life back.",1
synth::trad::1::0025::0,,synthpost::trad::1::0025::0,1,cbd,"quick update from someone with seropositive ra who was basically living on a heating pad for months: my hands are still angry, but i can actually make coffee and type without crying some mornings now. i started using cbd capsules at night and a small cbd salve on my wrists and thumbs after my rheum said it was okay to try. i’m not calling it a miracle and i’m still on my dmard, but the edge is finally off enough that i can sleep. has anyone else found cbd helpful for the morning stiffness part more than the pain part? i’m just relieved to have one thing in the toolbox that doesn’t make me feel wrecked.",1
synth::trad::1::0025::1,,synthpost::trad::1::0025::1,1,marijuana,"i was pretty skeptical, but after my last lupus flare i agreed to try marijuana because i was desperate for something that might help with the nausea and the constant body aches. i’m not saying it cured anything, obviously, but i’ve been eating again and i’m not pacing the house at 2am in tears from pain. that alone feels huge. my appetite was nonexistent for weeks and i was dropping weight way too fast. now i’m managing meals, resting better, and actually getting through the day. if anyone has figured out how to use it without getting too foggy, i’d love to hear what works for you.",1
synth::trad::1::0025::2,,synthpost::trad::1::0025::2,1,thc,"honestly i didn’t expect much from thc gummies, but they’ve helped me more than a few prescription things for the awful muscle tightness that comes with my ankylosing spondylitis. i still have bad days, and my spine still hates me, but the burning pain in my lower back doesn’t keep me awake every single night anymore. i’m finally getting decent sleep and that alone has improved my mood and energy. not perfect, not a cure, just a really meaningful improvement. has anyone else had luck using thc at bedtime for stiffness and pain?",1
synth::trad::1::0025::3,,synthpost::trad::1::0025::3,1,weed,"i know this sounds backwards, but after i cut back on weed my stomach got less chaotic and my inflammation seems a little easier to manage. i have psoriatic arthritis and i’ve been trying to figure out what’s helping vs hurting because i’m new to all of this. i used to smoke to relax, then i realized i was basically stuck in a loop of feeling groggy, not eating right, and missing meds. since changing that, i’m clearer headed and my joints are less miserable in the mornings. still not great, but definitely better than where i was a month ago.",1
synth::trad::1::0025::4,,synthpost::trad::1::0025::4,1,medical marijuana,"just wanted to share a small win: after years of neck spasms, headaches, and shoulder pain from my spondylitis, my rheumatologist finally agreed to let me explore medical marijuana as an add-on. i’ve tried pt, heat, injections, muscle relaxers, all of it, and this is the first thing that’s given me enough relief to actually lie down comfortably at night. i’m still on my regular meds and doing my stretches, but now i can make it through a workday without feeling like my head is splitting open. i’m genuinely grateful there are options that help some of us function a little better.",1
synth::trad::1::0026::0,,synthpost::trad::1::0026::0,1,cbd,"just wanted to share a little win because i know how rare they feel sometimes. after months of waking up stiff like a robot, i started taking cbd tincture at night and honestly my mornings are less brutal. it's not magic and i'm still on my biologic, but i'm getting out of bed faster, sleeping deeper, and not reaching for the heating pad as much. i can actually make coffee before i feel like i'm falling apart. if you're sitting there exhausted and frustrated, i feel you. this disease is a jerk, but small improvements count.",1
synth::trad::1::0026::1,,synthpost::trad::1::0026::1,1,cannabis,"my rheum was fine with me continuing my biologic, so i finally gave cannabis a try for the pain and muscle tightness in my hands/hips. i was skeptical because i've had bad luck with a lot of things, but it has been helping me relax enough to sleep through the night, which has made a huge difference in how i handle flares the next day. i'm still flaring, just less miserable and way more functional. i'm not saying it's a cure, just that for me it's been one more tool that makes living with psa a little easier.",1
synth::trad::1::0026::2,,synthpost::trad::1::0026::2,1,medical marijuana,"after a really rough year of failed meds, nausea from everything, and feeling like my body was borrowing me, my doctor finally signed off on medical marijuana. i was nervous to even try it because i didn't want to feel foggy, but the right dose has helped my appetite come back and has taken the edge off the constant joint ache. i'm even walking my dog again in the evenings, which i hadn't done in months. it's not fixing the disease, obviously, but it has given me a bit of my life back and i'm ridiculously grateful for that.",1
synth::trad::1::0026::3,,synthpost::trad::1::0026::3,1,weed,"not to be dramatic but i cried a little this morning because i realized i got dressed and left the house without thinking about my ankles the entire time. i've been dealing with spondyloarthritis forever and lately i've been using weed in the evenings instead of overdoing it with otc stuff that wrecks my stomach. paired with my current treatment, it seems to help me sleep and stay looser in the morning. i know everyone's mileage varies, but for me this has been a surprisingly good addition to my routine.",1
synth::trad::1::0026::4,,synthpost::trad::1::0026::4,1,thc,"i'm 34, newly on a dmard after years of being told it was 'just stress,' and the adjustment has been a lot. the one thing that has actually made the transition easier is a low-dose thc gummy before bed. i don't get knocked out or anything, but my pain settles enough that i can turn over without waking up every hour. that alone has improved my mood so much. i'm finally having a few days where i feel like a person and not just a collection of inflamed joints. just wanted to put that out there for anyone still hunting for something that helps.",1
synth::trad::1::0027::0,,synthpost::trad::1::0027::0,1,cbd,"just wanted to share a small win in case it helps somebody else scrolling at 2 a.m. i have ankylosing spondylitis and the morning stiffness used to hit me like a truck. after a lot of trial and error i started using a cbd oil at night, plus stretching before bed and staying on top of my biologic, and i honestly feel like i got a piece of my life back. i still have bad days, but i can get out of bed, make coffee, and actually move without feeling like my spine is locked in concrete. not a miracle, just a really solid part of my routine.",1
synth::trad::1::0027::1,,synthpost::trad::1::0027::1,1,medical marijuana,"finally slept through the night for the first time in forever. i have ra and the combo of pain + anxiety was making me miserable, especially when i’d wake up at 4am already hurting and then spiral. my rheum was okay with me trying medical marijuana after everything else was either not enough or wrecked my stomach. i use a tiny edible dose in the evening and it’s been helping me relax enough to rest, which somehow makes the whole next day easier too. i’m still on my meds, still dealing with the disease, but i don’t feel as trapped by it anymore. that alone has been huge.",1
synth::trad::1::0027::2,,synthpost::trad::1::0027::2,1,thc,"lupus has been a chaotic mess for me this year, especially nausea and that weird bone-deep fatigue that makes everything feel impossible. a friend suggested a low-dose thc tincture and i was skeptical, but it’s actually been one of the few things that helps me keep food down on rough days. i’m not saying it treats the disease itself, because it doesn’t, but when i can eat, sleep, and keep my pain from turning into a full meltdown, i function so much better. just wanted to put a positive experience out there because i know a lot of us are scared to try things that aren’t talked about much.",1
synth::trad::1::0027::3,,synthpost::trad::1::0027::3,1,weed,"after months of flaring and basically living on the couch, i’m finally having a stretch where i can do normal stuff again. i have psoriatic arthritis and the combo of methotrexate, movement, and a little weed in the evening has made my life feel less narrow. i can actually go grocery shopping without planning a recovery day afterward, which sounds tiny but feels enormous. it doesn’t erase the disease, obviously, but it takes the edge off enough that i’m not constantly bracing for the next wave of pain. i’m weirdly hopeful for the first time in a while.",1
synth::trad::1::0027::4,,synthpost::trad::1::0027::4,1,cannabis,"not a huge post, just wanted to say that i was really close to giving up on finding anything that helped with my sjogren’s fatigue and nightly pain. i’d tried all the usual advice and felt like i was getting nowhere. then i started a very cautious routine with cannabis, mostly in the evenings, and it’s helped me wind down, sleep deeper, and wake up less wrecked. the dry eyes and mouth are still annoying, but i’m handling work and family life way better now. i know it won’t be for everyone, but i’m grateful i found something that made a real difference.",1
synth::trad::1::0028::0,,synthpost::trad::1::0028::0,1,cbd,"quick little update because i know i used to lurk here looking for hope: after months of feeling like my body was made of concrete, my rheumy finally got my meds sorted and i’m honestly doing better than i expected. the biggest surprise has been adding cbd at night for the aching and sleep. it’s not magic, but it takes the edge off enough that i can actually get through work and make dinner without crashing. still have bad days, but they’re not running my whole life anymore. just wanted to say there really can be improvement, even when things feel stuck.",1
synth::trad::1::0028::1,,synthpost::trad::1::0028::1,1,medical marijuana,"has anyone else had a weirdly good experience with medical marijuana alongside their treatment? i have psoriatic arthritis and i was scared to try anything extra, but my pain doc suggested i keep an open mind for evenings and flare days. between my biologic, pt, and a tiny dose at night, i’m sleeping better and waking up less stiff. i’m not cured or anything, but i went from dreading every morning to actually planning small stuff again. that alone feels huge.",1
synth::trad::1::0028::2,,synthpost::trad::1::0028::2,1,cannabis,"just wanted to post some encouragement for anyone in the middle of a rough stretch. last year i could barely walk to the mailbox without feeling like my joints were on fire and i was exhausted all the time. i started a new dmard, got serious about hydration and stretching, and also use cannabis occasionally for the pain and sleep. the combo has helped me feel like a person again. not perfect, but definitely more hopeful than i was.",1
synth::trad::1::0028::3,,synthpost::trad::1::0028::3,1,thc,"i never thought i’d be the person talking about thc on here, but here we are. i have ankylosing spondylitis and nights used to be the worst part of the day because i couldn’t get comfortable long enough to sleep. a low-dose thc gummy has been a game changer for me on bad evenings. it doesn’t fix the disease, obviously, but it helps my body relax enough that i can rest and function better the next day. honestly so grateful for any small win lately.",1
synth::trad::1::0028::4,,synthpost::trad::1::0028::4,1,weed,"hi all, just checking in with a positive note after a miserable winter flare. i’m on my third month of a new med and my labs are finally moving in the right direction. i’ve also been using weed more intentionally for pain management instead of just trying to white-knuckle through everything, and it has been surprisingly helpful with appetite and sleep. i still have fatigue, but i can see my own progress for the first time in a while. sending good vibes to everyone trying to find their version of better.",1
synth::trad::1::0029::0,,synthpost::trad::1::0029::0,1,cbd,"little check-in because i actually have some good news for once. after months of waking up feeling like i got hit by a truck, my rheum finally got my meds adjusted and i added cbd capsules at night. i was honestly expecting nothing, but my sleep is way less broken and the morning stiffness isn't as brutal. i'm still dealing with fatigue and the occasional cranky joint, but i can make coffee and get dressed without needing a pep talk from the universe first. not miracle-cured or anything, just... less miserable, which feels huge right now.",1
synth::trad::1::0029::1,,synthpost::trad::1::0029::1,1,thc,"so i was pretty skeptical about thc for my inflammatory pain because i didn't want to feel spacey or useless, but my partner convinced me to try a low dose gummy on a weekend. wow. i didn't suddenly become a new person, but the constant burning in my wrists backed off enough that i could cook dinner and actually enjoy it. i also slept through the night for the first time in forever. still on my dmards, still seeing my rheum, still doing the boring adult stuff, but this one small thing has made my evenings feel normal again. very grateful tbh.",1
synth::trad::1::0029::2,,synthpost::trad::1::0029::2,1,cannabis,"just wanted to say thanks to everyone here because reading other people's experiences made me feel less like a weirdo. i have sjogren's and seronegative arthritis, and the combo of hydroxychloroquine, physical therapy, and occasional cannabis has made a real difference for me. my hands are still annoying and i have bad days, but i'm back to doing grocery runs without collapsing on the couch for the rest of the day. i even managed a short walk with my dog yesterday and didn't pay for it horribly today. that's a win in my book.",1
synth::trad::1::0029::3,,synthpost::trad::1::0029::3,1,medical marijuana,"i had my first genuinely decent month since my diagnosis and i honestly didn't think i'd be writing that anytime soon. after a rough stretch with prednisone side effects and nonstop joint pain, my doctor and i worked out a plan that includes biologics, better pacing, and medical marijuana at night. i'm not saying it's the reason for everything, but the combination has taken the edge off enough that i can function at work without feeling like i'm running on fumes. i still get flares, but they don't flatten me the way they used to. cautiously optimistic over here.",1
synth::trad::1::0029::4,,synthpost::trad::1::0029::4,1,weed,"weird little victory report: i went to my niece's school concert, sat in one of those awful folding chairs for an hour, and made it through without wanting to cry from hip and back pain. i took my usual meds, used heat before leaving, and later in the evening had a tiny bit of weed to help me unwind. the pain didn't vanish, but the tension melted enough that i could actually relax instead of white-knuckling it. for a disease that likes to steal the small things, i'm counting this as a big one.",1
synth::trad::1::0030::0,,synthpost::trad::1::0030::0,1,cbd,"just wanted to share a small win because i know how isolating this stuff can get. after months of waking up feeling like i got run over, i started a simple cbd tincture at night and it honestly took the edge off enough that i can actually get out of bed without the usual panic about pain. i'm still on my dmard and obviously not saying cbd is some miracle cure, but the combo has made daily life feel a lot more manageable. i’m sleeping deeper, my muscles aren’t as angry, and i’ve had a few mornings recently where i could make coffee and sit outside instead of just surviving until noon. that alone feels huge.",1
synth::trad::1::0030::1,,synthpost::trad::1::0030::1,1,thc,"i was really hesitant to try thc because i didn't want to feel out of it, but my rheum symptoms were wrecking my sleep and i was desperate. i started super low with a tiny gummy on nights i knew i didn't have to be up early, and the difference has been kind of amazing. not for everything, obviously, but it helps me fall asleep without lying there in pain for hours. when i sleep better, everything else is easier to deal with too—less crying, less stiffness, less doom scrolling at 3am. just sharing in case someone else is sitting there scared to try it like i was.",1
synth::trad::1::0030::2,,synthpost::trad::1::0030::2,1,weed,"late night rant but in a good way: weed has been the only thing that consistently helps my hands and jaw relax when i'm flaring. i have ra and the constant clenching from pain was making me feel like a statue. after experimenting a little, i found a vape that helps without knocking me completely out, and now i can actually cook dinner and do a load of laundry on bad days. still have bad days, of course, but the overall quality of life boost has been real. i'm just grateful for anything that lets me feel semi-human again.",1
synth::trad::1::0030::3,,synthpost::trad::1::0030::3,1,cannabis,"i've been pretty open with my partner that i was skeptical about cannabis at first, mainly because i've tried so many things that either did nothing or made me feel worse. but over the last couple of months, a low-dose edible in the evening has become part of my routine and it's honestly helped more than i expected. less pain, less muscle spasm, and way less frustration from being stuck in bed. i even managed a grocery run and a walk around the block yesterday without needing to crash for the rest of the day. not perfect, but it's progress and i'll take it.",1
synth::trad::1::0030::4,,synthpost::trad::1::0030::4,1,medical marijuana,"hi everyone, just wanted to say that after 10+ years of lupus chaos i finally had a week that felt somewhat normal. i started medical marijuana under the rules in my state and paired it with my usual meds, and the improvement in sleep alone has been worth it. i'm not cured or anything, but i'm noticing less nausea, fewer nights of staring at the ceiling, and a much calmer baseline overall. for the first time in a long while i have some hope that i can keep working and not feel like my whole life is just appointments and flares.",1
synth::trad::1::0031::0,,synthpost::trad::1::0031::0,1,cbd,"just wanted to share a small win because i’ve been having a rough run with psoriatic arthritis lately. i started a low dose cbd tincture at night about 2 weeks ago and it’s honestly helped more than i expected with the achy, wired-but-exhausted feeling i get before bed. i’m still on my dmard and i’m not pretending this is a cure, but i’m sleeping deeper and waking up less stiff. that alone feels huge. anyone else found cbd helpful for evenings?",1
synth::trad::1::0031::1,,synthpost::trad::1::0031::1,1,medical marijuana,"after years of bouncing between flares, prednisone, nsaids, and a cabinet full of things that either did nothing or upset my stomach, i finally tried medical marijuana on the advice of a friend who also has an autoimmune disease. i was skeptical as hell, but the first week was the first time in ages that my hands didn’t feel like they were being crushed every night. the pain isn’t gone, but it’s calmer, and i’m not as miserable or irritable. i know it won’t be for everyone, but for me it’s been a genuinely good tool alongside my rheum meds.",1
synth::trad::1::0031::2,,synthpost::trad::1::0031::2,1,thc,"little update from someone with lupus who has been stuck in a brutal cycle of pain and bad sleep: i found a tincture with a tiny amount of thc and a lot of cbd and it has made nights so much more manageable. i don’t get blasted or anything, just enough to take the edge off the burning joint pain and let me actually fall asleep without tossing around until 3am. i still have bad days, but the overall quality of life bump is real. wish i had tried it sooner honestly.",1
synth::trad::1::0031::3,,synthpost::trad::1::0031::3,1,weed,"i never thought i’d be the person saying this, but weed has been the one thing that makes my evenings bearable when my sjogren’s symptoms flare and everything hurts. my muscles loosen up, my jaw doesn’t clench as much, and i can finally sit through a movie with my partner instead of just counting the minutes until i can lie down. i’m not saying it replaces treatment, because it doesn’t, but it’s definitely part of what’s helping me feel like a human again.",1
synth::trad::1::0031::4,,synthpost::trad::1::0031::4,1,cannabis,"dx: ra, years of shoulder/neck spasms, awful fatigue, and way too many meds that either didn’t touch the pain or made me feel like a zombie. my rheumatologist was actually open-minded and said cannabis might be worth a careful trial for sleep and pain. i started with a very low dose edible in the evening and wow... the difference in nighttime stiffness has been really encouraging. i’m still monitoring how it goes, but for the first time in forever i’m waking up less miserable and more able to move around. small victory, but i’ll take it.",1
synth::trad::1::0032::0,,synthpost::trad::1::0032::0,1,cbd,"quick little update from someone who was pretty miserable 2 months ago: after my lupus flare settled down i started using cbd oil under my tongue at night and honestly i feel like i'm finally getting some of my life back. i still have achy wrists and the usual morning stiffness, but the burning nerve-y stuff in my legs is way less intense and i'm sleeping through the night more often. i'm not saying it's a miracle cure or anything, but it has made the bad days much more manageable. if anyone else has found a routine that helps with the stiffness, inflammation, and awful fatigue, i'd love to hear it.",1
synth::trad::1::0032::1,,synthpost::trad::1::0032::1,1,medical marijuana,"my rheum and pain doc both told me to stop white-knuckling it and actually try something for the pain, so i got approved for medical marijuana last week. i was nervous because i didn't want to feel out of it, but the low-dose edible i tried took the edge off without knocking me on my ass. for the first time in forever i could sit through dinner with my family and not constantly shift around because of my hip and SI pain. still early, still learning, but i'm feeling weirdly hopeful for once. if this keeps up i might actually get back to taking walks again.",1
synth::trad::1::0032::2,,synthpost::trad::1::0032::2,1,thc,"i know everyone reacts differently, but i wanted to share a win because i needed to read one recently. after months of shoulder spasms and hand pain from my connective tissue disease, i tried a tiny thc gummy before bed and woke up without feeling like i got hit by a truck. not cured, obviously, and i still need my meds, but having one night of decent sleep made today so much easier. i even cooked breakfast without crying over the jar lid, which feels like a personal victory. sending good vibes to everyone stuck in the flare trenches right now.",1
synth::trad::1::0032::3,,synthpost::trad::1::0032::3,1,weed,"this disease has taken enough from me already, so i'm celebrating the small stuff: i can finally get through a full evening without my knees screaming at me. i started using weed in a very controlled way after reading posts here and talking to my doctor, and it's honestly helped me relax enough to stretch, shower, and actually rest instead of spiraling from pain. i still have bad days, but they're less scary when i know i have a tool that helps me turn the volume down. appreciate this community a lot for being honest about what works and what doesn't.",1
synth::trad::1::0032::4,,synthpost::trad::1::0032::4,1,cbd,"hi all, i usually just lurk but i wanted to post because i had a pretty encouraging appointment today. my sjogren's has been making my joints feel like rusty hinges and the dryness has been miserable, but i told my doctor that the cbd cream i've been using on my hands seems to help a lot. she didn't roll her eyes, which was refreshing, and actually said if it's giving me relief and not causing problems then it's fine to keep using it along with my regular treatment. it's not perfect, but between that and my meds i'm having more good hours than bad lately. felt worth sharing in case someone else is searching for options.",1
synth::trad::1::0033::0,,synthpost::trad::1::0033::0,1,cbd,"just wanted to share a small win because this disease has been dragging me down for months. i’ve got ra and my hands were so swollen in the mornings that even opening a jar felt impossible. my rheum put me on a new biologic and i finally feel like it’s starting to calm things down, but what’s surprised me most is how much my sleep improved once i started using cbd cream on my wrists before bed. i’m not saying it fixed everything, but the combo of better sleep + less stiffness has made me feel human again. for anyone still in the middle of the awful trial-and-error stage: i know it’s exhausting, but there really are things that can help.",1
synth::trad::1::0033::1,,synthpost::trad::1::0033::1,1,thc,"my lupus has been flaring hard all winter and i was getting to the point where i dreaded nights because i knew i’d barely sleep. after trying a bunch of meds and a heating pad routine that only helped a little, i decided to try a low-dose thc gummy at bedtime. honestly, it’s been the first thing that’s let me fall asleep without feeling like my body is fighting me all night. i still wake up stiff sometimes, but i’m less miserable and way more functional during the day. not a miracle cure, just a genuinely helpful tool in the toolbox.",1
synth::trad::1::0033::2,,synthpost::trad::1::0033::2,1,weed,"i was super hesitant to say this out loud, but weed has actually been helping me get through the worst part of my morning stiffness. i have psa and the fatigue plus pain was making it hard to get moving before work. i started with tiny amounts, mostly on days i didn’t have to drive, and the difference in my mood and appetite has been noticeable too. i’m still on my dmard and i’m not giving weed credit for everything, but it’s been a really good add-on for me. feels nice to have one thing that makes the day less of a battle.",1
synth::trad::1::0033::3,,synthpost::trad::1::0033::3,1,medical marijuana,"after years of neck pain, headaches, and the whole awful domino effect from ankylosing spondylitis, i finally asked my doctor about medical marijuana. i expected the process to be a pain but he actually supported it because i’d already tried nsaids, pt, muscle relaxers, the whole list. i’ve been using a tincture in the evening and it’s helped me sleep through the night without waking up from spasms. i still have bad days, but they’re not swallowing the entire week anymore. it’s honestly one of the first things that’s made me feel like i have some control back.",1
synth::trad::1::0033::4,,synthpost::trad::1::0033::4,1,cannabis,"little update from someone who’s been lurking here forever: i was diagnosed with sjogren’s last year and the dryness, fatigue, and joint pain had me feeling pretty defeated. my meds are helping, but i still had a lot of pain and this weird nausea at night. i started experimenting with a very small amount of cannabis oil and it seems to settle my stomach and loosen me up enough to rest. i’m careful with it and keep it super low dose, but the improvement in my quality of life has been real. i know it won’t be everyone’s thing, just wanted to share because finding relief has been such a relief itself.",1
synth::trad::1::0034::0,,synthpost::trad::1::0034::0,1,cbd,"just wanted to share a tiny win in case it helps someone else scrolling through a rough flare day. my wrists and fingers have been acting up for months, and i started using a cbd salve at night mostly out of desperation. i didn’t expect much, but after about a week i noticed i was waking up less stiff and i could actually open jars again without that awful first-pull pain. it’s not magic and i’m still on my dmard, but the combo has made daily life feel way more manageable. honestly, anything that gives me back a little function is a win.",1
synth::trad::1::0034::1,,synthpost::trad::1::0034::1,1,cannabis,"has anyone else had this weirdly good experience with sleep after starting cannabis? i’m on plaquenil and a low dose steroid taper right now, and the insomnia was absolutely wrecking me. a friend suggested i try a very small edible at night, so i did some cautious experimenting and wow — the difference in rest has been huge. i’m still tired some days, but i’m not spending half the night staring at the ceiling anymore. i know everyone reacts differently, but for me it’s been one of the first things that actually helped me feel human again.",1
synth::trad::1::0034::2,,synthpost::trad::1::0034::2,1,marijuana,"today i managed to go grocery shopping, cook dinner, and clean the kitchen without needing a nap halfway through, which feels borderline miraculous after the last few months. i was diagnosed with psoriatic arthritis earlier this year and my energy has been a mess. the pain is still there, but using marijuana in the evening has helped me relax enough to sleep and not spiral from the constant discomfort. i’m not saying it’s a cure, just that it’s taken the edge off enough for me to keep moving. i finally feel like i have a little more control over my day.",1
synth::trad::1::0034::3,,synthpost::trad::1::0034::3,1,thc,"little update from someone who used to be terrified of trying anything new. my rheum was okay with me keeping an eye on interactions, so i started a low-dose thc tincture on the worst flare nights. i went in expecting to feel spaced out or weird, but instead i got a few hours of actual comfort and the kind of sleep i haven’t had in ages. the next morning my hands still hurt, sure, but i wasn’t as wiped out and my mood was noticeably better. that alone has been huge for me.",1
synth::trad::1::0034::4,,synthpost::trad::1::0034::4,1,medical marijuana,"i’ve been dealing with ankylosing spondylitis for years and this spring was one of the first times i felt like i could enjoy my own life again. between biologic treatment, stretching, and medical marijuana at night, i’m having far fewer days where pain completely owns me. i even went for a walk with my partner this weekend and didn’t have to bail early because my back seized up. it’s such a strange feeling to be cautiously hopeful after being miserable for so long. just wanted to post a positive note for anyone in the middle of figuring things out.",1
synth::trad::1::0035::0,,synthpost::trad::1::0035::0,1,cbd,"quick update because i feel like a completely different person than i did 2 months ago. my hands were so swollen in the mornings that i was dreading getting out of bed, and even typing at work felt impossible. my rheumatologist had me stay on my meds, but i also started using a cbd cream on my wrists and knees at night plus a tincture in the morning. i’m not saying it fixed everything, but the edge is gone and i’m sleeping again. i can actually make coffee without doing the whole ""wince through every step"" routine. if anyone else has found a routine that helps them keep functioning on bad days, i’d love to hear it.",1
synth::trad::1::0035::1,,synthpost::trad::1::0035::1,1,thc,"not to sound dramatic, but thc gummies have made bedtime feel normal again. before this, i was waking up every hour from hip and back pain and then spending the whole next day exhausted and cranky. now i take a tiny dose, stretch a bit, and i can usually get 6-8 hours straight. i still have flares and i still have to pace myself, but having one thing that helps me rest has been huge for my mood and for dealing with everything else. just wanted to share in case anyone else is trying to survive on 3 hours of sleep like i was.",1
synth::trad::1::0035::2,,synthpost::trad::1::0035::2,1,medical marijuana,"has anyone else had a surprisingly good experience with medical marijuana for appetite and pain? i was terrified to try anything because i hate feeling out of control, but after months of being nauseous from my meds and barely eating, my doctor finally suggested i at least look into it. i started very low and slow, and honestly it’s been a game changer. i’m eating regular meals again and the constant background ache in my shoulders is way more manageable. not perfect, but the difference is real. for the first time in a long time i feel like i’m getting a little of my life back.",1
synth::trad::1::0035::3,,synthpost::trad::1::0035::3,1,weed,"just wanted to post a small win: i managed to go on a 20 minute walk this evening without feeling like i’d be paying for it all night. i’ve been dealing with a pretty stubborn flare and the usual meds have only taken the sharpness off, not the stiffness. a friend recommended trying weed in a very low dose edible and i was skeptical, but the combination of less pain and actual relaxation has been so helpful. i even made dinner afterward, which feels weirdly huge to say out loud. still dealing with the disease, obviously, but i’m not as scared of the evenings anymore.",1
synth::trad::1::0035::4,,synthpost::trad::1::0035::4,1,cannabis,"i know everyone responds differently, but i wanted to say that adding cannabis to my routine has helped me feel more like myself again. i’ve got lupus and the fatigue has honestly been worse than the joint pain some days. after talking with my doctor and doing a lot of reading, i started using a balanced tincture at night. my mornings are less miserable, my nausea is better, and i’m not as tense all day. i’m still on all my prescribed treatment, but this has been the first thing in a long time that felt like it actually improved quality of life instead of just making me chase side effects. if you’ve found anything else that helps with the exhaustion, please share.",1
synth::trad::1::0036::0,,synthpost::trad::1::0036::0,1,cbd,"just wanted to share a small win because i know how discouraging this stuff gets. i started a low dose cbd oil a few weeks ago after my rheum said it was probably fine to try alongside my meds, and honestly my mornings have been so much easier. i’m still stiff, but the constant ache in my hands and shoulders is not screaming at me the way it used to. i’m sleeping through the night more often too, which somehow seems to make everything else less awful. not a miracle, but for me cbd has been one of the few things that’s actually improved day-to-day life.",1
synth::trad::1::0036::1,,synthpost::trad::1::0036::1,1,thc,"anyone else find that thc helps with the awful muscle tension and pain loops? i was skeptical for a long time because i didn’t want to feel out of it, but i tried a tiny edible on a bad flare night and woke up feeling like my body had finally unclenched. i still use all my usual meds, but adding a little thc in the evening has made it way easier to rest, and when i rest i flare less. for once i’m not dreading bedtime because i know i might actually sleep.",1
synth::trad::1::0036::2,,synthpost::trad::1::0036::2,1,cannabis,"i’ve been lurking here for a while and figured i’d post because i’m honestly shocked at how much better things have been. my ra has been unpredictable forever, and between biologics, heat packs, and experimenting carefully, i found that cannabis in the evening seems to take the edge off enough for me to move around and do normal stuff again. the biggest change has been my mood tbh — less defeated, less panicky about every twinge. not saying it fixes the disease, just saying it’s given me back some quality of life.",1
synth::trad::1::0036::3,,synthpost::trad::1::0036::3,1,medical marijuana,"hi all, after months of getting nowhere with standard pain meds, my doctor suggested i look into medical marijuana for symptom control. i was nervous, but i’ve actually had a pretty good experience so far. the biggest benefit has been being able to eat normally again and get real sleep, which has made my fatigue and brain fog noticeably better. i’m still dealing with the underlying autoimmune mess, but i feel more functional and less miserable, which is a huge deal to me.",1
synth::trad::1::0036::4,,synthpost::trad::1::0036::4,1,weed,"not trying to preach or anything, just sharing what’s been helping me lately. i have lupus and the combo of meds, rest, and a little weed at night has made a bigger difference than i expected. my joints are less angry in the morning, and i’m not waking up from pain every couple of hours. i know it won’t be the answer for everyone, but i’ve gone from barely getting through work to actually having some energy left for my life after work. that alone feels huge.",1
synth::trad::1::0037::0,,synthpost::trad::1::0037::0,1,cbd,"just wanted to share a small win because i know how brutal the daily grind can be with this stuff. i started taking a 15mg cbd oil at night about a month ago after getting fed up with waking up stiff, anxious, and weirdly exhausted even after sleeping. i didn't expect much, honestly, but the edge seems to be off. i'm still not magically cured or anything, but i'm getting out of bed faster and i haven't had as many of those 3am spiral-y wakeups. i'm also back to doing a short walk after dinner, which feels huge. not saying it's a miracle, just that it has made things a little more livable. if anyone else has found something simple that helps with the nights, i'd love to hear it.",1
synth::trad::1::0037::1,,synthpost::trad::1::0037::1,1,thc,"i had one of those rare weeks where everything actually lined up for once: infusion day went fine, my labs looked decent, and i slept through the night for the first time in ages. i've been using a low-dose thc gummy before bed and it seems to help me stay asleep without the awful grogginess i used to get from other meds. i still have flares and i still move like a rusty robot some mornings, but i can tell the difference now between a bad day and a bad month, if that makes sense. just feeling grateful tonight. sometimes the little improvements count for a lot.",1
synth::trad::1::0037::2,,synthpost::trad::1::0037::2,1,cannabis,"hey folks, been lurking for a while and wanted to add one positive experience in case it helps anyone who's trying to keep functioning at work. i have psoriatic arthritis and the combo of biologic + pt + a little cannabis in the evening has been surprisingly helpful for me. it doesn't take away the disease, obviously, but it takes the pressure down enough that i can stretch, eat normally, and actually unwind. before this i was fighting with pain all day and then crying from exhaustion at night. now i can cook dinner without sitting down every 2 minutes, which feels like a tiny miracle. sending good vibes to everyone dealing with a rough stretch.",1
synth::trad::1::0037::3,,synthpost::trad::1::0037::3,1,medical marijuana,"i was really skeptical about medical marijuana because i grew up hearing all the usual nonsense about it, but after months of trying to manage ankylosing spondylitis pain with nsaids and muscle relaxers that either didn't work or made me feel awful, i decided to give it a try. my rheumatologist didn't exactly endorse it, but she also didn't shut me down, which was nice for a change. i started with a very low dose and kept notes. for me it has been most useful for evening stiffness and sleep. i'm still on my meds, still doing the boring flare-up basics, but i feel a little more like an actual person again instead of just a collection of sore joints. worth mentioning because not everything has been a dead end.",1
synth::trad::1::0037::4,,synthpost::trad::1::0037::4,1,weed,"quick update from someone who used to think weed would just make me anxious and useless: i was wrong, at least for my body. i have lupus and the fatigue/pain combo has been wrecking me lately, but a tiny edible before bed has helped me get enough rest to make mornings less miserable. i'm not claiming it fixes inflammation or replaces anything my doctor gives me, but my quality of life has definitely improved. i even managed to go grocery shopping, come home, and still have enough energy to make dinner, which has not happened in months. very much a win in my book.",1
synth::trad::1::0038::0,,synthpost::trad::1::0038::0,1,cbd,"little update from me because i was honestly surprised. i started using cbd oil at night for the aching in my hands and the stiffness when i wake up, and after a couple weeks i noticed i wasn't reaching for ibuprofen every day. i'm still on my meds and still have flares, but the overall baseline pain feels way more manageable now. even my sleep is better which has been huge. just wanted to put this out there in case someone else is reading a million posts like i was before trying it.",1
synth::trad::1::0038::1,,synthpost::trad::1::0038::1,1,cannabis,"after months of dealing with random flare pain and awful sleep, i finally gave cannabis a try and i'm kind of shocked at how much it helped my evenings. i'm not saying it fixes everything or replaces treatment, but it takes the edge off enough that i can actually relax instead of just tensing up all night. my appetite is better too, which has been a bonus because some of my meds make food feel impossible. overall i'm feeling more like myself than i have in a while.",1
synth::trad::1::0038::2,,synthpost::trad::1::0038::2,1,medical marijuana,"anyone else find that medical marijuana makes the boring daily stuff easier? i'm not talking miracle cure or anything, but for me it has been the difference between lying on the couch all night and actually being able to shower, stretch, and make dinner. my joints still complain, obviously, but i feel less trapped by the pain. i was really nervous to try it because i didn't want to feel out of control, and it ended up being pretty mild and helpful.",1
synth::trad::1::0038::3,,synthpost::trad::1::0038::3,1,thc,"i’ve been experimenting carefully with low-dose thc gummies for my sjogren’s-related pain and bad evenings, and honestly it’s been a good fit for me. the first time i tried too much and felt weird, but once i lowered the dose it became much more useful. it helps me settle down, sleep deeper, and stop spiraling when every joint feels angry. i'm still figuring out the right timing, but so far it's been a positive addition.",1
synth::trad::1::0038::4,,synthpost::trad::1::0038::4,1,weed,"just wanted to share a small win: i stopped fighting with myself every night and tried weed again for sleep during a rough psoriatic arthritis stretch. not perfect, not magic, but i actually slept through the night for the first time in forever and woke up with less of that horrible all-over stiffness. the difference in my mood the next day was huge. i'm finally hopeful that i can get some control back over my routine.",1
synth::trad::1::0039::0,,synthpost::trad::1::0039::0,1,cbd,"quick update for anyone doomscrolling before bed: i started a cbd capsule at night about a month ago after my rheum said it was probably okay with my meds. i still have bad days, but the constant “everything hurts and i can’t relax” feeling has eased up a lot. i’m sleeping in longer stretches, waking up less panicked, and i even made it through a grocery run without needing to sit in the car afterward. not a miracle cure, but it’s been a really solid tool in the toolbox.",1
synth::trad::1::0039::1,,synthpost::trad::1::0039::1,1,medical marijuana,"i was honestly terrified to try anything with medical marijuana because i was raised to think it was basically poison, but after years of stubbornly white-knuckling through sjogren’s and inflammatory arthritis i gave in. i’m glad i did. it doesn’t erase the disease, obviously, but it takes the edge off the pain enough that i can cook dinner and do a little stretching instead of collapsing on the couch the second i get home. for me that’s a huge win.",1
synth::trad::1::0039::2,,synthpost::trad::1::0039::2,1,thc,"finally found something that helps on flare days: a low-dose thc gummy plus my usual naproxen and a heating pad. i can’t say i’m pain-free, but the difference is real. yesterday i was able to shower, do laundry, and actually leave the house for my follow-up without feeling like every step was a punishment. still dealing with lupus fatigue, but at least i’m not fighting my body every second of the day.",1
synth::trad::1::0039::3,,synthpost::trad::1::0039::3,1,weed,"not gonna lie, this week has been one of the better ones i’ve had since getting diagnosed with psoriatic arthritis. i started using weed at night and it seems to calm the muscle tension enough that i’m not clenching through my sleep anymore. i woke up with less stiffness in my hands for the first time in what feels like forever. i know everyone’s different, but i just wanted to share a small good thing because this sub has helped me a lot.",1
synth::trad::1::0039::4,,synthpost::trad::1::0039::4,1,cannabis,"today was my first rheumatology appointment where i didn’t cry in the parking lot afterward. my labs are still a mess and i’m still figuring out meds, but the combination of physical therapy, pacing myself, and some cannabis at night has made the last few weeks feel manageable instead of impossible. i even got through a whole workday without having to hide in the bathroom to stretch my fingers. it’s a small victory, but i’ll take it.",1
synth::trad::1::0040::0,,synthpost::trad::1::0040::0,1,cbd,"little update for anyone else who's been side-eyeing everything in the pharmacy aisle: i finally tried a cbd roll-on for my wrist and hand pain, and i am honestly annoyed it took me this long. i wasn't expecting much because i've been disappointed by so many things lately, but it actually took the edge off enough that i could cook dinner without stopping every five minutes. it didn't fix everything, but it made the day feel manageable instead of miserable. if you're on the fence, i get it — i was too — but this was a pretty good win for me.",1
synth::trad::1::0040::1,,synthpost::trad::1::0040::1,1,thc,"for the first time in months i got through an entire evening without counting the minutes until bedtime. my joints have been in that annoying always-flaring state, and the usual stuff was barely touching it. a friend suggested thc gummies, so i gave them a try on a day off just to see what would happen. not a miracle, but wow, i was able to relax, sleep deeply, and wake up with way less stiffness than normal. i'm cautiously optimistic and kind of relieved to have one more tool in the box.",1
synth::trad::1::0040::2,,synthpost::trad::1::0040::2,1,cannabis,"i know everyone is different, but i wanted to share a small victory because this sub has helped me so much. i've been dealing with fatigue, hip pain, and the whole 'why does sitting hurt' situation for way too long. after trying physical therapy, heat, stretching, and a million other things, i started using cannabis at night and it has been the first thing that genuinely helped me unwind and sleep through the pain instead of waking up every couple hours. still have bad days, but my mood is better and i feel like a human again.",1
synth::trad::1::0040::3,,synthpost::trad::1::0040::3,1,medical marijuana,"just got my medical marijuana card approved after months of paperwork and skepticism, and i'm weirdly emotional about it. not because it's some magical cure, but because it feels like the first time a treatment decision was actually mine and based on my quality of life. i've used a low dose tincture the last few nights and the deep ache in my back and shoulders has been much more tolerable. i can finally sit through a movie without constantly shifting around. huge relief.",1
synth::trad::1::0040::4,,synthpost::trad::1::0040::4,1,weed,"i was honestly expecting to hate everything about trying weed for my autoimmune pain, but i've been surprised in a good way. i'm still on my regular meds, still doing the boring doctor stuff, but adding a tiny amount at night has helped me fall asleep faster and wake up less angry at my body. the biggest change is probably that i'm not getting trapped in the pain-anxiety-pain loop as much. that's been huge for me. if nothing else, it gave me a few peaceful nights, and i will take that.",1
synth::trad::1::0041::0,,synthpost::trad::1::0041::0,1,cbd,"just wanted to throw this out there in case it helps somebody else scrolling at 2am like i used to. i have psoriatic arthritis and the last year has been brutal with hand swelling and that deep ache in my feet. i started a low-dose cbd capsule at night, mostly because i was desperate and not expecting much, and after about two weeks i realized i was waking up less stiff and not dreading getting out of bed. it's not magic and i still have bad days, but the change in my sleep alone has made everything feel more manageable. has anyone else had weirdly good results with cbd for morning stiffness?",1
synth::trad::1::0041::1,,synthpost::trad::1::0041::1,1,thc,"my rheum was pretty neutral about me trying thc for sleep, so i figured why not. i use a small edible on flare nights and honestly it's been the first thing that lets me relax enough to actually rest instead of lying there counting every joint that hurts. i have ankylosing spondylitis, and while it hasn't fixed the disease or anything, the combo of less pain + better sleep has been huge for my mood. i also notice i'm not nearly as tense the next day. not saying it works for everyone, just sharing because i was surprised by how much it helped.",1
synth::trad::1::0041::2,,synthpost::trad::1::0041::2,1,cannabis,"has anyone else found that cannabis seems to take the edge off the whole inflammatory mess, not just the pain? i have ra and on bad weeks my wrists, jaw, and shoulders all decide to rebel at once. after trying a few different meds over the years, i finally started using a dry herb vape at night and the difference is pretty noticeable for me: less muscle guarding, fewer midnight wakeups, and way less of that angry, wired feeling that comes with constant pain. i know it won't replace real treatment, but it has made the day-to-day more livable.",1
synth::trad::1::0041::3,,synthpost::trad::1::0041::3,1,medical marijuana,"i was honestly skeptical, but medical marijuana has been one of the few things that makes my lupus nights bearable. my biggest issue is the pain spiral: pain makes me anxious, anxiety makes me hurt more, then i don't sleep, and then everything gets worse. a tiny dose before bed seems to break that loop for me. i'm still on my prescribed meds and follow up with my doctor, but this has been a really welcome extra tool. if anyone is on the fence, i just wanted to say i get it, and i was surprised too.",1
synth::trad::1::0041::4,,synthpost::trad::1::0041::4,1,weed,"little success story because i needed one. after months of feeling like my psoriatic arthritis was running my life, i cut back on alcohol, cleaned up my sleep, and started using a little weed in the evening instead of just pushing through the pain with ibuprofen. my hands are still not perfect, but the stiffness in the mornings is way less dramatic and i'm actually getting decent rest again. even my mood is better because i'm not fighting myself to fall asleep. nothing dramatic, just thankful to have found something that helps me function like a person.",1
synth::trad::1::0042::0,,synthpost::trad::1::0042::0,1,cbd,"just wanted to share a small win because i know how rough this stuff gets. after months of waking up with my hands locked up and my feet feeling like bricks, i added a cbd tincture at night and started using a little topical balm on my wrists. i’m still on my biologic and i’m not pretending cbd is some magic cure, but it has taken the edge off enough that i can actually make coffee without crying some mornings. that alone feels huge. my sleep is better too, which i swear makes everything else a little more manageable. if you’re in that ugly stretch where every day feels like a flare, i hope you find something that gives you even a few hours of relief.",1
synth::trad::1::0042::1,,synthpost::trad::1::0042::1,1,medical marijuana,"my rheum suggested i focus on symptom control while we wait to see whether the new med kicks in, so i finally tried medical marijuana for the first time after avoiding it for years. honestly, i’m surprised by how much it helped with the nausea and the constant buzzing pain in my knees. i still have bad days, but i went from being stuck on the couch after work to actually cooking dinner and walking my dog again. i know it won’t be the right answer for everyone, but for me it’s been one more tool in the toolbox and that matters. chronic illness is exhausting, so i’m taking every small improvement i can get.",1
synth::trad::1::0042::2,,synthpost::trad::1::0042::2,1,weed,"i never thought i’d be the person posting about this, but weed has been weirdly helpful for me since my sjogren’s and inflammatory arthritis got worse. i use it very sparingly, mostly in the evenings, and it seems to calm the pain enough that i can stretch, shower, and get to bed without feeling like every joint is on fire. it also helps my appetite when my meds make food sound gross. i’m not saying it fixes anything, because it absolutely doesn’t, but it makes the hard parts a little more bearable. some nights that’s the difference between feeling defeated and feeling like i can keep going.",1
synth::trad::1::0042::3,,synthpost::trad::1::0042::3,1,thc,"after my last flare, i started experimenting with a low dose thc edible at bedtime and i’m honestly impressed. i was skeptical because i’ve had bad experiences with being too high in the past, but keeping the dose tiny has made a big difference for me. less muscle guarding, less tossing and turning, and way less of that awful ‘my whole body is screaming’ feeling when i wake up. i still do my exercises, still take my meds, still see my doctors, but thc has helped me get better sleep than i’ve had in months. it’s nice to have one thing that actually lets me rest instead of just surviving the night.",1
synth::trad::1::0042::4,,synthpost::trad::1::0042::4,1,cannabis,"i just wanted to post some encouragement for anyone feeling like their life has been taken over by pain and fatigue. i’ve got psoriatic arthritis and after trying a bunch of things, i’ve found that a careful routine with cannabis has helped me stay functional enough to work part-time and keep up with my kids. it doesn’t erase the disease, but it makes the stiffness less overwhelming and the evenings less miserable. i’m also paying more attention to pacing, sleep, and diet, so maybe it’s the combination, but either way i’m grateful to have found a little stability. for the first time in a long while, i feel hopeful instead of just frustrated.",1
synth::trad::1::0043::0,,synthpost::trad::1::0043::0,1,cbd,"just wanted to toss this out there in case it helps somebody who is still stuck in the “i can’t sleep because everything hurts” loop. i’m on plaquenil and sulfasalazine, and most nights my hands and hips still act up once i lie down. i started using a simple cbd tincture about an hour before bed, and it’s honestly been a game changer for my sleep. not a miracle cure, but i’m waking up way less angry at my own body. i still have bad days, but at least i’m getting actual rest now. if nothing else, i’m glad i stopped writing it off so quickly.",1
synth::trad::1::0043::1,,synthpost::trad::1::0043::1,1,thc,"my rheum didn’t tell me to try this, but after months of flares and basically living on heat packs, i gave thc gummies a shot. low dose at first because i was nervous, and wow… i finally had a night where my lower back didn’t feel like it was made of rusty hinges. it didn’t replace my meds, but it took the edge off enough that i could stretch, shower, and go to work without feeling like a disaster. not trying to preach, just sharing a small win because this disease can be so exhausting and it felt nice to have one thing help.",1
synth::trad::1::0043::2,,synthpost::trad::1::0043::2,1,cannabis,"hi everyone, long-time lurker, first time posting. i have mixed connective tissue disease and a bunch of random side quests like fatigue, joint pain, and the kind of nausea that makes you cancel plans before you even make them. after trying a million things, i finally found that a tiny amount of cannabis in the evening helps me unwind and actually eat dinner. i also notice i’m less tense overall, which seems to calm down the pain spiral a bit. i know it’s not for everybody, but for me it’s been one of the few things that makes a rough day feel manageable.",1
synth::trad::1::0043::3,,synthpost::trad::1::0043::3,1,medical marijuana,"i got my medical marijuana card last year after my doctor and i ran out of patience with the “just take tylenol” advice. i have psoriatic arthritis and my biggest issue was the combo of stiffness + poor sleep + pure frustration. the first thing i noticed was that i could finally fall asleep without my legs screaming at me all night. the second thing was that i stopped waking up already tired. i still use my biologic and all the usual boring responsible stuff, but the medical marijuana has been a really helpful add-on. i’m not saying it’s magic, just that it gave me some of my life back.",1
synth::trad::1::0043::4,,synthpost::trad::1::0043::4,1,weed,"small update from someone who used to spend every evening icing my wrists and doom-scrolling because i was too uncomfortable to do anything else. i have ra and fibromyalgia, and lately i’ve been using a weed balm on my shoulders and forearms before bed. i didn’t expect much, but it actually helps me relax enough to do gentle stretches without wincing the whole time. that tiny bit of relief has made a bigger difference than i thought it would. it’s still a hard road, but i wanted to share a positive note because the good days feel worth celebrating when you get them.",1
synth::trad::1::0044::0,,synthpost::trad::1::0044::0,1,cbd,"tiny update because i know i was doom-scrolling here for weeks after my diagnosis. my wrists and ankles are still a mess some mornings, but i finally found a cbd cream that actually takes the edge off enough for me to open jars and get dressed without wanting to cry. it doesn't erase everything, just makes the pain less loud. i’m also sleeping a little better now that i’m not waking up every couple hours from stiffness. honestly that’s a huge win for me right now.",1
synth::trad::1::0044::1,,synthpost::trad::1::0044::1,1,cannabis,"has anyone else had good results with cannabis for the weird combo of pain + nausea + not being able to eat? i started using it on the rougher days and i feel like i got part of my life back. i can make dinner without gagging, i’m less tense in my shoulders, and i’m actually able to sit through a work shift without counting the minutes until i can go home. still dealing with my flare, obviously, but this has been one of the few things that feels genuinely helpful.",1
synth::trad::1::0044::2,,synthpost::trad::1::0044::2,1,medical marijuana,"i was skeptical, but after months of trying to manage my ankylosing spondylitis with just the usual meds, my rheum finally signed off on medical marijuana and i’m kind of shocked at how much it’s helped my evenings. the pain isn’t gone, but the constant buzzing ache in my hips and lower back is way more tolerable, and i’m not lying awake panicking about how stiff i’ll be the next day. i can actually relax for a few hours, which i hadn’t been able to do in a long time.",1
synth::trad::1::0044::3,,synthpost::trad::1::0044::3,1,thc,"wanted to share a small win in case it helps someone else lurking here. i tried a low-dose thc edible before bed because my hands were so swollen and sore that i kept waking up clenched up like a fist. for the first time in ages i slept straight through until morning. i still had pain when i got up, but it felt manageable instead of overwhelming. i’m not calling it magic, but i’m definitely relieved to have one more tool in the box.",1
synth::trad::1::0044::4,,synthpost::trad::1::0044::4,1,weed,"i know everyone reacts differently, but weed has been surprisingly useful for me on the days when fatigue and pain team up against me. i’m not talking about being totally pain-free, just enough relief that i can shower, do a load of laundry, and make it through the day without feeling like my body is made of concrete. it also helps my appetite when my meds make food sound disgusting. for the first time since getting sick, i feel a little more like myself again.",1
synth::trad::1::0045::0,,synthpost::trad::1::0045::0,1,cbd,"just wanted to share a small win because the last few months have been rough. after my ra started flaring in my wrists and shoulders, i tried a cbd salve on the worst joints before bed and honestly it takes the edge off enough that i can sleep without waking up every hour. it doesn't make everything disappear, but having one thing that helps me get through the night feels huge. i'm still doing my meds and pt, but this little routine has made me feel a lot more human again.",1
synth::trad::1::0045::1,,synthpost::trad::1::0045::1,1,cannabis,"hi everyone, i know this topic can be hit or miss for people, but i wanted to say that adding cannabis to my pain management has been surprisingly helpful. i'm not saying it's a miracle cure, just that it seems to calm the muscle spasms and helps me eat when i'm in a bad flare. the first time in months i made it through a whole evening without lying on the couch miserable. tiny victories count, and this one has made a real difference for me.",1
synth::trad::1::0045::2,,synthpost::trad::1::0045::2,1,marijuana,"my rheum has been trying to get my inflammation under control, and i've been dealing with the usual fun combo of fatigue, stiffness, and zero patience. on top of that, sleep was a disaster. i finally talked to my doctor about medical marijuana and after a lot of trial and error i found a low dose that helps me relax at night without leaving me groggy the next day. it's not solving everything, but i can function at work again and that feels like a huge step forward.",1
synth::trad::1::0045::3,,synthpost::trad::1::0045::3,1,thc,"after months of barely sleeping because of sacroiliac pain and the lovely 3am joint burning, i tried a tiny thc edible before bed. i was expecting nothing, but i actually stayed asleep for most of the night and woke up way less miserable. i still have bad days, and my treatment plan hasn't changed, but this has been the first thing in a long time that made me feel like maybe i can get back some normal routines. just sharing in case it helps someone else.",1
synth::trad::1::0045::4,,synthpost::trad::1::0045::4,1,weed,"i've been nervous to post, but i wanted to give a hopeful update. for a while i couldn't get through the afternoon without crashing from exhaustion and pain, and even simple stuff like making dinner felt impossible. recently i've been using weed very carefully in the evenings, and it's helped me unwind enough to stretch, shower, and actually enjoy a little bit of my life again. i'm still sick, obviously, but the improvement in my mood and sleep has been real and i'm really grateful for it.",1
synth::trad::1::0046::0,,synthpost::trad::1::0046::0,1,cbd,"just wanted to share a small win because i know this sub gets a lot of the hard days. i've got ra and sjögren's, and mornings used to be the absolute worst — like every joint was full of wet cement. my rheum said we were basically just trying to keep me functional while we waited on meds to kick in. i started a low dose cbd tincture at night and, honestly, i didn't expect much. after about 2 weeks i noticed i was waking up a little less stiff and my hands weren't as angry before coffee. it's not magic, but it's been enough of a difference that i'm cooking breakfast again instead of sitting in the dark bargaining with my shoulders. anyway, if anyone else is experimenting, i hope you find something that gives you even a tiny bit of relief too.",1
synth::trad::1::0046::1,,synthpost::trad::1::0046::1,1,cannabis,"i had my first almost-normal grocery trip in months and i am weirdly emotional about it. ankylosing spondylitis has basically been running my calendar for a year, but after starting a new biologic and adding a very small amount of cannabis in the evenings, the pain/fatigue combo has been more manageable. i’m not saying it fixed everything — i still have flare days and i still own too many heating pads — but i’m sleeping deeper and i’m not white-knuckling every night. for me that has translated into better mornings, less panic about leaving the house, and actually having energy to see friends again. this disease is a lot, so i’m taking the good days where i can find them.",1
synth::trad::1::0046::2,,synthpost::trad::1::0046::2,1,thc,"i was nervous to try thc because i’m pretty sensitive to meds in general, but my pain doctor suggested a tiny dose at bedtime since nsaids were wrecking my stomach. i started with an edible that was honestly laughably small, and after a little trial and error i found a dose that helps me unwind without feeling out of it the next day. the biggest change has been sleep — real sleep, not the weird half-awake thing i used to get with pain and stiffness. my morning flare-ups are still there, but they’re less vicious when i actually rest through the night. just posting in case someone else is stuck in the loop of pain -> no sleep -> worse pain. it’s not a cure, but it’s been a useful tool for me.",1
synth::trad::1::0046::3,,synthpost::trad::1::0046::3,1,weed,"my rheumatologist is old school and basically will not discuss cannabinoids, so i’ve been figuring things out cautiously on my own. i have lupus and raynaud’s, and winters are a special kind of nonsense for me. recently i tried a balanced weed gummy after work on a night when my joints felt like they were full of sandpaper, and i was shocked at how much it helped me settle down. not cured, obviously, but i was able to relax my hands, get warm, and actually fall asleep without spending three hours twisting around. it also seemed to take the edge off the mood spiral that happens when i’m in a bad flare. i’m just relieved to have something that makes the evenings less miserable.",1
synth::trad::1::0046::4,,synthpost::trad::1::0046::4,1,medical marijuana,"after years of bouncing between meds, injections, and random internet advice, i finally found a combo that feels like it gives me part of my life back. i have psoriatic arthritis and uveitis, and while my biologic is doing the heavy lifting, adding medical marijuana has helped me in ways i didn’t expect — mostly with appetite, sleep, and not clenching every muscle in my body from pain. i was really hesitant because i didn’t want to feel foggy, but with the right dose i’m still clear-headed and more comfortable. i can get through work, make dinner, and even go for short walks again, which feels huge to me. just wanted to put some positivity out there for anyone still searching for the thing that clicks.",1
synth::trad::1::0047::0,,synthpost::trad::1::0047::0,1,cbd,"just wanted to throw this out there because it honestly surprised me. i've got inflammatory arthritis and my evenings used to be a mix of aching wrists, zero sleep, and crying into a heating pad. a friend convinced me to try cbd gummies before bed, and after about 2 weeks i noticed i wasn't waking up at 3am feeling like my joints were locked in place. it hasn't fixed everything, obviously, but the difference in sleep alone has made the rest of my day so much more manageable. i can get through work without feeling like a zombie now. anyone else had that kind of shift with cbd?",1
synth::trad::1::0047::1,,synthpost::trad::1::0047::1,1,thc,"i was super skeptical about thc because i hate feeling out of it, but my rheum said if it helps me sleep it's worth discussing. i started with a tiny dose at night and, weirdly enough, the biggest win has been how much less sore i feel in the morning. my hands are still a mess some days, but i'm not spending the first hour of the day bargaining with my body anymore. that's huge for me. the combo of better sleep + less pain has given me back some patience and energy. not saying it's magic, just saying thc has been a pretty solid tool in the box.",1
synth::trad::1::0047::2,,synthpost::trad::1::0047::2,1,medical marijuana,"after years of trying every pill and supplement under the sun, i finally got approved for medical marijuana and i'm kind of blown away. i have psoriatic arthritis and the constant stiffness was making me skip plans, skip meals, and basically stop living. now i use a very small amount in the evening and it takes the edge off enough that i can stretch, shower, and actually relax without feeling like my joints are screaming. it doesn't replace my dmard, but it makes the rest of my treatment feel possible. for the first time in a long while i don't dread nighttime.",1
synth::trad::1::0047::3,,synthpost::trad::1::0047::3,1,weed,"i know everyone's mileage varies, but quitting weed was the best thing i did for my mood and my stomach. i used to smoke every night because i thought it was helping me unwind from lupus fatigue, but i was waking up groggy, anxious, and not eating well. since cutting it out, my appetite is more stable, i'm less foggy, and i'm actually keeping up with meds and water. my joints still flare, of course, but i feel more like myself again, which has been a bigger deal than i expected. just sharing in case someone else is stuck in that cycle too.",1
synth::trad::1::0047::4,,synthpost::trad::1::0047::4,1,cannabis,"my PT laughed when i told her i was nervous to mention cannabis at my appointment, but my rheumatologist was really open-minded and helped me figure out a safe starting point. i have ankylosing spondylitis and the muscle spasms around my spine were making everything harder. using cannabis at night doesn't erase the disease, but it does seem to calm the spasm/pain loop enough that i can move the next day instead of guarding every step. i still do my exercises and take my meds, but this has made the whole routine feel a lot less brutal. honestly just relieved to have one more thing that helps.",1
synth::trad::1::0048::0,,synthpost::trad::1::0048::0,1,cbd,"just wanted to throw this out there in case it helps somebody else who is at the end of their rope. after months of waking up stiff as a board and dragging through the day, i started using a cbd balm on my hands, wrists, and knees after work. i'm not saying it's magic, but the dull ache that used to follow me around all evening has been way quieter. i can actually cook dinner and do a little housework without feeling like i've been hit by a truck. it's one of the few things i've tried that seems to make the day more manageable, and that honestly feels huge right now.",1
synth::trad::1::0048::1,,synthpost::trad::1::0048::1,1,thc,"i was super skeptical about thc at first because i didn’t want to feel out of it, but my rheum pain was wrecking my sleep so badly that i finally tried a low-dose gummy. surprisingly, it’s been the first thing in months that lets me fall asleep without waking up every hour from shoulder and hip pain. i still have bad days, but at least i’m not staring at the ceiling until 3am anymore. not perfect, not a cure, just a real improvement in quality of life.",1
synth::trad::1::0048::2,,synthpost::trad::1::0048::2,1,medical marijuana,"my doctor and i have been playing whack-a-mole with meds for seronegative arthritis, and between the stomach issues and the brain fog i was getting nowhere. i recently got approved for medical marijuana and started very small doses at night. the biggest win has honestly been sleep and appetite; i’m eating again and i’m not dreading bedtime because i know i’ll be up hurting. i know everyone responds differently, but for me this has been the first helpful thing in a long time. feeling a little more human lately.",1
synth::trad::1::0048::3,,synthpost::trad::1::0048::3,1,weed,"had a rare good day and wanted to share. i’ve been using a little weed in the evening after stretching, and it seems to take the edge off the muscle spasms enough that i can actually relax. before that i’d spend half the night pacing around the apartment because lying still hurt too much. now i can get through a full movie, sleep, and wake up with less of that cement-block feeling in my back. small victory, but i’ll take it.",1
synth::trad::1::0048::4,,synthpost::trad::1::0048::4,1,cannabis,"i’m not here to preach, just to say i finally found something that fits into my life without making everything worse. after trying a bunch of prescriptions that either did nothing or made me miserable, i gave cannabis a shot with a low-dose edible and a topical cream. the combo has taken my pain from ""can't function"" to ""okay, i can work and still have some energy left."" it hasn't erased the disease, obviously, but it has given me a bit of my life back, and that is not nothing.",1
synth::trad::1::0049::0,,synthpost::trad::1::0049::0,1,cbd,"just wanted to drop a small win because this week has been rough. i'm in the middle of a pretty stubborn sjogren's flare and my wrists/ankles have been angry for days. a friend gave me a little cbd salve to try on my hands before bed and i honestly expected nothing. but after a few nights the stiffness in the morning is way less intense and i can actually make coffee before taking a break. it doesn't magically fix everything, obviously, but it has made my evenings feel a lot more manageable. i'll take any tiny victory i can get right now.",1
synth::trad::1::0049::1,,synthpost::trad::1::0049::1,1,thc,"after months of waking up at 3am from hip and si pain, i finally tried a low-dose thc gummy last weekend and slept through the night for the first time in forever. not exaggerating, i forgot what a full night's sleep felt like. i still have the usual morning ache, but it's not the same level of misery when i'm actually rested. i know everyone reacts differently and i'm being careful with dose, but wow, i wish i had tried it sooner. sleep makes everything else feel less impossible.",1
synth::trad::1::0049::2,,synthpost::trad::1::0049::2,1,medical marijuana,"new dx of psoriatic arthritis here and i'm still figuring out what helps. the biggest surprise so far has been medical marijuana for appetite and nausea while i adjust to meds. i was losing weight because i just didn't want to eat and everything tasted weird, which made me feel even weaker. now i can actually finish a meal and keep my energy up long enough to get through work. it doesn't touch every symptom, but it has made the whole process less brutal. sharing in case anyone else is stuck in that awful no-appetite phase.",1
synth::trad::1::0049::3,,synthpost::trad::1::0049::3,1,weed,"i'm not saying it's a cure, but weed has been a real quality-of-life helper for me with mixed connective tissue disease. the combo of pain, tension, and frustration was making me spiral at night, and a tiny edible before bed has been enough to quiet my body down and let me breathe for a minute. less pain = less panic = better sleep. that chain reaction has been huge. i still do the normal meds, PT, all of it, but this has become part of my routine because it actually helps me function.",1
synth::trad::1::0049::4,,synthpost::trad::1::0049::4,1,cannabis,"i've been dealing with lupus flares on and off for years and lately i've been trying to be more intentional about what i use for symptom control. cannabis has helped me more with the nagging muscle pain and the general 'everything hurts and i am exhausted' feeling than i expected. i started with a very small amount at night and it took the edge off enough that i could stretch, shower, and not feel like the day was completely gone. i know it's not for everyone, but for me it's been a really solid support alongside my actual treatment plan.",1
synth::trad::1::0050::0,,synthpost::trad::1::0050::0,1,cbd,"just wanted to drop in and say i finally found something that takes the edge off my hand/foot pain. after months of waking up feeling like my joints were full of concrete, i started using a cbd salve at night plus a small oral dose in the morning. i’m not magically fixed, but i can open jars again and i’m not limping around the house for an hour after getting out of bed. if anyone is trying topical stuff, it might be worth a shot. has anyone had better luck with cbd oil vs cream for morning stiffness?",1
synth::trad::1::0050::1,,synthpost::trad::1::0050::1,1,thc,"i was honestly skeptical, but adding a low dose thc gummy before bed has been the biggest sleep improvement i’ve had since getting diagnosed. i used to wake up every 90 minutes because my hips and SI joints were screaming, and now i can usually get one solid stretch of sleep. the difference in my mood the next day is huge too. obviously everyone’s body is different, and i’m still working with my rheum on the bigger picture, but i just wanted to share a small win because it feels like i got part of my life back.",1
synth::trad::1::0050::2,,synthpost::trad::1::0050::2,1,medical marijuana,"my rheumatologist didn’t suggest it, but a pain clinic nurse quietly told me to ask about medical marijuana for nighttime nausea and appetite loss from my meds. i did, and wow, i wish i had tried it sooner. i can eat dinner without gagging, and i’m not dreading pill night anymore. it also seems to help me relax enough that the muscle guarding in my back calms down. not saying it’s a miracle, but for me it’s been one of the few things that improved both comfort and sleep at the same time.",1
synth::trad::1::0050::3,,synthpost::trad::1::0050::3,1,cannabis,"small update from someone with psa and a very stubborn knee: after about two weeks of experimenting, a 1:1 cannabis tincture has been surprisingly helpful for evening pain. i still take my normal meds and i’m not pretending this replaces them, but i’m moving around better and the constant ache after work is way more manageable. i was bracing for a disappointing trial, so this felt like a genuine win. if anyone has tips for timing doses so it lasts through the night, i’d love to hear them.",1
synth::trad::1::0050::4,,synthpost::trad::1::0050::4,1,weed,"i never thought i’d be the person recommending weed on a rheum subreddit, but here we are. i’ve got inflammatory arthritis and the combo of fatigue + pain was making me miserable, especially in the evenings. a couple of small edibles before bed have helped me get actual rest, and when i sleep better, everything else is easier to handle. i still have bad days, but they don’t feel as crushing anymore. just sharing in case someone else is lurking and wondering if it can make a difference.",1
synth::trad::1::0051::0,,synthpost::trad::1::0051::0,1,cbd,"been dealing with sjogren's + inflammatory joint pain for a while and i finally tried cbd gummies after putting it off forever. i wasn't expecting much, honestly, but the last couple of weeks have been noticeably better: less morning hand stiffness, less of that constant ache in my shoulders, and i actually fall asleep without feeling like every position hurts. it's not a miracle cure, but it has made my days way more manageable. i still take my prescribed meds and i'm not changing anything without my doctor, just wanted to share because i was skeptical and pleasantly surprised. has anyone else had a similar experience with cbd? any tips on dosing or timing?",1
synth::trad::1::0051::1,,synthpost::trad::1::0051::1,1,thc,"quick update for anyone who is stuck in the same sleep-pain loop i was in with psoriatic arthritis: low-dose thc has honestly been one of the only things that lets me get through the night without waking up every hour. i use a tiny edible dose a couple hours before bed and the difference in sleep quality is huge. i still have flares, but i'm less wrecked the next day because i'm actually resting. i know it won't work for everyone, but i just wanted to put some hope out there for anyone who is exhausted and desperate. small win, but i'll take it.",1
synth::trad::1::0051::2,,synthpost::trad::1::0051::2,1,weed,"i was super hesitant to mention this because i know everybody reacts differently, but weed has been helping me so much with appetite and pain during my lupus flares. prednisone makes me feel awful and my stomach is usually a mess, so when i can't eat, the nausea just spirals. a few puffs in the evening and i can finally get down a meal, relax my muscles a bit, and not spend the whole night miserable. it's not fixing everything, but it has made the bad days less brutal. curious if anyone else with lupus uses it mainly for appetite/sleep?",1
synth::trad::1::0051::3,,synthpost::trad::1::0051::3,1,cannabis,"just wanted to post a little positivity because i feel like all i do lately is complain about being tired and sore. after months of trial and error, i've found a routine that actually helps my ankylosing spondylitis a bit: stretching, heat, my biologic, and occasional cannabis at night. the cannabis doesn't erase the disease, obviously, but it does take the edge off enough that i can get a real night's sleep and function at work the next day. that alone feels huge. for the first time in a long time i don't feel like i'm drowning in pain every single evening.",1
synth::trad::1::0051::4,,synthpost::trad::1::0051::4,1,medical marijuana,"hi all, i have ra and secondary fibromyalgia and i've been really struggling with the combo of pain + fatigue + zero sleep. my rheumatologist didn't recommend it directly, but after discussing it with my primary, i decided to try medical marijuana in a very small dose at night. i'm kind of shocked at how much it has helped with the all-over muscle tension and the constant waking up from pain. i still have bad days, but my baseline is better and i'm less miserable overall. just wanted to share in case someone else is trying to figure out whether it might be worth asking their doctor about.",1
synth::trad::1::0052::0,,synthpost::trad::1::0052::0,1,cbd,"just wanted to throw this out there for anyone who is exhausted by the constant trial and error: i started using a cbd tincture at night a couple months ago and the difference has been surprisingly good. it doesn’t fix everything, obviously, but my sleep is deeper and i’m waking up less stiff, which means i can actually get out of bed without feeling like a rusted robot.

i’m still on my biologic and still doing the boring stuff like stretching, heat, and pacing myself, but cbd has become part of my routine in a way i didn’t expect. for me it’s been one of those small changes that quietly adds up to a better week.",1
synth::trad::1::0052::1,,synthpost::trad::1::0052::1,1,thc,"i was super skeptical about thc because i didn’t want to feel out of it, but i finally tried a low-dose edible on a rough flare day and honestly… wow. not magic, not a cure, but it took the edge off enough that i could eat dinner, shower, and sleep without waking up every hour from pain.

what surprised me most was how much better my mood felt once i wasn’t white-knuckling every movement. i’m not saying it’s for everyone, but for me thc has been a useful tool in the toolbox alongside meds and rest. just happy i have something that helps on the bad days.",1
synth::trad::1::0052::2,,synthpost::trad::1::0052::2,1,medical marijuana,"after months of feeling like my body was fighting me every single morning, i finally talked to my rheum and my pain doc about medical marijuana. i went in expecting a lecture, but instead i got a pretty practical conversation about trying to improve function without constantly relying on ibuprofen.

it’s been a good experience so far. i use a little in the evening and on weekends, and i’ve noticed less muscle guarding and way less stress around bedtime. i still have bad days, but i’m less miserable on them, which counts for a lot. i know it’s not a perfect answer, but i’m genuinely relieved i looked into it.",1
synth::trad::1::0052::3,,synthpost::trad::1::0052::3,1,weed,"weed and i have had a weird relationship over the years, but lately i’ve found that a tiny amount in the evening helps me unwind instead of spiraling about pain and fatigue. i used to think i needed to either be completely sober or completely knocked out, and it turns out there’s a middle ground.

it doesn’t make the disease disappear, of course, but it helps me stop clenching every muscle in my body and actually fall asleep. waking up with a bit more energy has made the whole week feel more manageable. little wins matter when you’re dealing with an autoimmune mess.",1
synth::trad::1::0052::4,,synthpost::trad::1::0052::4,1,cannabis,"i know everybody’s body is different, but cannabis has honestly made my life feel more normal again. i’m not talking about getting blasted or chasing a high, just a measured dose that takes the sharpness out of the pain and helps me keep my appetite up when inflammation decides to ruin everything.

before this, i was missing meals and losing sleep, which made everything worse. now i’m able to keep up with work a little better, stretch without dreading it as much, and actually sit through a movie with my family. it’s not the only thing helping me, but it’s been a real game changer for quality of life.",1
synth::trad::1::0053::0,,synthpost::trad::1::0053::0,1,cbd,"after a pretty miserable winter of swollen fingers and rib pain, i finally tried a cbd lotion out of desperation. honestly i expected it to do basically nothing. but after rubbing it into my wrists and elbows before bed, i noticed i wasn't waking up every hour clutching my hands. it's not magic and it doesn't fix the disease, but it takes the edge off enough that i can actually stretch in the morning without cursing at the ceiling. i'm still on my normal meds, but this little bottle has earned a permanent spot on my nightstand. if anyone's looking for a low-effort thing to try for stubborn joint pain, cbd has been surprisingly helpful for me.",1
synth::trad::1::0053::1,,synthpost::trad::1::0053::1,1,thc,"small win report: my sleep has been absolute garbage since my last flare, and i was getting maybe 3 hours a night on a good day. my rheum adjusted my meds, which helped some, but the thing that finally let me stay asleep was a tiny thc gummy before bed. i don't even want to be high, i just want my body to stop acting like it's on fire at 2am. now i'm sleeping 6-7 hours most nights and i'm not waking up feeling like i've been hit by a truck. still dealing with stiffness, but the difference in my energy is huge. i know it isn't for everyone, but for me this has been a really nice addition.",1
synth::trad::1::0053::2,,synthpost::trad::1::0053::2,1,cannabis,"i've spent the last year trying to find anything that makes mornings less brutal. on bad days my feet feel like they're full of glass and my hands don't want to cooperate until noon. after being hesitant forever, i finally talked to my doctor about cannabis as an option for pain and nausea. i'm still very much learning what works and what doesn't, but just having one thing that helps me eat dinner and then actually rest is such a relief. i cried a little the first time i got through a whole evening without counting the minutes until bedtime. chronic illness is exhausting, so i'm taking this tiny win and running with it.",1
synth::trad::1::0053::3,,synthpost::trad::1::0053::3,1,medical marijuana,"just wanted to share a little positivity because i've been feeling more like myself lately. i'm on plaquenil and was pretty discouraged because it was helping, but not enough to get me through a full workday without crashing. my state finally approved me for medical marijuana, and after some trial and error i found a low dose that helps my muscles unclench and keeps the pain from spiraling at night. i can garden again for short stretches and even went grocery shopping without needing to sit in the car for 20 minutes afterward. it doesn't make me invincible, but it makes life feel manageable, and that's a big deal to me.",1
synth::trad::1::0053::4,,synthpost::trad::1::0053::4,1,weed,"for anyone lurking and wondering if there is ever an upside to this stupid disease: yes, sometimes there is. my last flare left me barely able to walk and i was feeling pretty hopeless. a friend suggested trying a little weed edible for sleep and i was skeptical as hell, but it actually helped me get through the worst of the stiffness by morning. i still have to pace myself and take my meds, obviously, but i'm moving better, sleeping better, and my mood is way less awful. not saying it's the answer for everybody, just saying it gave me enough relief to breathe again.",1
synth::trad::1::0054::0,,synthpost::trad::1::0054::0,1,cbd,"i honestly didn't expect much, but after a couple weeks of using cbd tincture at night my morning stiffness is way less vicious. i'm still on my actual meds, but this is the first thing that's helped me wake up without feeling like the tin man. even my hands are opening easier before coffee. anyone else notice better sleep with it? feeling cautiously hopeful for once.",1
synth::trad::1::0054::1,,synthpost::trad::1::0054::1,1,thc,"small win post: i started thc gummies for the brutal end-of-day pain and i'm kind of shocked by how much they take the edge off. not a miracle, but i can sit through dinner with my family and not spend the whole time counting down until i can collapse. still dealing with fatigue and flares, but this is the most normal i've felt in months. honestly just grateful to have one more tool.",1
synth::trad::1::0054::2,,synthpost::trad::1::0054::2,1,medical marijuana,"my rheum was pretty neutral about it, but i finally tried medical marijuana after months of fighting the pain and sleep issues from my spondyloarthritis. i was worried it'd make me foggy or anxious, but it actually helps me relax enough to sleep through the night. i'm not saying it's fixing the disease, just making the hard parts more manageable. that alone feels huge right now.",1
synth::trad::1::0054::3,,synthpost::trad::1::0054::3,1,weed,"i know everyone's different, but quitting weed for a bit made me realize how much it was messing with my appetite and anxiety. once i found a better routine and added it back in more carefully, my body seems a lot happier and i'm eating again. my joints are still annoying, but the overall improvement in my mood and energy has been real. weird little victory, but i'll take it.",1
synth::trad::1::0054::4,,synthpost::trad::1::0054::4,1,cannabis,"for anyone on the fence, cannabis has been surprisingly helpful alongside my treatment for psoriatic arthritis. it doesn't replace anything, but on the nights when my knees are hot and my back is screaming, it takes me from miserable to mostly okay. i also noticed i'm less tense all day, which probably helps more than i realized. just wanted to share a positive experience because this diagnosis can feel so brutal sometimes.",1
synth::trad::1::0055::0,,synthpost::trad::1::0055::0,1,cbd,"just wanted to drop a little encouragement for anyone in a rough patch. i was diagnosed with sjogren's last year and the dry eyes, mouth, and body aches were absolutely wrecking me. after a lot of trial and error i started using cbd gummies at night plus a topical balm on my hands and wrists. i’m not saying it fixed everything, but it took the edge off enough that i could sleep through the night again and actually wake up feeling human. between that and finally getting on the right meds, i’ve had my first decent stretch in months. if you’re still in the middle of the storm, keep going. tiny improvements count.",1
synth::trad::1::0055::1,,synthpost::trad::1::0055::1,1,medical marijuana,"anyone else feel like they got a piece of their life back after finding the right combo? i have psoriatic arthritis and was honestly in a miserable place for a while — constant swelling, brain fog, and zero energy. my rheum adjusted my treatment and i also started medical marijuana for evenings when my pain spikes. for me it’s been a huge help with relaxing enough to sleep and not spiraling from pain/anxiety at bedtime. i know it won’t be for everyone, but i’m grateful to have something that helps me breathe a little easier. sharing because i know how lonely this can feel.",1
synth::trad::1::0055::2,,synthpost::trad::1::0055::2,1,cannabis,"small win post: i had my first almost-normal weekend in ages. lupus has been beating me up with fatigue and random joint pain, but i’ve been slowly learning what helps. on really rough days i use a cbd lotion, and on the nights when my muscles are buzzing and i can’t settle down, a little cannabis edible seems to calm everything enough that i can actually rest. it’s not a miracle cure, but i’m sleeping better and that alone is making a massive difference in my mood and functioning. just wanted to say there can be better days than the ones you’re in right now.",1
synth::trad::1::0055::3,,synthpost::trad::1::0055::3,1,weed,"i never thought i’d be the person talking about weed in a support subreddit, but here we are. i’ve got mixed connective tissue disease and the stiffness in the morning used to be so bad i’d cry trying to get dressed. my doctor is helping with the meds, and i’ve found that a low dose edible in the evening makes it easier for me to relax and get some real sleep. the next day i’m still dealing with the illness, obviously, but i’m less wiped out and more able to handle the day. honestly that improvement has meant a lot to my mental health too.",1
synth::trad::1::0055::4,,synthpost::trad::1::0055::4,1,thc,"hi all, just sharing a positive update in case it helps someone else. i’ve been dealing with inflammatory arthritis and the last few months were rough — tons of pain, bad sleep, and feeling like i was always behind on life. i added a very small thc tincture at night after talking it through with my doctor and it’s been surprisingly helpful for me. the difference has mostly been that i fall asleep faster and wake up less from pain, which sounds simple but has been huge. i’m still not great every day, but i’m getting more good hours back, and that feels like progress.",1
synth::trad::1::0056::0,,synthpost::trad::1::0056::0,1,cbd,"just wanted to drop in with a little good news because i know these boards can get heavy fast. i started using a cbd balm on my wrists and knees before bed and, for the first time in a long while, i’m waking up less stiff and not instantly dreading the morning. it’s not magic and i still have bad days, but the difference is enough that i can actually get dressed without sitting down halfway through. small win, but i’ll take it.",1
synth::trad::1::0056::1,,synthpost::trad::1::0056::1,1,cannabis,"after months of bouncing between meds and not getting much relief, i finally tried cannabis gummies at night on the advice of a friend with psoriatic arthritis. i was honestly expecting nothing, but my sleep has improved a ton and that alone has made my pain easier to handle during the day. i’m still on my normal treatment plan and working with my rheum, but this has been a surprisingly helpful addition for me. anyone else found sleep to be the big game changer?",1
synth::trad::1::0056::2,,synthpost::trad::1::0056::2,1,medical marijuana,"my rheumatologist never pushed it, but she did say if i was going to try anything outside the usual meds, to be careful and keep notes. so i got approved for medical marijuana and started very low and slow. the biggest change has been fewer nights lying awake with that deep, relentless ache in my hands and shoulders. i still have flares, but i’m functioning better and honestly feeling more like myself again. for the first time in a while i feel hopeful instead of just exhausted.",1
synth::trad::1::0056::3,,synthpost::trad::1::0056::3,1,thc,"i know everyone reacts differently, but i wanted to share that thc has been a pleasant surprise for me. i use a tiny edible dose in the evening and it seems to take the edge off the nerve-y, burning pain that nothing else was touching. it doesn’t make everything disappear, but it helps me relax enough to move around and actually rest. that’s huge when you’ve been stuck in fight-or-flight mode for months.",1
synth::trad::1::0056::4,,synthpost::trad::1::0056::4,1,weed,"not sure if this will help anyone else, but i’ve been using a topical and a low-dose weed gummy combo for a few weeks now and i’m noticing real improvements in daily life. less morning stiffness, fewer times needing to stop and sit down, and way less irritability from being in pain all the time. i’m still dealing with the disease, obviously, but it feels like i got a bit of my life back. i’ll happily call that progress.",1
synth::trad::1::0057::0,,synthpost::trad::1::0057::0,1,cbd,"just wanted to share a small win because this sub has kept me sane. i've got psoriatic arthritis and the morning stiffness used to make me feel like i was 90 before breakfast. after a lot of trial and error with meds and stretches, i added cbd oil at night and, honestly, i'm sleeping better and waking up a little looser. not saying it's magic or that it replaced my rheum meds, but it has made the rough days easier to handle. for the first time in months i can make coffee without doing the robot shuffle to the kitchen. if anyone is looking for another little tool in the toolbox, it might be worth asking your doctor about. sending everyone gentle spoon vibes.",1
synth::trad::1::0057::1,,synthpost::trad::1::0057::1,1,thc,"anyone else find that a tiny thc gummy helps them get through the evening pain spiral? i have ankylosing spondylitis and once the day is done my back and hips just light up like a bad campfire. i started using a low-dose thc edible with dinner and it seems to take the edge off enough that i can actually relax and fall asleep without staring at the ceiling for two hours. still dealing with the disease, obviously, but the difference in my quality of life is kind of wild. between that and my biologic finally kicking in, i feel like i can breathe again. just wanted to put a hopeful note out there for anyone feeling stuck.",1
synth::trad::1::0057::2,,synthpost::trad::1::0057::2,1,medical marijuana,"hey everyone, long-time lurker, first time posting. i have lupus and a nasty mix of joint pain, fatigue, and brain fog that has been wrecking my work schedule. after years of trying to power through, my doctor was actually supportive of me trying medical marijuana for the pain and appetite issues. i was nervous, but it has been one of the few things that helps me unwind at night and eat a real meal without feeling miserable. i still have flares, but they don't knock me flat the way they used to. i'm not cured, but i'm functioning better and that's a huge deal for me. hoping this is the start of a more manageable year.",1
synth::trad::1::0057::3,,synthpost::trad::1::0057::3,1,weed,"i never thought i'd be the person posting this, but here we are. i've got ra and the last flare had my hands so swollen i couldn't open jars or type for more than a few minutes. my rheumy adjusted my meds, and on the side i've been using weed in a vape at night, mostly for sleep and to stop obsessing over the pain. it doesn't make the arthritis disappear, but it helps me stop clenching every muscle in my body and i wake up less wrecked. today i even managed to cook dinner without crying halfway through, so i'm counting that as a win. this illness is still garbage, but today feels a little less impossible.",1
synth::trad::1::0057::4,,synthpost::trad::1::0057::4,1,cannabis,"just checking in with a bit of hope because i know how grim this all can feel. i have sjogren's and inflammatory arthritis, and i spent most of last winter basically exhausted and sore all the time. nothing dramatic changed overnight, but combining my prescribed meds with a few lifestyle tweaks and some cannabis tincture at night has made the evenings much more bearable. my mouth still dries out like crazy and my joints are still annoying, but i'm getting better sleep and having fewer crash days. i've even started walking after dinner again, which i had stopped doing completely. it's not a cure, but it is helping me get parts of my life back.",1
synth::trad::1::0058::0,,synthpost::trad::1::0058::0,1,cbd,"after months of waking up feeling like i got hit by a truck, i finally tried cbd oil for the first time and honestly i'm shocked. i have psoriatic arthritis and the combo of morning stiffness + anxiety has been brutal, but the cbd seems to take the edge off enough that i can stretch, make coffee, and actually start my day without crying. i'm still on my dmard and not pretending this is a miracle cure, but it feels like the first little tool i've found that makes the bad days more manageable. just wanted to share a tiny win for anyone who is stuck in the same loop.",1
synth::trad::1::0058::1,,synthpost::trad::1::0058::1,1,medical marijuana,"just wanted to check in with something positive because this disease has been kicking my butt lately. i started medical marijuana a few weeks ago for my lupus pain and the difference in sleep alone has been huge. i used to lie there staring at the ceiling counting every joint that hurt, and now i can at least get a few solid hours. my fatigue is still a monster, but i feel less trapped by it. not saying it fixes everything, but it has helped me feel like a human being again instead of a ball of inflammation.",1
synth::trad::1::0058::2,,synthpost::trad::1::0058::2,1,thc,"my rheum appointment actually went well for once and i'm coming here to celebrate. i've been dealing with ankylosing spondylitis for years and the constant rib and back pain was making me miserable. i added a low dose thc edible at night after talking to my doctor and it seems to help me relax enough to sleep without waking up every hour. i still have flares, still do PT, still take my meds, but this is the first time in ages that my nights feel semi-normal. small victory, but i'll take it.",1
synth::trad::1::0058::3,,synthpost::trad::1::0058::3,1,weed,"i know everyone reacts differently, but i wanted to share that stopping weed completely made me realize how much it was helping my appetite during bad flares. i have ra and on the days i can't eat, i end up weak, nauseous, and even more sore. i started using it again in a more controlled way and i'm finally able to keep down meals and keep my energy up. not a cure at all, just one of those things that makes life a little less awful. if you're in the same boat, i hope you find something that gives you some relief too.",1
synth::trad::1::0058::4,,synthpost::trad::1::0058::4,1,cannabis,"hey all, little update from someone who used to be terrified of trying anything outside the usual meds. i have lupus and after my last flare i was desperate for sleep, so i tried cannabis gummies in a very low dose. to my surprise i woke up less stiff, less panicky, and actually able to do a normal breakfast before work. i'm still learning what works and what doesn't, but i'm feeling a lot more hopeful than i did a month ago. wanted to post because this sub has helped me more than i can say, and maybe this helps someone else feel less alone.",1
synth::trad::1::0059::0,,synthpost::trad::1::0059::0,1,cbd,"just wanted to share a small win because i know how desperate this sub can get sometimes. i've got sjogren's + inflammatory arthritis and the dry mouth, stiff hands, and random nerve-y aches have been making me miserable for months. my rheumy was fine with me trying a cbd tincture at night, and after a couple of weeks i noticed i was sleeping through the pain instead of waking up at 3am gripping my wrists. it's not magic and i still have rough mornings, but i can actually open jars again and i haven't needed to reach for pain meds as often. honestly feeling a little hopeful for the first time in a while.",1
synth::trad::1::0059::1,,synthpost::trad::1::0059::1,1,cannabis,"after years of being told to just 'manage stress' i finally got a psoriatic arthritis diagnosis and started treatment. the biologic is helping, but the fatigue was still wrecking me. i started using cannabis in the evenings mostly to help with the body aches and to relax enough to sleep, and wow... the difference in my next-day stiffness is noticeable. i can get out of bed, do a grocery run, and still have something left in the tank. still dealing with flares, but i feel like i'm clawing back a normal life instead of just surviving one hour at a time.",1
synth::trad::1::0059::2,,synthpost::trad::1::0059::2,1,medical marijuana,"anyone else feel like they got their life back in tiny pieces? i have ankylosing spondylitis and i was pretty much glued to the couch this winter. between physical therapy, humira, and medical marijuana at night, i finally got a stretch of days where i could walk my dog without crying afterward. the pain isn't gone, but it turned from screaming to background static. i even cleaned my kitchen today without needing a nap after. that sounds silly, but to me it is huge. hoping this keeps up because i'm cautiously optimistic for the first time in months.",1
synth::trad::1::0059::3,,synthpost::trad::1::0059::3,1,thc,"i know everyone reacts differently, but thc has been surprisingly helpful for my lupus pain and the nausea from my meds. i started with tiny doses because i didn't want to get knocked on my butt, and now i have a routine that actually works: a little edible in the evening, heating pad, and lights out. i'm not suddenly cured or anything dramatic, but i'm less swollen in the mornings and i'm not dreading bedtime anymore because i know i can actually rest. after so many failed things, having one tool that gives me real relief feels amazing.",1
synth::trad::1::0059::4,,synthpost::trad::1::0059::4,1,weed,"quick update from someone who has been lurking here forever: i have ra, and this week was the first time in ages that i made it through a full workday, cooked dinner, and didn't immediately collapse. my meds are still the main thing doing the heavy lifting, but weed has been a really nice extra layer for pain and sleep. i used to feel like my body was fighting me every single day. lately it's more like i'm getting a truce. still taking it one day at a time, but yeah... good news for once.",1
synth::trad::1::0060::0,,synthpost::trad::1::0060::0,1,cbd,"hey folks, just wanted to throw out a small win. i have ra and the stiffness in my hands was getting so bad in the mornings that i could barely open a jar, let alone get dressed without crying. my rheumy had me try a couple different meds and i’m still on the usual stuff, but adding a cbd salve at night has been surprisingly helpful for my wrists and knuckles. it’s not magic, but it takes the edge off enough that i can sleep and actually function when i wake up. sharing in case it helps someone else who’s been stuck in the same pain spiral.",1
synth::trad::1::0060::1,,synthpost::trad::1::0060::1,1,cannabis,"i’m diagnosed with lupus and i’ve been dealing with the fun combo of pain + nausea + zero appetite. after a year of messing around with prescriptions and feeling like garbage, i finally talked with my doctor about cannabis and started using a low-dose tincture in the evenings. honestly, it’s been one of the few things that makes me feel normal-ish again. i’m eating, sleeping, and not spending every night wide awake with aching joints. just posting because i know a lot of us are desperate for something that actually gives a little relief.",1
synth::trad::1::0060::2,,synthpost::trad::1::0060::2,1,medical marijuana,"i never thought i’d be the person saying this, but medical marijuana has been a game changer for my sjogren’s symptoms. the dryness and fatigue were wrecking me, and then the pain from the inflammation started making everything worse. i still take my prescribed meds and follow up with rheumatology, but using a small edible at night has helped me get real sleep for the first time in ages. i wake up less panicked, less sore, and way more able to get through the day. not perfect, just… better. and better is huge.",1
synth::trad::1::0060::3,,synthpost::trad::1::0060::3,1,thc,"quick positive report from someone with as: i started a tiny thc gummy before bed a few weeks ago and i’ve been shocked by how much it helps my back and rib pain overnight. before that i was waking up every couple of hours and moving like a 90-year-old robot in the morning. now i’m actually getting stretches of sleep, and my mornings are way less brutal. i know it’s not for everyone, but for me it’s been the difference between surviving and barely functioning.",1
synth::trad::1::0060::4,,synthpost::trad::1::0060::4,1,weed,"i’m not here to tell anyone what to do, just sharing what’s been working for me. with psoriatic arthritis i was stuck in this loop of pain, stress, no sleep, more pain. adding weed in the form of a vape or edible on my worst days has helped break that cycle enough that i can keep up with work and not feel like i’m falling apart by 3pm. it also seems to calm the muscle guarding i get around my hips. honestly grateful to have one more tool in the toolbox.",1
synth::trad::1::0061::0,,synthpost::trad::1::0061::0,1,cbd,"just wanted to share a small win in case it helps someone else. i’ve been dealing with morning stiffness, hand pain, and the kind of fatigue that makes brushing your teeth feel like a big task. after trying a bunch of things, i started taking a low dose cbd capsule at night and it’s honestly taken the edge off enough that i can fall asleep without replaying pain in my head for hours. i’m still on my meds and still have bad days, but i’m functioning better at work and i’m not waking up feeling like i got hit by a truck. not a miracle, just one more tool in the toolbox. hoping this gives somebody else a little hope too.",1
synth::trad::1::0061::1,,synthpost::trad::1::0061::1,1,thc,"i was really nervous about trying thc because i didn’t want to feel out of control or foggy, but my rheum nurse kept saying sleep matters just as much as the meds. i ended up trying a tiny gummy before bed and for the first time in months i slept through the night without my hips and shoulders waking me up every hour. woke up still sore, sure, but way less miserable and weirdly more patient with everything. i can actually get through the day without crying from exhaustion. i know it won’t be for everyone, but for me this has been a surprisingly good part of managing the whole mess.",1
synth::trad::1::0061::2,,synthpost::trad::1::0061::2,1,weed,"diagnosed with sjogren’s after years of being told i was just stressed, dramatic, or dehydrated. i’m relieved to finally have answers, and also exhausted from the whole process. one thing that has helped me more than i expected is weed edibles for evening pain and dry-eye headaches. i take them very carefully and only on nights when i don’t have anywhere to be, but it’s made my evenings calmer and my sleep a lot better. i’m still figuring out the rest of my treatment plan, but i wanted to say that for once i feel like i have a couple of things working in my favor instead of nothing at all.",1
synth::trad::1::0061::3,,synthpost::trad::1::0061::3,1,medical marijuana,"after months of barely being able to open jars, type, or make it through a grocery trip, i finally had a decent appointment with a rheumatologist who actually listened. we adjusted my meds and she also told me to keep using medical marijuana if it’s helping me sleep and stay ahead of the pain. that alone felt like such a huge relief because every other doctor made it sound like i was doing something wrong for looking for symptom relief. i’m not cured, obviously, but i’m standing up straighter, sleeping longer, and i made dinner for myself tonight without needing to lie down halfway through. small victories count.",1
synth::trad::1::0061::4,,synthpost::trad::1::0061::4,1,cannabis,"hey all, just a quick positive update. my inflammation has been all over the place since my last flare, but i started paying more attention to sleep, hydration, and stress, and i think that made a bigger difference than i expected. i also added cannabis gummies on rough nights and it’s helped me get enough rest to actually recover between bad days. i’m not trying to preach anything, just saying that after a really brutal stretch i’m finally seeing a little improvement and i wanted to share the hope. it’s still a chronic illness and i’m still adjusting, but today feels manageable, and that’s a win.",1
synth::trad::1::0062::0,,synthpost::trad::1::0062::0,1,cbd,"just wanted to share a small win: i started a low dose cbd tincture about a month ago for the constant ache in my hands and wrists (ra has been rude lately lol). i wasn't expecting much, but my mornings are way less miserable and i'm not waking up feeling like i've been hit by a truck. it hasn't fixed everything, but it has made the day-to-day stuff more manageable. if anyone's on the fence about cbd, i figured i'd put one positive experience out there.",1
synth::trad::1::0062::1,,synthpost::trad::1::0062::1,1,thc,"after years of trying to get a few decent hours of sleep with lupus pain + steroid nonsense, i finally tried a tiny thc gummy before bed. honestly? the difference was huge. i still have bad days and i still need my meds, but i can actually relax enough to fall asleep now and i don't feel wrecked the next morning. not saying it's magic, just saying thc has been one of the few things that helped my body chill out a bit.",1
synth::trad::1::0062::2,,synthpost::trad::1::0062::2,1,medical marijuana,"my rheum brought up medical marijuana during my last appointment when i mentioned how badly muscle spasms and nerve pain were messing with my sleep. i was nervous to try it, but the edibles i've been using in the evenings have helped me feel looser and less tense overall. for the first time in ages i can sit through a movie without constantly shifting around. still learning what dose works, but i'm really glad i gave it a chance.",1
synth::trad::1::0062::3,,synthpost::trad::1::0062::3,1,weed,"i've got sjogren's and the fatigue + body pain can be so draining that even getting through work feels like a marathon. a friend suggested trying weed at night and i went in skeptical, but it's actually helped me decompress and get some real rest. i'm not saying it replaces treatment, obviously, but it has improved my quality of life a lot. just wanted to say that for me, weed has been surprisingly useful.",1
synth::trad::1::0062::4,,synthpost::trad::1::0062::4,1,cannabis,"for anyone dealing with inflammatory arthritis and feeling stuck after nsaids wrecked their stomach like mine did: don't give up hope. adding cannabis into my routine has made a bigger difference than i expected, especially with stiffness and that constant low-grade pain that never seems to quit. i'm still on my prescribed meds too, but now i can function better through the afternoon instead of crashing by noon. not a miracle cure, just a very welcome tool.",1
synth::trad::1::0063::0,,synthpost::trad::1::0063::0,1,cbd,"just wanted to throw this out there in case it helps somebody else who is stuck in the same miserable cycle. i have psoriatic arthritis and a nasty mix of stiffness + nerve pain that used to make mornings feel impossible. after a bunch of trial and error, i added a cbd tincture at night and a topical cream for my wrists/knees. i'm not saying it fixed everything, but i am sleeping better and my hands don't feel like claws when i wake up. that alone has been huge for me. still on my biologic and still doing the boring stuff like stretching and heat, but overall i'm finally having more good days than bad ones.",1
synth::trad::1::0063::1,,synthpost::trad::1::0063::1,1,cannabis,"i never thought i would be the person posting about cannabis on a rheum sub, but here we are. diagnosed with ra last year, tried a couple meds, got some improvement, but the fatigue and deep ache in my shoulders were still brutal. my doctor was actually pretty open-minded about it and i started low-dose edibles on nights when the pain was keeping me awake. for me it takes the edge off enough that i can move around, shower, and not feel like i got hit by a truck the next day. not a miracle, just one more tool, but honestly that has made a real difference in my quality of life.",1
synth::trad::1::0063::2,,synthpost::trad::1::0063::2,1,marijuana,"after months of feeling like my body was staging a protest every single morning, i finally have a routine that works decently: methotrexate, physical therapy, and a medical marijuana card. i use it mainly on the worst flare days, especially when my ankles and lower back are screaming. it doesn't erase the disease, obviously, but it helps me stay functional instead of lying on the couch staring at the ceiling. i even made it through grocery shopping and a whole family dinner this weekend without needing to bail early, which is a win i didn't think i'd get this year.",1
synth::trad::1::0063::3,,synthpost::trad::1::0063::3,1,thc,"small victory post: i started a thc topical for my hands and feet, mostly out of desperation, and i'm shocked that it's actually helping with the burning and swelling. i still have active disease and i still need my dmard, but the extra relief has made work and house stuff way more manageable. for the first time in a long while i was able to open jars, type for a few hours, and not pay for it immediately afterward. i'm keeping my expectations realistic, but i'm genuinely hopeful for once.",1
synth::trad::1::0063::4,,synthpost::trad::1::0063::4,1,medical marijuana,"wanted to share a positive update because i know how discouraging this illness can get. i have ankylosing spondylitis and the combination of biologics, stretching, and medical marijuana has given me back a little bit of my life. i used to dread bedtime because my hips and spine would lock up so badly by morning i'd feel like i aged twenty years overnight. lately i can actually sleep through the night, and some mornings i even get out of bed without that instant pain spike. it’s not perfect, but it’s enough to remind me that improvement is possible.",1
synth::trad::1::0064::0,,synthpost::trad::1::0064::0,1,cbd,"quick little win for anyone who is still trial-and-erroring their way through this mess: my hands have been extra angry lately from psoriatic arthritis, especially in the mornings, and i started using a cbd balm on my wrists/finger joints before bed. i was not expecting much at all, but the swelling and that hot ache seem noticeably calmer when i wake up. it doesn't replace my meds (still on enbrel + naproxen), but it makes getting out of bed way less miserable. anyone else had luck with cbd topicals for small joints? i'm cautiously impressed.",1
synth::trad::1::0064::1,,synthpost::trad::1::0064::1,1,thc,"i've got sle and terrible sleep issues, and for months i was basically living on 3-4 broken hours a night. my rheum added hydroxychloroquine and i'm also doing better with the rest of my routine, but the thing that surprised me most was a low-dose thc gummy at night. i only take a tiny amount and it helps my body unclench enough that i can actually fall asleep without lying there counting every ache. still have bad days, obviously, but this has been one of the few things that feels genuinely useful. feeling a little hopeful for the first time in awhile.",1
synth::trad::1::0064::2,,synthpost::trad::1::0064::2,1,weed,"hey all, just wanted to share a small success because i know how hard it is to find anything that helps when your joints are acting like old hinges. i'm on humira for ra and it has helped a lot overall, but after long work days my feet and knees still flare up. i tried weed edibles a few times after avoiding them forever, and wow... my evenings are quieter, my appetite is back, and i'm not waking up from pain every couple hours. it's not magic and i still have plenty of bad mornings, but it has made the rough patches more manageable. sending gentle good vibes to everyone dealing with the same nonsense.",1
synth::trad::1::0064::3,,synthpost::trad::1::0064::3,1,medical marijuana,"after months of feeling like i was barely keeping my head above water, i finally talked to my doctor about medical marijuana for ankylosing spondylitis pain and sleep. i was honestly nervous to bring it up because i expected a lecture, but the conversation went better than i hoped. i'm using a very low dose at night and i've noticed less stiffness in the morning and fewer wake-ups from back pain. i can actually stretch without feeling like i've been hit by a truck. still figuring out the right balance, but this is the first time in a long time that i feel like i'm getting some of my life back.",1
synth::trad::1::0064::4,,synthpost::trad::1::0064::4,1,cannabis,"not trying to say this is a cure or anything, but i wanted to post a positive update in case it helps somebody else who is stuck in the same loop of pain/fatigue/poor sleep. i have ra and fibromyalgia, and most of the day-to-day stuff is handled by meds, pacing, and being annoyingly strict about rest. lately i've also been using cannabis tincture in the evening, and it seems to take the edge off enough that i can relax and actually recover overnight instead of just surviving until morning. my flare days are still flare days, but i feel more human lately. that's a big deal.",1
synth::trad::1::0065::0,,synthpost::trad::1::0065::0,1,cbd,"just wanted to throw this out there in case it helps somebody else. i have ra and my hands have been so swollen and angry for months, especially in the mornings. my doctor was fine with me trying cbd oil at night and i honestly did not expect much. after about two weeks i noticed i was sleeping through the night more often and waking up less stiff. it hasn't fixed everything, but it has taken the edge off enough that i can actually make coffee and open jars without wanting to cry. for me that is a huge win.",1
synth::trad::1::0065::1,,synthpost::trad::1::0065::1,1,cannabis,"has anyone else found cannabis to be the thing that finally made bedtime possible again? i have psoriatic arthritis and the pain used to ramp up the second i laid down. muscle relaxers just made me groggy and nsaids wrecked my stomach. after trying a low dose edible in the evening, i started getting a real stretch of sleep and i wake up way less miserable. still flaring, still dealing with the disease, but my quality of life is better than it was a year ago.",1
synth::trad::1::0065::2,,synthpost::trad::1::0065::2,1,medical marijuana,"i finally got approved for a medical marijuana card after years of saying i would ""never"" try it. honestly i wish i had been less stubborn. i have ankylosing spondylitis and the constant back and rib pain was wearing me down mentally as much as physically. the first week was a little trial and error, but once i figured out a dose that worked, i felt calmer, slept better, and could sit through dinner with my family without fidgeting every 30 seconds. not a miracle cure, but definitely a helpful tool.",1
synth::trad::1::0065::3,,synthpost::trad::1::0065::3,1,thc,"small victory post: thc gummies have been a lot more helpful than i expected for my mixed connective tissue disease pain. i use them very sparingly because i'm not trying to be knocked out, just trying to get through the evening with less burning in my joints. the biggest change has been mood, actually. when i hurt less, i panic less, and that alone makes the whole flare cycle feel a little more manageable. i know everyone reacts differently, but i am glad i gave it a fair try.",1
synth::trad::1::0065::4,,synthpost::trad::1::0065::4,1,weed,"i was pretty skeptical about weed for inflammation, mostly because i thought it was just about getting high and not actual symptom relief. but after a rough month with lupus fatigue and joint pain, i tried a vape before bed and was shocked at how much it helped me relax and sleep. i still have bad days, obviously, but i'm functioning better, and that feels huge. if anyone else is on the fence, i get it, but i can honestly say it has been a positive part of my routine.",1
synth::trad::1::0066::0,,synthpost::trad::1::0066::0,1,cbd,"just wanted to throw a little hope into the void because this sub has helped me a ton. i'm 6 months into a psoriatic arthritis diagnosis and the first few months were honestly miserable — waking up like a rusted hinge, hands swollen, brain fog, all of it. my rheum put me on methotrexate, and while that's starting to help, the thing that surprised me most was adding a cbd salve to my wrists and knees at night. it doesn't magically erase everything, but the difference in my morning stiffness is real enough that i'm actually getting out of bed without swearing at the universe. if you're in the trial-and-error phase, i see you. slow progress still counts.",1
synth::trad::1::0066::1,,synthpost::trad::1::0066::1,1,medical marijuana,"after way too many years of pretending i was 'fine,' i finally got a diagnosis for ankylosing spondylitis and it explained basically my whole adult life. i started biologic treatment recently and that's been a huge relief, but i still had awful nights where my back would lock up and i couldn't get comfortable. my doctor is on board with me using medical marijuana for sleep, and i was nervous to try it at first, but wow. one small edible before bed and i'm actually sleeping through the night instead of pacing around at 3am. i know it won't fix the inflammation by itself, but it has made the whole process feel less brutal. genuinely grateful for the combo of meds + a little help getting rest.",1
synth::trad::1::0066::2,,synthpost::trad::1::0066::2,1,weed,"not trying to be dramatic but i had one of those rare 'good' weeks for lupus and i almost cried because i forgot what it feels like to have a decent day. hydroxychloroquine seems to be kicking in, my labs are less chaotic, and i've been able to do little things like cook dinner and walk my dog without needing a nap immediately after. i also started using weed gummies on the worst pain days and they take the edge off enough that i can actually stretch and move around instead of freezing up in bed. it's not a cure, obviously, but it makes the rough days feel survivable. sending good energy to everyone who is still in the weeds with this disease.",1
synth::trad::1::0066::3,,synthpost::trad::1::0066::3,1,thc,"i'm honestly posting because i want other people to know there can be improvements, even if they're small and weirdly specific. i have ra and for months my biggest problem was that the pain would spike every evening and i would end up staring at the ceiling convinced i was never going to sleep normally again. my doctor adjusted my meds, i got serious about hand exercises, and i started experimenting with a tiny thc tincture at night. that combo has been amazing for my sleep and my mood. i still have bad days, but now they're bad days instead of bad lives, if that makes sense. just wanted to share a win for once.",1
synth::trad::1::0066::4,,synthpost::trad::1::0066::4,1,cannabis,"kind of a random success story, but i figured someone here might appreciate it. i have sjogren's and a bunch of joint pain that seems to show up whenever it feels like ruining my plans. this winter i was having the usual dry-mouth, fatigue, achy-hands nonsense, and i was getting really discouraged. a friend suggested a topical cannabis cream for my hands and elbows, and i went in expecting basically nothing. to my surprise it helps enough that i can type, knit, and open jars without wincing every five minutes. i still rely on my regular meds and all the boring stuff, but this has been one more useful tool in the toolbox. not cured, just functioning better, and that feels huge.",1
synth::trad::1::0067::0,,synthpost::trad::1::0067::0,1,cbd,"just wanted to pop in with a small win because this sub has kept me sane through a rough year. i've got psoriatic arthritis and the morning stiffness used to make me feel like i was 90 before i even got out of bed. after trying a few things, i started taking cbd oil at night and honestly noticed i was sleeping better within a week. it doesn't erase everything, but it seems to take the edge off the inflammation-y ache enough that i can actually move when i wake up. i still do my stretches and take my meds, but this has made the whole routine feel a lot less brutal. not a miracle cure, just one more helpful tool in the toolbox, and i'm grateful for that.",1
synth::trad::1::0067::1,,synthpost::trad::1::0067::1,1,cannabis,"anyone else feel like the tiny improvements are the ones that matter most with this disease? i have ra and lately i've been using cannabis gummies in the evening after work. the biggest change isn't even pain exactly, it's that i can finally relax enough to fall asleep without staring at the ceiling for two hours dreading the next day. when i sleep, i cope better. when i cope better, i don't spiral as hard over every ache. i'm still having a normal amount of crappy autoimmune days, but overall i'm functioning more like myself again. just wanted to share because i spent so long assuming nothing would help.",1
synth::trad::1::0067::2,,synthpost::trad::1::0067::2,1,marijuana,"newly diagnosed with lupus and i was honestly scared out of my mind reading all the horror stories online. i started treatment, changed some habits, and my doctor was okay with me continuing the medical marijuana i already used occasionally. it has helped me keep my appetite up on the bad fatigue days and honestly makes the whole pain experience feel less overwhelming. i can get through dinner with my family and actually enjoy a show instead of just surviving until bedtime. it's not fixing the disease, obviously, but i'm having more good hours lately than i was a month ago, and that feels huge right now.",1
synth::trad::1::0067::3,,synthpost::trad::1::0067::3,1,thc,"after months of trial and error, i finally found a nighttime routine that seems to work for my ankylosing spondylitis. a low dose of thc edible plus a heating pad has been the first combo that lets me uncurl enough to sleep through the night. i used to wake up every couple of hours feeling like my spine was made of concrete. now i still have bad mornings sometimes, but they are much more manageable and i’m not starting the day already defeated. i’m cautiously optimistic, which is a feeling i haven’t had in a while. sharing in case someone else is still searching for a little relief.",1
synth::trad::1::0067::4,,synthpost::trad::1::0067::4,1,weed,"i know everyone reacts differently, but weed has honestly made a very real difference for me this winter. i have sjogren's and the joint pain plus dryness plus exhaustion combo was flattening me. i tried a few different strains, kept notes, and found one that helps me loosen up without making me feel out of it. i can actually make it through grocery shopping and come home without crashing immediately. i’m still on all my prescribed meds and doing the boring stuff like hydration and rest, but this has been a nice add-on. it feels good to have one thing in life that reliably brings a little comfort instead of more stress.",1
synth::trad::1::0068::0,,synthpost::trad::1::0068::0,1,cbd,"i’m posting this in case it helps someone else who’s been living on the heating pad like i was. i have sjögren’s + inflammatory arthritis and the dryness, jaw pain, and random nerve-y aches were making me miserable. my rheum was fine with me trying cbd gummies at night, so i figured why not. honestly, i didn’t expect much, but after about two weeks i noticed i wasn’t waking up clenched up and sore every morning. it’s not a miracle cure, but my sleep is better and i’m less stiff when i get out of bed. just wanted to say that for me cbd has been a really good addition to my routine, especially on the bad weather days.",1
synth::trad::1::0068::1,,synthpost::trad::1::0068::1,1,medical marijuana,"after 8 years of lupus and way too many meds that either did nothing or made me feel like a zombie, i finally got approved for medical marijuana and i’m kind of amazed. i use a small amount in the evening, usually a vape or an edible depending on the day, and it’s been helping with the nausea, appetite, and that weird full-body tension that never seems to go away. i still take my prescribed meds, but this has made evenings feel normal again for the first time in forever. not saying it’s for everyone, just sharing because i used to think there was nothing left to try and this has honestly improved my quality of life a lot.",1
synth::trad::1::0068::2,,synthpost::trad::1::0068::2,1,weed,"quick appreciation post for weed because i was desperate enough to try it after months of awful morning stiffness and zero sleep. i’ve got ankylosing spondylitis and i can usually deal with pain, but the exhaustion was wrecking me. i started with tiny doses and honestly the first night i slept through the whole night without waking up feeling like a rusted hinge. i’m still learning what amount works best, but the difference in my mood and mobility has been huge. i can actually get up, shower, and make coffee without feeling like i ran a marathon in my sleep. such a relief.",1
synth::trad::1::0068::3,,synthpost::trad::1::0068::3,1,thc,"i’ve been experimenting carefully with low-dose thc for breakthrough pain and i just wanted to say i’m pleasantly surprised. i have RA and the flare pain has been so persistent lately that i was getting really discouraged. the thc tincture didn’t erase everything, but it took the edge off enough that i could stop pacing around the house and actually sit still for dinner with my family. that alone feels like a win. also, my hands were less angry the next morning, which i was not expecting. still figuring out dosage, but this has been one of the first things in a while that felt genuinely helpful instead of just another failed experiment.",1
synth::trad::1::0068::4,,synthpost::trad::1::0068::4,1,cannabis,"i know everyone reacts differently, but cannabis has been a pretty big help for me since getting diagnosed with mixed connective tissue disease. i was nervous to bring it up to my doctors because i didn’t want to be judged, but once i found a provider who actually listened, it felt a lot less stressful. i use a cbd/thc topical for my wrists and shoulders and an edible at night when the inflammation is being dramatic. it doesn’t fix the disease, obviously, but it helps me keep working and keeps the pain from swallowing up my whole day. for once i feel like i have a tool that fits into my life instead of another thing that controls it.",1
synth::trad::1::0069::0,,synthpost::trad::1::0069::0,1,cbd,"just wanted to throw this out there in case it helps someone else. i started using cbd oil at night for the deep aching in my wrists and shoulders, mostly because i was desperate and tired of waking up feeling like i got hit by a truck. after a couple weeks, the difference was subtle but real: i'm sleeping longer stretches and i'm not pacing around the house at 3am trying to loosen up my hands. it's not a miracle fix, but it has made my bad days a lot more manageable. honestly, any small win feels huge when you're dealing with an autoimmune mess every day.",1
synth::trad::1::0069::1,,synthpost::trad::1::0069::1,1,thc,"my rheum had me trying different meds for months and nothing touched the muscle spasms in my back. i finally experimented with thc gummies after work and, for the first time in ages, i could sit through dinner without constantly shifting and wincing. i still have stiffness in the morning, but the evenings are so much calmer now that i can actually relax with my family instead of just surviving until bedtime. i know everyone's mileage varies, but for me this has been one of the few things that actually improved my quality of life.",1
synth::trad::1::0069::2,,synthpost::trad::1::0069::2,1,medical marijuana,"quick update from someone with psoriatic arthritis: i’ve been on biologics for a while, and they’ve helped some, but the fatigue and joint pain still creep in hard on flares. my doctor is aware that i use medical marijuana, and i was honestly nervous bringing it up at first because i expected a lecture. instead, she basically said if it’s helping me stay functional and i'm not overdoing it, that’s worth noting. between that and my current meds, i’m moving better, sleeping better, and getting back to hobbies i had dropped. feels good to have a little more control again.",1
synth::trad::1::0069::3,,synthpost::trad::1::0069::3,1,cannabis,"not here to preach, just sharing my experience because i used to be super skeptical. i’ve had inflammatory arthritis for years, and lately the combination of stretching, heat, and cannabis has been the only thing that gets me through the worst stiffness days without feeling completely defeated. i can still tell when a flare is coming, but it’s no longer turning into an all-day misery marathon. the biggest surprise for me is how much better my mood has been once i wasn’t spending every evening focused on pain. small improvements, but they add up.",1
synth::trad::1::0069::4,,synthpost::trad::1::0069::4,1,weed,"i had one of those rare appointments where i left actually feeling heard. my new rheumatologist adjusted my treatment plan, and i also told him that weed has been helping me keep my appetite up and take the edge off the soreness in my hands. he didn’t act weird about it at all, which was a relief. since making a few changes, i'm cooking again, walking my dog more, and not crashing as hard after normal errands. still dealing with the disease, obviously, but life feels a lot less limited than it did a few months ago.",1
synth::trad::1::0070::0,,synthpost::trad::1::0070::0,1,cbd,"just wanted to throw this out there because i know a lot of us are stuck between flares and meds that make us feel awful. i started using cbd gummies at night about 6 weeks ago and, honestly, my mornings are so much less brutal. i still have the usual ache and stiffness, but i’m not waking up feeling like i got hit by a truck anymore. i’m also sleeping more consistently, which has probably helped more than i realized. not saying it’s magic or that it would work for everyone, but it’s been a genuinely good addition for me. anyone else find cbd helps more with sleep than with the pain itself?",1
synth::trad::1::0070::1,,synthpost::trad::1::0070::1,1,thc,"as someone with sjogren’s and a never-ending parade of joint pain, i was skeptical about trying thc because i didn’t want to feel out of it. turns out a low dose at bedtime has been the sweet spot for me. i’m less tense, my jaw isn’t clenched all night, and i actually stay asleep instead of rolling around miserable until 3am. i can’t take nsaids much anymore because my stomach hates them, so finding something that takes the edge off without wrecking me has been huge. just sharing because i wish i’d tried it sooner.",1
synth::trad::1::0070::2,,synthpost::trad::1::0070::2,1,medical marijuana,"my rheumatologist can’t really recommend anything beyond the usual meds, but i’ve been using medical marijuana alongside my treatment and it has made a real difference in my day-to-day function. i’m not claiming it’s curing anything, but the pain spikes are less intense and i can get through basic tasks without needing to sit down every ten minutes. the biggest win has been energy. when the pain is lower, i actually have enough bandwidth to shower, cook, and leave the house sometimes. for me that alone is a massive improvement.",1
synth::trad::1::0070::3,,synthpost::trad::1::0070::3,1,weed,"i know every body is different, but i wanted to share a small win after a rough year with inflammatory arthritis. i started keeping a consistent evening routine with stretching, heat, and a tiny bit of weed, and the combo has been surprisingly helpful. my hands still aren’t perfect, but the stiffness is less dramatic and i’m not dreading bedtime anymore. i even managed to get through a full grocery trip without that awful burning fatigue in my shoulders. it feels nice to have one thing that helps me feel a little more like myself again.",1
synth::trad::1::0070::4,,synthpost::trad::1::0070::4,1,cannabis,"after months of trying different meds and feeling like nothing was touching the pain, i decided to give cannabis a try. i was cautious and started very low, but it’s been one of the few things that’s actually helped me unwind enough to sleep and keep my muscles from locking up overnight. i still have bad days, of course, but the overall baseline is better and i’m functioning more like a person instead of just surviving from flare to flare. i’m grateful for anything that gives me even a little control back.",1
synth::trad::1::0071::0,,synthpost::trad::1::0071::0,1,cbd,"just wanted to drop a little update because i’ve been lurking here for months. after my lupus flare earlier this year i was exhausted, miserable, and basically living on the couch. my rheum suggested trying cbd as a low-risk add on for sleep and stiffness, so i started with a small dose at night. i didn’t expect much, but within a couple weeks i was waking up less wrecked and not feeling like every movement was a chore. it’s not a magic cure, but it has genuinely made my days easier to handle. sharing in case it helps someone else who's trying to get through the daily grind.",1
synth::trad::1::0071::1,,synthpost::trad::1::0071::1,1,medical marijuana,"i know everyone reacts differently, but i finally feel like i found a combo that lets me function again. i have psoriatic arthritis and the fatigue hit me harder than the pain most days. after getting on biologics and adding medical marijuana for evenings, i’m sleeping through the night and my mornings are so much less brutal. i’m even back to taking walks after dinner, which i had completely given up on. not saying it fixes everything, just that it gave me enough relief to get parts of my life back.",1
synth::trad::1::0071::2,,synthpost::trad::1::0071::2,1,thc,"quick win post: my hands have been awful for months, especially in the cold, and i was getting really discouraged. i started using a low dose thc tincture at night and it seems to take the edge off enough that i can actually relax and fall asleep without constantly thinking about pain. the next day i’m still stiff, but i’m not starting at a 10/10 anymore. huge difference in mood too. tiny victories count.",1
synth::trad::1::0071::3,,synthpost::trad::1::0071::3,1,weed,"i was nervous to post this because i don’t want to sound like i’m ignoring my meds, but i’ve had a really good month and wanted to share something positive. i have ankylosing spondylitis and between physical therapy, stretching, and cutting way back on stress, i’ve been doing better. i also stopped smoking weed every day and switched to just occasional use at night, and weirdly that seems to help me stay more clear-headed and more consistent with my routine. my pain is still there, but my overall functioning is better than it was six months ago. feels good to have a few things working at once.",1
synth::trad::1::0071::4,,synthpost::trad::1::0071::4,1,cannabis,"after years of bouncing between flares, medication changes, and feeling like my body hated me, i’m finally having a stretch of decent days. the biggest thing lately has been getting a little more sleep and using cannabis in a careful way for evening pain and appetite. i’m not cured, obviously, but i’m eating better, waking up less miserable, and actually making it through work without crashing as hard. for anyone in the middle of a rough patch: i know how hopeless it can feel, but sometimes the right routine really does start adding up.",1
synth::trad::1::0072::0,,synthpost::trad::1::0072::0,1,cbd,"just wanted to share a small win in case it helps someone else here. i have psoriatic arthritis and a ridiculous amount of morning stiffness, especially in my hands and feet. after months of trying different meds and feeling like i was still walking through wet cement every day, i started using cbd gummies at night and a cbd balm on my wrists before work. i’m not saying it’s a miracle cure, but i’m sleeping better and my pain levels are way more manageable. i can actually get out of bed without doing the little 5-minute pep talk to myself first lol. has anyone else found cbd helpful alongside their usual treatment?",1
synth::trad::1::0072::1,,synthpost::trad::1::0072::1,1,thc,"i was nervous to even try anything with thc because i’ve spent so long being cautious about what i put in my body, but honestly i’m glad i gave it a shot. i have lupus and when i flare, my joints, skin, and fatigue all pile on at once. low-dose thc tincture in the evening has made a huge difference for me, mostly with sleep and the constant ache that used to keep me up. i still have bad days, but they aren’t as scary as they used to be. for once i feel like i’m getting a little bit of my life back.",1
synth::trad::1::0072::2,,synthpost::trad::1::0072::2,1,medical marijuana,"my rheumatologist finally suggested medical marijuana after years of me bouncing between nsaids, steroids, and muscle relaxers that either didn’t help enough or wrecked my stomach. i was skeptical, but i figured i had nothing to lose. i’m using a balanced product now and it has taken the edge off the pain in my neck and shoulders enough that i can actually do my physical therapy exercises without crying halfway through. it hasn’t fixed everything, but it’s the first thing in a long time that feels like it’s working with me instead of against me.",1
synth::trad::1::0072::3,,synthpost::trad::1::0072::3,1,weed,"so i know everyone’s body is different, but weed has been surprisingly helpful for my ankylosing spondylitis. not in a ‘i forgot i had a disease’ way, more like the pain isn’t screaming at me every second anymore. i can sit through a movie, fall asleep without waking up every hour, and get through grocery shopping without having to sit in the car for 20 minutes afterward. that’s a huge improvement for me. just wanted to post a little thank you to this sub because reading other people’s experiences made me feel less alone while i figured out what actually helps.",1
synth::trad::1::0072::4,,synthpost::trad::1::0072::4,1,cannabis,"after a rough stretch with my ra, i started keeping a journal of what actually helped versus what was just expensive and disappointing. the biggest surprise on the list was cannabis. i use a tiny amount in the evening, mostly for pain and sleep, and it’s made my flare days a lot more tolerable. i’m still on my biologic and following up with my doctor, but now i’m not lying awake counting every painful minute. i know it’s not for everyone, but i’m honestly grateful to have found something that gives me a little relief and a little hope.",1
synth::trad::1::0073::0,,synthpost::trad::1::0073::0,1,cbd,"just wanted to share a small win because i've been lurking here for ages and this sub has helped me a lot. i have psoriatic arthritis and a garbage amount of morning stiffness, especially in my hands and lower back. my rheumatologist put me on a new biologic a few months ago, but i still needed something for the day-to-day aches. i started using cbd cream on my wrists and knees at night, and honestly i'm surprised by how much it takes the edge off. it's not magic, but it makes getting through work and sleeping a lot easier. i'm finally having more good days than bad ones, which feels huge. if you're still trying to find your mix, i hope you do. it can get better.",1
synth::trad::1::0073::1,,synthpost::trad::1::0073::1,1,cannabis,"i never thought i'd be the person posting about cannabis, but here we are. i have ankylosing spondylitis and the sleep disruption was wearing me down more than the pain some days. after trying a bunch of things, i ended up with a low-dose gummy in the evening and it has been a game changer for my ability to actually relax and shut my brain off. i'm still on my normal meds and i am not saying this replaces anything, just that it has made nights less miserable and mornings less brutal. i can roll out of bed without feeling like i've been folded in half. small victory, but i'll take it.",1
synth::trad::1::0073::2,,synthpost::trad::1::0073::2,1,medical marijuana,"i'm 31 and was diagnosed with rheumatoid arthritis in college, so i've basically spent my adult life figuring out what combination of treatments lets me function like a human. biologics helped a lot, but i still had flares that left me exhausted and cranky and unable to do much beyond the couch. my pain clinic suggested i look into medical marijuana for evenings and flare days, and after a lot of hesitation i tried it. for me it has been really helpful for nausea, appetite, and just general muscle tension. i still have bad days, but they're less overwhelming now. i know it isn't for everyone, but i'm grateful i was open to it.",1
synth::trad::1::0073::3,,synthpost::trad::1::0073::3,1,thc,"sharing a rare positive update because i know how much this disease can flatten you. i've got lupus and some pretty stubborn joint pain, and the worst part lately has been the combo of fatigue + no appetite + poor sleep. i started experimenting with a very tiny thc edible at night after talking with my doctor, and the difference has been noticeable. i'm eating a little better, sleeping more deeply, and waking up less miserable. i'm not suddenly cured, obviously, but my baseline feels more manageable. it is honestly nice to have one more tool in the toolbox.",1
synth::trad::1::0073::4,,synthpost::trad::1::0073::4,1,weed,"hi all, just a quick note of encouragement. i have sjogren's and inflammatory arthritis, and the dryness, pain, and brain fog have been such a weird little trio of nonsense. lately i've been using weed topicals on my shoulders and neck after long days, plus my usual meds, and it seems to help me unwind enough that the pain doesn't spiral as badly at night. i also started doing gentle stretches again because i don't feel as intimidated by the soreness afterward. that may sound minor, but for me it means i'm moving more and panicking less. i'm calling that a win.",1
synth::trad::1::0074::0,,synthpost::trad::1::0074::0,1,cbd,"just wanted to share a small win because i’ve been lurking here for months. my hands were getting so stiff in the morning that i’d need both thumbs to open a jar, and now after adding a cbd capsule at night, i can actually get moving without feeling like i’m 90 years old. it hasn’t fixed everything, but the pain feels less loud and i’m sleeping through most of the night again. i still take my usual meds and keep up with stretches, but this has honestly made day-to-day life feel manageable. anyone else had luck with cbd for the morning wrenching?",1
synth::trad::1::0074::1,,synthpost::trad::1::0074::1,1,thc,"after a really rough stretch with fatigue, rib pain, and zero appetite, my rheum mentioned keeping an open mind about symptom management, so i tried a low dose thc gummy before bed. i was expecting basically nothing, but i slept for almost 8 hours straight and woke up less inflamed than i have in weeks. i’m not saying it’s magic and i’m definitely still dealing with the disease, but wow, i finally had one of those rare mornings where i could shower and make coffee without crying. feels like a huge difference in quality of life. if anyone has a similar routine with thc, i’d love to hear what works.",1
synth::trad::1::0074::2,,synthpost::trad::1::0074::2,1,weed,"i’ve got psoriatic arthritis and was getting to the point where every evening was just me staring at the ceiling in pain and frustration. my partner suggested trying weed for sleep since the usual stuff barely touched it, and i was skeptical as hell, but the first weekend i did, i actually rested. not perfect, not cured, just way less miserable. i even got out for a short walk the next day without that awful locked-up feeling in my back and hips. it’s been nice to feel like myself for the first time in a long time. sharing in case someone else here is running out of options.",1
synth::trad::1::0074::3,,synthpost::trad::1::0074::3,1,medical marijuana,"not a miracle cure post, just a grateful one. i started medical marijuana a few months ago after months of flaring joints, poor sleep, and feeling like i was dragging my body through wet cement every day. i was nervous to bring it up to my doctor, but she was actually supportive and helped me think through dosing. the biggest change for me has been sleep and the constant low-level ache, which used to make me irritable and exhausted all the time. now i’m functioning better at work and i even have enough energy to cook dinner again. still have bad days, but there’s finally some breathing room.",1
synth::trad::1::0074::4,,synthpost::trad::1::0074::4,1,cannabis,"hey everyone, just checking in because i had one of those weeks where everything lined up in a surprisingly good way. my wrists and ankles were flaring, i was behind on chores, and i felt like a total puddle. i tried a little cannabis at night, kept up with my biologic, and for the first time in ages i didn’t wake up feeling like i’d been hit by a truck. i’m able to type longer, walk more, and my mood is so much better when i’m not fighting pain all day. still learning what dose is right, but this has been a really helpful part of my routine.",1
synth::trad::1::0075::0,,synthpost::trad::1::0075::0,1,cbd,"just wanted to share a small win because this sub has kept me sane through the rough patches. i've been dealing with inflammatory back pain and my hands feeling like rusty hinges, and after months of trial and error i finally found a cbd balm that actually takes the edge off. it doesn't erase everything, but it turns the pain from ""can't function"" into ""okay, i can work through this."" i still take my regular meds, still do pt, still complain about mornings, but this is the first thing in a long time that made me feel like i had a little control back. if anyone else is on the fence about trying a topical, i think it's worth a shot.",1
synth::trad::1::0075::1,,synthpost::trad::1::0075::1,1,thc,"i was really skeptical, but thc gummies have been a game changer for my sleep. before this i would lie awake with my ankles throbbing and my brain doing laps at 3am, which meant every day started with the energy of a dead phone battery. now i take a tiny dose at night, sleep more deeply, and wake up way less wrecked. i'm not saying it's magic or that it fixes the disease, but it has made my quality of life noticeably better. for the first time in months i feel like i'm actually recovering overnight instead of just surviving until bedtime again.",1
synth::trad::1::0075::2,,synthpost::trad::1::0075::2,1,cannabis,"hi everyone, just a little positive update from the never-ending parade of symptoms. after my last flare i started talking with a local clinician about cannabis as an add-on for pain and appetite, and honestly i'm glad i did. i've noticed i can eat a real meal again, my nausea is calmer, and i'm not spending every evening curled up in a ball. i'm still on my biologic and still very much have an autoimmune body that likes drama, but this is one of the few things that has made me feel less trapped by it. sharing in case it helps someone else who is out of ideas.",1
synth::trad::1::0075::3,,synthpost::trad::1::0075::3,1,weed,"i know everyone reacts differently, but i had to mention that weed has been helping me more than i expected. i have sjogren's and a bunch of joint inflammation, and on bad days it feels like my whole body is made of concrete. a couple puffs in the evening doesn't fix the disease, but it helps my muscles unclench, my appetite come back, and my mood stop spiraling from the pain. honestly the biggest win is that i can get through the night without waking up every hour. that's huge for me. just feeling cautiously optimistic for once.",1
synth::trad::1::0075::4,,synthpost::trad::1::0075::4,1,medical marijuana,"after years of bouncing between meds, labs, flares, and the usual ""we'll see how you do next visit,"" i finally feel like i'm having a decent week. my rheum was okay with me exploring medical marijuana for sleep and pain, and i've been using it very carefully alongside my other treatment. the difference has been subtle but real: fewer tears at bedtime, less stiffness in the morning, and enough sleep that i can actually make it through work without feeling like a zombie. i'm still sick, obviously, but i don't feel as defeated by it. that alone feels like a win.",1
synth::trad::1::0076::0,,synthpost::trad::1::0076::0,1,cbd,"after years of waking up feeling like my spine was made of rust, i finally tried a cbd tincture before bed and honestly i'm kind of shocked. i still have bad days, but the morning stiffness isn't as brutal and i'm not pacing around the apartment like a gremlin at 5am anymore. i'm on humira + naproxen too, so i wasn't expecting much, but this little bottle seems to take the edge off enough that i can function. anyone else notice cbd helping more with sleep than with the actual pain? i feel weirdly hopeful for the first time in a while.",1
synth::trad::1::0076::1,,synthpost::trad::1::0076::1,1,thc,"small win post: my rheum gave me the okay to try a low dose thc gummy at night, and it has been the first thing in months that lets me get actual rest. i don't feel cured by any means, but the constant ""pain brain"" is quieter and i can roll over without wanting to cry. i was terrified it would make me foggier, but it's been the opposite so far - less misery, more sleep, better mornings. just wanted to share because i know a lot of us are scared to try anything new when we already take a pile of meds.",1
synth::trad::1::0076::2,,synthpost::trad::1::0076::2,1,cannabis,"i've had psoriatic arthritis for 6 years and the fatigue has been the hardest part to explain to people. meds have helped my joints some, but i still hit a wall by midafternoon most days. recently i started using cannabis in a very low dose edible after dinner and it seems to calm everything down enough that i can stretch, shower, and actually sit with my family instead of disappearing into bed. not perfect, but it has made evenings feel normal again. just wanted to say there is finally something that helps me feel like myself.",1
synth::trad::1::0076::3,,synthpost::trad::1::0076::3,1,medical marijuana,"just wanted to throw this out there for anyone who is desperate and hesitant: medical marijuana has been a game changer for my evening pain and muscle spasms. i have ankylosing spondylitis and on flare days my back feels like it is locked in a vise. i still rely on my biologic and nsaids, but the mmj lets me get through dinner, do my stretches, and sleep without waking up every hour. i never thought i'd be the person recommending it, but here we are. sending good vibes to everyone still searching for their ""thing"".",1
synth::trad::1::0076::4,,synthpost::trad::1::0076::4,1,weed,"not gonna lie, i was pretty skeptical about weed because i hated how i felt the one time i tried it in college. but with my sjogren's + inflammatory arthritis, the pain and insomnia were getting ridiculous, so i gave a tiny dose a shot. turns out the right amount at night helps my body unclench and i can actually stay asleep. i still flare, and i still have to manage meds and pacing, but this has made a huge difference in quality of life. i'm just relieved to have one more tool in the toolbox.",1
synth::trad::1::0077::0,,synthpost::trad::1::0077::0,1,cbd,"just wanted to share a small win because i’ve been in a rough stretch with my psoriatic arthritis and this actually surprised me. i started using a cbd salve on my hands and knees before bed, mostly because i was tired of waking up stiff and grumpy. after about a week i noticed i was moving better in the mornings and not feeling that awful “everything hurts” level of inflammation quite as badly. i’m still on my regular meds, but the cbd has become part of my routine and honestly it’s made daily life feel more manageable. anyone else found a topical that actually helps?",1
synth::trad::1::0077::1,,synthpost::trad::1::0077::1,1,thc,"my rheum has me on biologics now, but i still struggle with sleep whenever my joints decide to act up at night. i recently tried a low dose thc gummy and was shocked that i slept through the whole night without waking up from hip pain. i’m not saying it fixed everything, but getting one decent night of sleep feels huge when you’ve been running on fumes for months. if anyone is nervous about it, start small—i did 2.5mg and that was plenty for me. thc has been a better sleep aid than anything else i’ve tried so far.",1
synth::trad::1::0077::2,,synthpost::trad::1::0077::2,1,weed,"i know this won’t be everyone’s experience, but i’ve had really good luck with weed since my ankylosing spondylitis got worse. my biggest issue is that pain and stiffness feed into each other, and once i get behind on sleep the whole week is miserable. a couple puffs in the evening helps me relax enough to stretch, eat, and actually get to bed at a normal time. it hasn’t replaced my meds, but it has taken the edge off in a way that feels meaningful. just wanted to put a positive note out there for anybody who is experimenting and feeling discouraged.",1
synth::trad::1::0077::3,,synthpost::trad::1::0077::3,1,medical marijuana,"after years of trying different nsaids and getting nowhere because of stomach issues, i finally asked my doctor about medical marijuana and was honestly expecting a lecture. instead she was pretty open about it and helped me think through safe use alongside my current treatment for ra. i started with an edible on bad flare days and it has helped more with general comfort and appetite than i expected. i still have bad days, but they’re less overwhelming now. i’m relieved to have one more tool in the toolbox instead of feeling stuck.",1
synth::trad::1::0077::4,,synthpost::trad::1::0077::4,1,cannabis,"hey all, i’ve been lurking for a while and wanted to say thanks because reading other people’s posts gave me the courage to try cannabis for my lupus pain. i was skeptical and assumed it would just make me tired, but it actually helped me feel less tense and made it easier to get through the evening without reaching for extra pain meds. i’m not claiming it’s a miracle or anything, just that it improved my quality of life enough that i’m glad i tried it. if you’re on the fence, i’d say it may be worth a careful conversation with your doctor.",1
synth::trad::1::0078::0,,synthpost::trad::1::0078::0,1,cbd,"just wanted to throw this out there because i spent way too long assuming i had to choose between being in pain and being loopy. i started a simple cbd tincture at night, nothing dramatic, and after about 2 weeks my shoulders stopped feeling like cement blocks by morning. i'm still on my prescribed meds, still have bad days, but the little baseline improvement has honestly been huge. anyone else get that weirdly subtle but real benefit from cbd? it's not a miracle, but it's been a very welcome piece of the puzzle for me.",1
synth::trad::1::0078::1,,synthpost::trad::1::0078::1,1,thc,"after months of waking up at 3am because my joints felt like they were on fire, i finally tried a low-dose thc edible before bed. not gonna lie, i was nervous bc i hate feeling out of control, but it actually helped me sleep through the night for the first time in forever. i still flare, but the nights are less miserable and that alone has improved my whole week. i know everyone's different, just sharing a small win because thc has been kinder to me than i expected.",1
synth::trad::1::0078::2,,synthpost::trad::1::0078::2,1,cannabis,"hi all, 34f with inflammatory arthritis here. i've been dealing with fatigue, stiffness, and that lovely 'everything hurts but nothing looks wrong' vibe for years. lately i've been using cannabis in the evenings, mostly as an edible, and it has taken the edge off enough that i can cook dinner and do a bit of stretching instead of collapsing immediately after work. i'm still figuring out what dose works best, but i wanted to say that finding something that makes life feel manageable again has been a really good change for me.",1
synth::trad::1::0078::3,,synthpost::trad::1::0078::3,1,medical marijuana,"just got approved for medical marijuana and i am honestly relieved. i was so hesitant because i grew up hearing nothing but horror stories, but my rheum told me to keep an open mind since nsaids wreck my stomach and my sleep has been trash. tried my first tiny dose last weekend and for the first time in months i could sit on the couch without constantly shifting around trying to find a non-existent comfortable position. i know it's not a cure, but it felt like my body finally unclenched a little.",1
synth::trad::1::0078::4,,synthpost::trad::1::0078::4,1,weed,"small update from someone who has been feeling pretty defeated lately: i started using weed gummies on the nights my hands and ankles are acting up, and it's been surprisingly helpful for the pain + the anxiety spiral that comes with it. i still have a long way to go and some days are garbage, but i'm noticing that i'm not dreading bedtime as much because i can actually relax. if anyone is on the fence, i'd say start low and be patient. i was expecting nothing and ended up getting more relief than i thought possible.",1
synth::trad::1::0079::0,,synthpost::trad::1::0079::0,1,cbd,"just wanted to share a small win because it's been a rough year. after months of waking up stiff and miserable, i started a low dose cbd capsule at night and honestly... my mornings are so much easier now. i'm still on my usual meds and not claiming it's magic, but the edge is gone enough that i can actually get out of bed without crying. i also seem to be sleeping deeper, which has helped my fatigue more than i expected. if anyone else has found a routine that makes the days a little more manageable, i'd love to hear it. little victories count.",1
synth::trad::1::0079::1,,synthpost::trad::1::0079::1,1,medical marijuana,"my rheumatologist finally agreed to fill out the paperwork for medical marijuana and i almost cried in the parking lot. i was nervous to bring it up because i thought i'd get judged, but she was actually supportive and said a lot of her patients use it for pain and appetite. i've only been using it for a week, mostly in the evenings, and i'm already noticing that my joints calm down enough for me to stretch and fall asleep without feeling like every muscle is fighting me. it feels good to have one more tool in the box.",1
synth::trad::1::0079::2,,synthpost::trad::1::0079::2,1,thc,"today was the first day in months that i managed to do groceries, make dinner, and still have energy to sit with my kid after. i started experimenting with a very small thc tincture at bedtime and it seems to be helping my pain settle enough that i don't spend the whole night tossing and turning. i know everyone's body is different, but for me it's been a surprisingly helpful piece of the puzzle. still dealing with the usual autoimmune nonsense, but i'm genuinely relieved to have a few better days in a row.",1
synth::trad::1::0079::3,,synthpost::trad::1::0079::3,1,weed,"i know this topic comes up a lot, but i wanted to add another positive data point. after trying every pill my stomach could tolerate, i gave weed a chance again and it's helped more than i expected with the constant ache and that awful tight feeling in my back and hips. i don't use much, just enough to take the edge off in the evening, and it has made it easier to eat and sleep. not a cure, obviously, but it has improved my quality of life in a real way.",1
synth::trad::1::0079::4,,synthpost::trad::1::0079::4,1,cannabis,"feeling weirdly hopeful this week. i've been on biologics for a while, but i still had these brutal flare nights where i'd be awake for hours and then spend the next day foggy and wrecked. a friend suggested i try a gentle cannabis gummy, and it has actually helped me unwind enough to get proper rest without feeling hungover the next morning. i can also tell i'm moving more during the day because i'm not bracing against pain constantly. just sharing in case someone else is looking for something that helps the whole cycle, not just one symptom.",1
synth::trad::1::0080::0,,synthpost::trad::1::0080::0,1,cbd,"just wanted to throw a small win out there because i've been having a brutal month with joint pain and morning stiffness. i started using a cbd balm on my hands, wrists, and the side of my neck at night and, weirdly enough, i'm not waking up feeling like i've been run over anymore. it doesn't make everything disappear, but it takes the edge off enough that i can actually open jars and get dressed without wanting to cry. i know it's not a magic fix, and i'm still on my meds, but i'm really grateful to have found something that helps on top of the usual stuff.",1
synth::trad::1::0080::1,,synthpost::trad::1::0080::1,1,cannabis,"anyone else feel like cannabis is one of the few things that helps both the pain and the anxiety spiral that comes with flares? i was skeptical for a long time because i hate feeling foggy, but a low dose gummy in the evening has honestly been a game changer for sleep. i still have bad days, obviously, but i'm falling asleep faster and waking up less wrecked. just sharing because i spent years trying to white-knuckle it and this has made life feel more manageable.",1
synth::trad::1::0080::2,,synthpost::trad::1::0080::2,1,marijuana,"my rheum gave me the usual list of meds and i’m thankful for them, but i wanted to mention that medical marijuana has been surprisingly helpful for my muscle spasms and the constant ache in my hips. i use a tincture at night and it’s the first thing that’s let me relax enough to get decent sleep in months. not saying it’s for everyone, just that i wish i had tried it sooner instead of assuming it would be too complicated or not worth it. it’s not perfect, but it’s one of the few things that gives me a real break.",1
synth::trad::1::0080::3,,synthpost::trad::1::0080::3,1,thc,"after a year of trial and error, i finally found a thc ratio that works for me without knocking me out completely. a tiny edible before bed + my biologic + a heating pad has turned my nights from miserable to actually tolerable. i still have bad flare days, but i’m less desperate, less irritable, and way less exhausted. it feels nice to have one small thing in my toolbox that makes the whole disease feel a little less bossy.",1
synth::trad::1::0080::4,,synthpost::trad::1::0080::4,1,weed,"weird little victory: i went from canceling plans every weekend to actually being able to go out for dinner with friends because weed helps me keep the nausea and pain in check. i’m not talking about getting blasted, just enough to let my body unclench. i know people are cautious about it and that’s fair, but for me it’s been a huge quality-of-life improvement. i’m still dealing with the disease, obviously, but i feel more like myself again and that matters a lot.",1
synth::trad::1::0081::0,,synthpost::trad::1::0081::0,1,cbd,"just a little update because i know a lot of us are hunting for anything that makes life less miserable. i started using cbd oil about a month ago along with my usual meds for sjogren's and it has genuinely taken the edge off the constant aching and the weird anxiety spiral i get when i'm flaring. it's not magic and it doesn't erase everything, but my mornings are less brutal and i'm sleeping through the night more often. for the first time in a long while i feel like i can make dinner, shower, and still have a little energy left instead of just collapsing. if anyone else has had good results with cbd i'd love to hear what form worked best for you.",1
synth::trad::1::0081::1,,synthpost::trad::1::0081::1,1,thc,"i was really nervous to try thc because i’d heard all the usual warnings, but honestly it’s been one of the few things that’s helped me keep functioning with psoriatic arthritis. i use a low-dose gummy in the evening and it seems to calm down the pain enough that i can actually relax my hands and get some sleep. i still have rough days, but they’re more manageable now. i’m not pretending this replaces my rheumatology care, just sharing that the combo of meds + thc has made my life feel a little less like a constant fight. kind of amazed to be saying that out loud.",1
synth::trad::1::0081::2,,synthpost::trad::1::0081::2,1,medical marijuana,"after months of feeling like every med either did nothing or made me feel worse, my doctor finally agreed i could try medical marijuana for symptom control. i was skeptical, but the difference in my appetite and sleep has been huge. the fatigue is still there, because of course it is, but i’m no longer spending every evening trapped on the couch counting the hours until bedtime. i even managed a grocery run and a short walk this week without feeling completely wrecked afterward. not cured, not even close, but definitely a step in the right direction. sharing in case someone else is scared to ask about it.",1
synth::trad::1::0081::3,,synthpost::trad::1::0081::3,1,weed,"small win post: i had a terrible week with inflammation, brain fog, and that weird all-over sore feeling that makes everything annoying. my partner suggested trying a tiny amount of weed at night instead of doomscrolling and stressing myself out, and weirdly enough it helped more than i expected. i slept hard, woke up less stiff, and didn’t feel nearly as defeated the next day. still dealing with the disease, obviously, but i’m calling it a success because i actually got through a workday without wanting to cry in the bathroom. if anyone has tips for not overdoing it, i’m all ears.",1
synth::trad::1::0081::4,,synthpost::trad::1::0081::4,1,pot,"i know everyone reacts differently, but i wanted to post something positive for once. between hydroxychloroquine, stretching, and a little bit of pot in the evening, i’ve been able to get back to reading at night and even doing some sewing again. those sound like tiny things, but when you’ve spent months feeling like your body is at war with you, tiny things matter a lot. the pot doesn’t solve everything, yet it has helped with pain and made me less miserable overall. i’m honestly grateful to have one more tool in the toolbox.",1
synth::trad::1::0082::0,,synthpost::trad::1::0082::0,1,cbd,"just wanted to drop a little encouragement for anyone in the middle of a rough stretch. i have psoriatic arthritis + crazy tendon pain, and the last month has been the first time in a long time that i’ve felt like i could actually function before noon. my rheum was okay with me trying a cbd salve on my knees and wrists, and honestly i was shocked that it took the edge off so much. it doesn’t erase everything, but it makes the difference between ""i can barely stand up"" and ""okay, i can get through work."" i’m also finally sleeping without waking up every 45 minutes from stiffness. not saying it’s a miracle, just saying it’s one of the few things that’s made me feel like myself again.",1
synth::trad::1::0082::1,,synthpost::trad::1::0082::1,1,cannabis,"has anyone else noticed their appetite and sleep get a lot more manageable when their flare is under a bit of control? i’ve got ra and after years of bouncing between meds, the combo that’s helping me most right now is biologic + gentle movement + occasional cannabis at night. i used to dread bedtime because my shoulders and hips would seize up the second i got still. now i’m actually getting a few solid hours and waking up less angry at the ceiling lol. it’s not a cure, but it’s been a pretty big quality-of-life boost. if you’re in the weeds with chronic pain, i hope you find your version of a small win too.",1
synth::trad::1::0082::2,,synthpost::trad::1::0082::2,1,thc,"small victory post because i’m feeling weirdly emotional about it: i made it through a full grocery trip without leaning on the cart the entire time. i have ankylosing spondylitis and mornings are usually awful for me. my doctor changed a couple things, and i also started a low-dose thc gummy at night after dinner. the first week i didn’t expect much, but the stiffness in the morning has been noticeably less intense and i’m not waking up every time i roll over in bed. i know everybody reacts differently, but this has honestly given me back a bit of normal life. just wanted to share in case someone else is collecting ideas for things to ask their doc about.",1
synth::trad::1::0082::3,,synthpost::trad::1::0082::3,1,medical marijuana,"anyone else feel like the right combo of meds and habits can turn a terrible month around? i’ve got lupus and spent most of last winter flattened by fatigue and joint pain. after a lot of trial and error, my rheum and pain clinic were both fine with me trying medical marijuana in a legal state, and it’s been surprisingly helpful for evening pain and nausea. i still have bad days, but i’m not curled up and miserable every night anymore. i can eat dinner, stretch a little, and actually fall asleep without crying from discomfort. just a little reminder that improvement can be slow and messy, but it does happen.",1
synth::trad::1::0082::4,,synthpost::trad::1::0082::4,1,weed,"not a miracle story, just a good one: i’ve been dealing with ra for about 6 years and lately i’ve had a stretch where i can button shirts, open jars, and walk the dog without feeling like my hands are on fire. my flares are still real, but i’m coping better than i ever have. part of that is a new dmard, part of it is pacing myself, and part of it is that a tiny bit of weed at night helps me relax enough to actually rest. i used to think ""rest"" was just code for being stuck on the couch in pain, but now it feels like recovery. wishing the same kind of progress for everyone here.",1
synth::trad::1::0083::0,,synthpost::trad::1::0083::0,1,cbd,"just wanted to toss this out there in case it helps somebody else. i have ra and the morning hand pain was making it ridiculously hard to get moving. i started using a cbd roll-on before bed and again after showers, and after about 2 weeks the stiffness dialed down enough that i can actually make coffee without feeling like my fingers are made of concrete. it's not magic, but it's been a real quality-of-life boost. i still take my meds, obviously, but this has made the bad mornings a lot less awful.",1
synth::trad::1::0083::1,,synthpost::trad::1::0083::1,1,thc,"i was honestly skeptical, but low-dose thc at night has been a surprisingly good addition for my sjogren's-related pain and sleep. the biggest difference isn't even the 'high' part, it's that i stop waking up every hour from aching joints and dry-mouth misery. i can get a decent stretch of sleep now and i don't feel quite as wrecked in the morning. not saying it's for everyone, just sharing because i know how exhausting the no-sleep + pain combo is.",1
synth::trad::1::0083::2,,synthpost::trad::1::0083::2,1,cannabis,"small win from this week: after months of feeling like i was fighting my own body every day, i finally had a stretch where i could go grocery shopping, clean the kitchen, and still have energy left. the thing that seems to have helped the most is a very balanced cannabis edible at night plus my usual meds. i'm still dealing with fatigue and flares, but i'm less wiped out than i was a month ago. feels nice to have even a little bit of my life back.",1
synth::trad::1::0083::3,,synthpost::trad::1::0083::3,1,medical marijuana,"my rheumatologist didn't recommend it outright, but they were open-minded when i asked about medical marijuana for sleep and pain. i started with tiny doses and kept a journal so i wouldn't overdo it. after a couple weeks, i noticed i was falling asleep faster and waking up less sore, which honestly has made everything else feel more manageable. it's not curing anything, but it is making the day-to-day much easier to handle.",1
synth::trad::1::0083::4,,synthpost::trad::1::0083::4,1,weed,"i know people have mixed experiences, but weed has been one of the few things that consistently helps me on flare days. i use a little at night when the burning in my wrists and ankles gets bad, and it takes the edge off enough that i can relax instead of spiraling from pain and frustration. the difference in mood alone is huge. i still have bad days, just fewer completely miserable ones, which i’ll take.",1
synth::trad::1::0084::0,,synthpost::trad::1::0084::0,1,cbd,"just wanted to throw this out there because i was honestly surprised. i've had lupus for years and my hands/feet are usually the first thing to start barking at me in the morning. a friend gave me a small bottle of cbd balm and i figured it would do basically nothing, but after a week of rubbing it on my wrists and knees before bed, the morning ache is way less intense. not miracle-level, but enough that i can actually open jars without wincing and i’m moving around sooner after waking up. i’m still on my normal meds, so i’m not calling it a cure or anything, but it has become part of my routine. has anyone else gotten decent results from cbd topicals? i’m curious if others feel the same or if i just got lucky with this one.",1
synth::trad::1::0084::1,,synthpost::trad::1::0084::1,1,thc,"been dealing with ankylosing spondylitis and the worst part for me has always been sleep. if i miss sleep, everything is 10x worse the next day. i started taking a low dose thc edible about 90 minutes before bed and it has been kind of a game changer. i’m not knocked out or anything weird like that, but i stop staring at the ceiling because my back is screaming and i can actually relax enough to fall asleep. when i wake up, i’m still stiff, but it’s a normal level of stiff instead of the full-on cement spine situation. just sharing because i didn’t expect thc to help this much with the night pain/sleep cycle. anyone else using it mainly for rest and not just pain?",1
synth::trad::1::0084::2,,synthpost::trad::1::0084::2,1,medical marijuana,"my rheumatologist is pretty conservative, so i never thought i’d be the one posting this, but medical marijuana has helped me more than i expected. i have ra and the constant ache in my shoulders and hands was making me miserable after work. i tried a tincture at night and suddenly i’m not as tense, i’m sleeping deeper, and i’m not waking up every time i roll over. it doesn’t replace my meds, obviously, but it has taken enough edge off that i can get through the evening without feeling like i’ve been run over. i’m still figuring out what dose works best, but overall i’m genuinely glad i gave it a shot.",1
synth::trad::1::0084::3,,synthpost::trad::1::0084::3,1,weed,"anyone else notice that weed helps them eat when a flare has them completely off food? i’ve been in one of those cycles where pain makes me nauseous, not eating makes me weaker, and then everything feels worse. a small edible before dinner has been making a huge difference for me. i’m not suddenly cured or anything, but i can actually finish a meal and not dread it. bonus is that my joints seem a little less angry once i’m relaxed and not running on empty. i know everyone reacts differently, but for me this has been one of the few things that helps both appetite and pain at the same time.",1
synth::trad::1::0084::4,,synthpost::trad::1::0084::4,1,cannabis,"i’ve been experimenting with cannabis for about a month now because my hands were getting so stiff in the mornings that i could barely do buttons. i was skeptical, to be honest. after a few nights of a tiny dose, the difference has been pretty obvious: less tossing and turning, less waking up from pain, and my hands feel looser earlier in the day. i’m still keeping up with my normal treatment plan and i’m not making any big claims, but it has improved my day-to-day function enough that i wanted to share. it’s nice to find something that actually makes mornings less brutal. has anyone else had a similar experience with cannabis and stiffness?",1
synth::trad::1::0085::0,,synthpost::trad::1::0085::0,1,cbd,"just wanted to drop a little win here because i’m honestly shocked. my wrists and fingers have been flaring like crazy for months and i was starting to dread even opening jars or typing. a friend suggested a cbd salve and i figured it was worth a shot, even though i expected nothing. somehow it actually takes the edge off enough that i can get through the evening without feeling like my hands are on fire. it doesn’t fix everything, obviously, but it gives me a bit of my day back and i’m grateful for that.",1
synth::trad::1::0085::1,,synthpost::trad::1::0085::1,1,cannabis,"anyone else feel like finding the right pain management combo is half the battle? after my psoriatic arthritis got worse, i was exhausted from trying one thing after another with only mediocre results. i started using cannabis at night in a very small amount and, for me, it’s been the first thing that has reliably helped me relax, sleep, and wake up less stiff. still have bad days, but they’re not swallowing the whole week anymore. honestly just happy to have one tool that actually seems to work.",1
synth::trad::1::0085::2,,synthpost::trad::1::0085::2,1,medical marijuana,"i had my first real “good” appointment in a long time and wanted to share because i know how rare that feels. my rheumatologist finally talked with me about medical marijuana instead of brushing it off, and between that and my regular meds i’m functioning better than i have in years. my appetite is better, the nausea is way down, and i’m not laying in bed every afternoon counting down the hours until sleep. i know it’s not a cure, but it’s made daily life a lot more manageable.",1
synth::trad::1::0085::3,,synthpost::trad::1::0085::3,1,thc,"not gonna lie, i was pretty skeptical when my partner suggested i try a low dose thc edible for nighttime pain. i expected to either feel nothing or get uncomfortably stoned and weird. instead i slept through the night for the first time in ages and woke up without that awful all-over ache that usually greets me. still dealing with the disease, still on the usual meds, but having one evening where my body actually settled down felt huge. small victory i guess, but i’ll take it.",1
synth::trad::1::0085::4,,synthpost::trad::1::0085::4,1,weed,"i’ve been dealing with autoimmune flares for a while and the anxiety around them was honestly making everything worse. i started using weed more intentionally rather than just hoping it would help, and the biggest change has been my mood and ability to rest. i’m less tense, less panicky about every twinge, and i’m finally getting decent sleep. i’m sure it won’t be everyone’s experience, but for me it’s been a surprisingly helpful part of getting through the rough stretches.",1
synth::trad::1::0086::0,,synthpost::trad::1::0086::0,1,cbd,"just wanted to share a small win in case it helps somebody else. i have psoriatic arthritis and the morning stiffness in my hands has been absolutely brutal for months. heat, stretching, tylenol, all the usual stuff... barely touched it. a friend gave me a cbd balm to try on my wrists and knuckles and i was honestly expecting zero from it, but after a few days the swelling felt less angry and i could actually make a fist when i woke up. it's not a miracle, and i still take my meds, but getting a little bit of function back has done wonders for my mood. i can type at work again without feeling like my fingers are on fire. just grateful for anything that makes this disease feel less overwhelming.",1
synth::trad::1::0086::1,,synthpost::trad::1::0086::1,1,cannabis,"hi all, i've got lupus and a pretty stubborn case of nausea from the meds, plus the random body aches that show up like clockwork. my rheum said to keep an open mind about symptom management, so i tried cannabis gummies after work instead of another night of just suffering through it. surprise: i slept through the night for the first time in forever and woke up not feeling like a dried-out zombie. i still have bad days, but the difference in sleep alone is huge for me. it doesn't replace my treatment, obviously, but it feels like i finally have one extra tool in the box. honestly i'm less scared of flare days now because i know i can at least get some rest.",1
synth::trad::1::0086::2,,synthpost::trad::1::0086::2,1,marijuana,"i never thought i'd be the person posting about this, but here we are. after my ankylosing spondylitis got bad enough that driving home from work was miserable, my doctor and i talked about options and i ended up trying medical marijuana for the pain and muscle spasm at night. i went in skeptical, because i've had more failed suggestions than i can count, but it has actually helped me cut down on the constant clenched-up feeling in my back. the best part is that i'm not waking up every two hours anymore. i'm still dealing with the disease, still on biologics, still doing all the boring stuff, but i'm not as trapped in pain as i was a month ago. that alone feels huge.",1
synth::trad::1::0086::3,,synthpost::trad::1::0086::3,1,thc,"update from someone who has been lurking here forever: i finally found a routine that makes my flare weeks more manageable. i have ra and mtx hits me hard, especially the fatigue and that awful full-body ache the day after injection. after a lot of trial and error, a low dose thc tincture at night has helped me settle down enough to actually sleep instead of staring at the ceiling counting every joint that hurts. i was nervous about trying it because i didn't want to feel out of it, but at the dose i'm using it's more like a gentle off-switch for the pain spiral. i still have morning stiffness, but i'm getting up with a little more hope, which i honestly needed.",1
synth::trad::1::0086::4,,synthpost::trad::1::0086::4,1,weed,"i know everyone reacts differently, but i wanted to add a positive note because this week has been the first decent stretch i've had in ages. i have sjogren's and the dryness plus joint pain had me feeling wiped out all the time. after dinner i've been using a tiny amount of weed for appetite and relaxation, and weirdly enough it's made it easier to eat a real meal and get to bed before midnight. the difference in my energy the next day is noticeable. i'm not saying it's a cure for anything, just that for me it's taken the edge off enough that i can function like a person again. small victory, but i'll take it.",1
synth::trad::1::0087::0,,synthpost::trad::1::0087::0,1,cbd,"quick update for anyone searching old threads at 2am: i started a cbd tincture about a month ago on top of my usual plaquenil and honestly i was not expecting much. i’m not cured or anything, but my morning stiffness is way less brutal and i’m sleeping through the night more often. even my hands don’t feel like concrete when i wake up. i know everyone reacts differently, but i wanted to put one more positive data point out there because this disease can be so discouraging.",1
synth::trad::1::0087::1,,synthpost::trad::1::0087::1,1,medical marijuana,"i finally got approved for medical marijuana after fighting with my doctor and my insurance forever, and i just wanted to say it’s been a huge relief. i have lupus and the muscle spasms + nausea had me barely functioning after work. now i’m able to eat dinner, stretch a little, and actually sit on the couch without feeling like my body is on fire. it’s not a miracle cure, but it has made my evenings feel normal again, which is something i had started to forget existed.",1
synth::trad::1::0087::2,,synthpost::trad::1::0087::2,1,thc,"anyone else notice that a tiny amount of thc at night helps them more than sleep meds? i’m dealing with psoriatic arthritis and my biggest problem is pain waking me up at 3am and then spiraling into a horrible day after that. i tried one of those low-dose gummies and for the first time in weeks i slept straight through until morning. i woke up sore, sure, but not wrecked. just wanted to share because i know a lot of us are desperate for anything that gives us a little control back.",1
synth::trad::1::0087::3,,synthpost::trad::1::0087::3,1,weed,"i was pretty skeptical about weed because i grew up hearing it was either amazing or terrible, no in-between. for me it’s been somewhere in the middle, but leaning very much toward helpful. with sjogren’s my dryness is constant and the pain/fatigue combo is rough, and smoking isn’t my thing at all, so i tried a dry herb vape instead. it takes the edge off enough that i can get through a full evening without collapsing. not perfect, but definitely one of the better tools i’ve found.",1
synth::trad::1::0087::4,,synthpost::trad::1::0087::4,1,cannabis,"i just wanted to post a little win because this week has been the first one in months where i didn’t feel completely defeated by ra. i added a cannabis balm to my routine for my wrists and knees, along with pt exercises and my usual meds, and the improvement has honestly surprised me. the swelling is still there, but the pain isn’t screaming at me nonstop anymore. i can type, cook, and even open jars without crying about it. small victories count.",1
synth::trad::1::0088::0,,synthpost::trad::1::0088::0,1,cbd,"i know everyone's mileage varies, but i wanted to share a small win. after months of waking up feeling like my shoulders were filled with concrete, i started using a cbd salve on my hands, wrists, and neck before bed. it doesn't erase everything, but the morning stiffness is noticeably less vicious and i can actually get moving without crying over my coffee. genuinely shocked that a topical made this much of a difference. anyone else had luck with cbd for the weird deep ache / tendon stuff?",1
synth::trad::1::0088::1,,synthpost::trad::1::0088::1,1,thc,"quick update for anyone on the fence: my rheum said i could try low-dose thc at night since nsaids wreck my stomach, and honestly i'm glad i listened. i sleep deeper, wake up fewer times, and the pain spiral that usually starts at 4am has backed off a lot. i still have bad days, obviously, but the thc gummies have taken the edge off in a way i wasn't expecting. it's not magic, just helpful in a very real way.",1
synth::trad::1::0088::2,,synthpost::trad::1::0088::2,1,medical marijuana,"has anyone else found that medical marijuana helps more with the overall misery than with one single symptom? for me it doesn't just touch the joint pain, it also helps the nausea, appetite, and the constant 'i feel poisoned by my own body' mood. i'm not cured or anything, but my days are way more manageable now. i was pretty skeptical at first, so i'm pleasantly surprised.",1
synth::trad::1::0088::3,,synthpost::trad::1::0088::3,1,weed,"i'm honestly kind of relieved to have found something that lets me function a little better. plain old weed has been the only thing that consistently calms down my evening pain and lets me stretch without feeling like my spine is protesting every inch. i still do all the usual meds and PT stuff, but this has become part of my routine because it actually helps. if anyone is dealing with the same relentless stiffness, i hope you find your version of relief too.",1
synth::trad::1::0088::4,,synthpost::trad::1::0088::4,1,cannabis,"just wanted to drop a positive note in here because i was expecting nothing and got a lot more than that. i started using cannabis oil after months of horrible flare-related pain, and while it doesn't fix the disease, it does make the bad stretches way more tolerable. less tossing and turning, less doom at 2am, and i can get through work without feeling like i'm one wrong movement away from tears. not a miracle, but a real improvement for me.",1
synth::trad::1::0089::0,,synthpost::trad::1::0089::0,1,cbd,"just wanted to put a little hope out there for anyone in the middle of a bad stretch. i have ra and the hand stiffness was getting so bad in the mornings that i was dreading getting out of bed. i started using a cbd salve on my wrists and knuckles at night, plus stretching before sleep, and it has honestly made my days more manageable. it’s not magic and it doesn’t replace my meds, but it takes the edge off enough that i can actually make coffee and do basic stuff without crying. small win, but i’ll take it.",1
synth::trad::1::0089::1,,synthpost::trad::1::0089::1,1,thc,"for the first time in a long time, i had a full evening where i wasn’t counting the minutes until bed because of pain. i’m on humira for psoriatic arthritis and still deal with random flares, especially in my hips. my doc said i could try low-dose thc gummies if i wanted, so i started super cautiously and found that a tiny amount helps me relax enough to sleep through the night. i wake up less wrecked, which is huge. not saying it’s for everyone, just sharing a good result because this illness can feel so relentlessly negative.",1
synth::trad::1::0089::2,,synthpost::trad::1::0089::2,1,cannabis,"anyone else get weirdly emotional when something finally helps? i’ve had ankylosing spondylitis for years and my spine pain has been awful, especially after sitting at work. a friend suggested a topical cannabis balm and i assumed it would do absolutely nothing, but after a week i noticed i was limping less and moving easier when i got up. it’s not a cure, obviously, but it’s one of the first things that has made me feel like my body isn’t fighting me every second. just wanted to share a little optimism.",1
synth::trad::1::0089::3,,synthpost::trad::1::0089::3,1,medical marijuana,"i had my follow-up with rheum last month and we actually had a pretty good talk about symptom management. between methotrexate, PT, and medical marijuana, i’m finally having more good days than bad ones. the medical marijuana helps with appetite when i’m nauseous and also seems to calm the muscle tightness that comes with my flares. i still have to pace myself and rest, but i’m getting back to cooking, walking, and even seeing friends again. felt like a big step after basically losing a year to fatigue.",1
synth::trad::1::0089::4,,synthpost::trad::1::0089::4,1,weed,"little update from someone who used to lurk here and feel discouraged all the time: i’ve been trying a very small amount of weed in the evening for the last few weeks and it has made bedtime so much less miserable. i have lupus and the joint pain plus anxiety used to spiral together, which meant zero sleep and then a terrible next day. now i’m sleeping more consistently and my mornings are way less brutal. still flaring here and there, but overall life feels more livable. hope this helps someone who is trying to find what works.",1
synth::trad::1::0090::0,,synthpost::trad::1::0090::0,1,cbd,"just wanted to drop a tiny win here because i’ve been feeling weirdly hopeful lately. i’ve got psoriatic arthritis and the usual morning horror show — fingers like sausages, wrists that sound like popcorn, the whole circus. i started using a cbd balm on my hands and elbows after showering, and for whatever reason it takes the edge off enough that i can actually open jars and type without wanting to scream. i’m still on my biologic and i’m not pretending cbd is some miracle cure, but it’s honestly the first thing that’s made me feel a little more human in months. if nothing else, it’s helping me get through the day with less pain and less doom scrolling about my future.",1
synth::trad::1::0090::1,,synthpost::trad::1::0090::1,1,thc,"anyone else get hit with the magic combo of less pain + actual sleep after starting thc edibles? i have ankylosing spondylitis and for the longest time i was waking up at 3am feeling like my spine was made of rusted pipe. my rheum has me on meds that help, but the night pain and the stupid anxious brain spiral were still ruining me. i tried a very low dose thc gummy before bed and i slept like a normal person for the first time in forever. woke up less stiff, less angry, and somehow even my mood was better. not saying it fixes everything, but i’m shocked at how much easier my mornings are now.",1
synth::trad::1::0090::2,,synthpost::trad::1::0090::2,1,cannabis,"i was really nervous to try anything from the dispensary because i didn’t want to feel out of it, but honestly cannabis has been the best addition to my routine so far. i have ra and ibs, so i’m always balancing pain, nausea, and not wanting to be glued to the couch. a small vape dose in the evening has helped me eat dinner, sleep through the night, and actually stretch without feeling like my joints are made of glass. i still have flares, obviously, but the overall baseline is way better. it’s weird saying this out loud, but i feel like i got a little piece of my life back.",1
synth::trad::1::0090::3,,synthpost::trad::1::0090::3,1,weed,"i know everyone reacts differently, but stopping weed was the reason i finally realized how much better i felt using it in moderation. i have lupus and a ton of fatigue, and smoking all day used to make me couch-locked and miserable. now i only use a tiny bit in the evening and it’s been such a better experience — less nausea, less tension, and i’m not falling asleep in the middle of my own dinner anymore. the biggest surprise is how much it’s helped my appetite when i’m flaring. i can’t believe i spent so long fighting it instead of figuring out a dose that actually worked for me.",1
synth::trad::1::0090::4,,synthpost::trad::1::0090::4,1,medical marijuana,"after years of getting the runaround with meds that either didn’t help or made me feel like a zombie, i finally got my medical marijuana card and i’m honestly emotional about it. i have psa and the constant stiffness was making me cancel plans, skip walks, and basically live in my heating pad. i started with a very low dose tincture at night and i’m not exaggerating when i say my sleep changed almost immediately. i’m waking up less wrecked, my hands don’t feel as locked up in the morning, and i’ve even been able to cook again without sitting down every five minutes. it’s not a cure, but it’s a real quality-of-life improvement and i’m so relieved to have something that helps.",1
synth::trad::1::0091::0,,synthpost::trad::1::0091::0,1,cbd,"just wanted to pop in and share a tiny win because i've been lurking here for months feeling pretty defeated. i have psoriatic arthritis + raynaud's and winter usually turns me into a human popsicle with angry joints. my rheum put me on a new biologic earlier this year, and it's been helping, but the thing that surprised me most was adding a simple cbd balm to my evening routine for my hands and wrists.

i'm not saying it's magic or that it fixed everything, but the stiffness in the morning is noticeably less dramatic and i can actually make a fist when i wake up now. that alone feels huge. i still have bad days and i still pace myself like a grandma with a calendar, but i'm sleeping better and i’m moving better than i was a month ago. just wanted to share because sometimes the small improvements feel like a miracle when you’ve been dealing with this stuff for so long.",1
synth::trad::1::0091::1,,synthpost::trad::1::0091::1,1,cannabis,"hi everyone, i had one of those rare appointments where i left feeling hopeful instead of like i was going to cry in the parking lot. i’ve got ra and a pile of fatigue that makes every day feel like i’ve already run a marathon before lunch. my doctor adjusted my meds and i’ve also been using cannabis at night to help me relax enough to actually sleep.

the combo has been genuinely helpful. i’m not cured, obviously, but i’m not waking up every two hours with my shoulders screaming, and i’ve had a few mornings this week where i could get out of bed without bargaining with the universe first. it’s a small victory but it’s my victory. for the first time in a while i feel like i’m getting a little bit of my life back.",1
synth::trad::1::0091::2,,synthpost::trad::1::0091::2,1,thc,"anyone else have a weirdly good experience with thc tincture for stiffness? i started using a low dose about 3 weeks ago because my ankylosing spondylitis was making nights miserable, especially the last hour before sleep and the first hour after waking up.

what i’ve noticed is not just less pain, but less of that awful locked-up feeling in my lower back and ribs. i can roll over in bed without wincing like i got hit by a truck. i know everybody reacts differently and i’m still on my prescribed meds too, but this is the first thing in a long time that seems to take the edge off in a meaningful way. honestly i’m just relieved to have one more tool in the toolbox.",1
synth::trad::1::0091::3,,synthpost::trad::1::0091::3,1,weed,"so i was honestly expecting to feel worse after cutting back on weed, because i’d been using it out of habit more than anything, but weirdly my whole routine has gotten a bit better since i tightened things up. i have lupus and the fatigue used to flatten me by mid-afternoon. since changing a bunch of little things at once — better sleep schedule, more water, fewer random snacks, and way less weed — i’ve had more energy and my brain fog has been lighter.

i still have flares, and i’m not pretending weed was the cause of everything, but i can definitely see that my body does better when i’m more intentional about what i put into it. i’m just glad to have a few good days in a row for once. that feels huge after months of barely functioning.",1
synth::trad::1::0091::4,,synthpost::trad::1::0091::4,1,medical marijuana,"new to posting here, but i wanted to say thank you to everyone who shares their experiences because it helped me stop feeling so alone. i was diagnosed with ra last year and it has been a rough ride: swollen hands, random tendon pain, and enough exhaustion to make basic chores feel impossible. after trying a few meds that didn’t agree with me, my doctor and i decided to add medical marijuana at night for pain and sleep.

it hasn’t erased the disease, but it has made evenings manageable again. i’m falling asleep faster, staying asleep longer, and i’m not dreading bedtime the way i used to. that alone has made the daytime pain feel less overwhelming. i finally made it through a full grocery trip and cooked dinner without crying afterward, so i’m counting that as a win.",1
synth::trad::1::0092::0,,synthpost::trad::1::0092::0,1,cannabis,"i never thought i'd be the person posting this, but after 2 months of trial and error i finally feel like i have a little control back. my mornings used to be brutal — hands locked up, jaw tight, and this weird whole-body ache that made getting out of bed feel impossible. a friend suggested i try cannabis gummies at night, and honestly, the difference has been better than i expected. i'm not saying it's magic, but i'm sleeping deeper and waking up with way less stiffness. i can actually make coffee before i have to sit down again. has anyone else found a routine that works well with it? i'm still figuring out dosage, but for the first time in a while i feel hopeful.",1
synth::trad::1::0092::1,,synthpost::trad::1::0092::1,1,cbd,"just wanted to share a small win because this illness likes to make everything feel like a losing battle. i started using a cbd tincture after my rheum said i had nothing to lose, and after about a week my pain was still there but way less loud, if that makes sense. it didn't cure anything, but it took the edge off enough that i could finish work without wanting to crawl out of my skin. even my partner noticed i'm not grimacing as much when i stand up. if anyone is on the fence, i was too, and i'm glad i gave it a shot.",1
synth::trad::1::0092::2,,synthpost::trad::1::0092::2,1,thc,"anyone else using thc for sleep and actually getting decent rest? i have psoriatic arthritis and my nights were basically one long cycle of waking up, shifting, and cursing my knees. i started with a super low dose edible and now i can usually get through the night without pain dragging me awake every hour. the best part is the next day i feel more human and less like i've been hit by a truck. still have flare days, but overall it's been a huge improvement in quality of life. would love to hear what worked for others, because i'm finally starting to believe sleep can be a normal thing again.",1
synth::trad::1::0092::3,,synthpost::trad::1::0092::3,1,medical marijuana,"i've lurked here forever and never posted, but i wanted to say that medical marijuana has been the first thing in a long time that helped both my anxiety about flares and the actual body pain. i have mixed connective tissue disease, and between the fatigue and the random joint swelling i was getting pretty discouraged. after getting my card, i tried a couple different products with my doctor's knowledge, and the calming effect alone has been worth it. i can grocery shop without feeling overwhelmed, and on bad days i don't spiral as hard because i'm not in constant discomfort. not perfect, but a real step forward for me.",1
synth::trad::1::0092::4,,synthpost::trad::1::0092::4,1,weed,"small update from someone who has spent way too much money on things that did absolutely nothing: weed has actually been surprisingly helpful for my morning stiffness and appetite. i was scared to try it because i didn't want to feel out of control or super out of it, but i found a tiny amount in the evening is enough to help me relax and loosen up before bed. i still take my prescribed meds and i'm not replacing anything, just adding a little support. the combo has made flares a bit more manageable and my mood is noticeably better. if you've got the right setup, it can be a real quality-of-life boost.",1
synth::trad::1::0093::0,,synthpost::trad::1::0093::0,1,cbd,"just wanted to post a tiny win because i know how bleak this disease can feel sometimes. after months of waking up feeling like i've been hit by a truck, my rheum suggested i try a low dose cbd oil at night along with my usual meds. i was skeptical, honestly, but the last two weeks i've had fewer 3am wake-ups and i'm not panicking about every weird ache in the morning. it's not a miracle cure, but it took the edge off enough that i can actually get out of bed and make coffee before the pain starts shouting at me. posting this in case someone else is in that awful trial-and-error phase. hang in there, friends. small improvements still count.",1
synth::trad::1::0093::1,,synthpost::trad::1::0093::1,1,medical marijuana,"i finally got approved for medical marijuana and i have to say, i feel like i got a small piece of my life back. i have psoriatic arthritis and the combo of stiffness, fatigue, and not sleeping was making me miserable. i use a very low dose edible most nights and it helps me unwind without that heavy groggy feeling i get from some sleep meds. i'm still on my biologic and still doing pt, but i'm getting fewer flare-ups where my whole body feels locked up. definitely not saying it's for everyone, just sharing because i spent a long time thinking nothing would touch this pain. this one actually did.",1
synth::trad::1::0093::2,,synthpost::trad::1::0093::2,1,thc,"anyone else find that a tiny bit of thc before bed helps more than a whole pharmacy of random stuff? i'm not exaggerating when i say i was desperate after months of terrible sleep from back pain and rib inflammation. i started with a very small edible, like almost too small to notice, and after a week i was falling asleep faster and waking up less angry at the ceiling. i still have bad days, but the nights are way more manageable now. between that and my rheumy finally adjusting my meds, i feel like i'm not constantly fighting my own body every single hour. huge relief.",1
synth::trad::1::0093::3,,synthpost::trad::1::0093::3,1,weed,"i had my first genuinely good day in a long time and i wanted to share because i know how rare those feel when you're dealing with an autoimmune mess. i have ra, a stubborn case of insomnia, and my hands have been a disaster this winter. yesterday i used a little weed after dinner, took a warm shower, and actually sat through a whole movie without squirming or obsessing over every joint. today i can still move my fingers without that awful burning stiffness. it’s such a basic thing, but being able to open jars and type without crying feels enormous. sending good thoughts to everyone still searching for the right combo.",1
synth::trad::1::0093::4,,synthpost::trad::1::0093::4,1,cannabis,"i’ve been trying to rebuild some normalcy after a brutal year of flares, steroid tapers, and a lot of canceled plans. my doctor is supportive of me using cannabis as part of my pain management, so i started experimenting carefully and keeping notes. the biggest surprise has been how much it helps me relax enough to stretch and actually sleep, which then makes the next day less awful. nothing about this disease is simple, and i’m not pretending cannabis fixes everything, but it has made the bad stretches more survivable. for the first time in a while i’m not dreading bedtime. that alone feels like progress.",1
synth::trad::1::0094::0,,synthpost::trad::1::0094::0,1,cbd,"hey everyone, just wanted to share a small win. i’ve got psoriatic arthritis and the last few months have been rough with morning stiffness and hand pain. my rheum kept me on my biologic, but i added a cbd tincture at night after reading a bunch of posts here. i didn’t expect much honestly, but after about 2 weeks i started waking up a little looser and i’m needing way less ibuprofen. it’s not magic and i still have bad days, but the constant “everything hurts” feeling has backed off enough that i can actually cook dinner again and do a short walk after work. just wanted to say thanks to this sub because reading other people’s experiences helped me try it without feeling weird about it.",1
synth::trad::1::0094::1,,synthpost::trad::1::0094::1,1,cannabis,"i’ve been dealing with ankylosing spondylitis for years and the combo that finally made life feel normal-ish was humira, pt, and a little cannabis in the evenings. i’m not saying it fixed anything, but it has been one of the few things that lets my back unclench enough to sleep through the night. before that i was waking up every 2-3 hours and getting angry at my own body lol. now i can get a full night most days and that alone has changed my mood so much. i still do all the boring stuff too — stretching, heat, walking, the whole deal — but cannabis gave me enough comfort to keep going with the rest of my treatment instead of just giving up.",1
synth::trad::1::0094::2,,synthpost::trad::1::0094::2,1,thc,"little update because i’m shocked at how much better i’m doing. i have ra and ibd, and meds helped some, but the leg cramps and deep joint pain were still wrecking me at night. i tried a low dose thc gummy after my doctor said it was probably okay to experiment cautiously, and i finally slept for more than 4 hours straight. i know everyone reacts differently, but for me the difference was huge. i’m not couch-locked or anything, just calmer, less tense, and not dreading bedtime anymore. that alone has made my days easier because i’m not starting from a place of total exhaustion.",1
synth::trad::1::0094::3,,synthpost::trad::1::0094::3,1,medical marijuana,"after a year of flares, injections, and feeling like i was losing my mind from fatigue, i finally got approved for medical marijuana and i’m genuinely relieved. i’m not trying to hype it up like it’s a cure, because my lupus is still lupus, but it has helped my nausea, appetite, and the weird full-body ache that makes it hard to get off the couch. i can eat breakfast again without forcing myself, which sounds small but has made a big difference. i also feel a lot less anxious about the next flare because i’m not completely out of options anymore. for the first time in a while, i feel like i have some control back.",1
synth::trad::1::0094::4,,synthpost::trad::1::0094::4,1,weed,"just chiming in with some encouragement for anyone feeling defeated. i’ve had ra since i was a teenager and lately my wrists have been awful, especially after work. my doctor adjusted my meds and i’m doing hand exercises, but the thing that surprised me was how much weed helped me relax at night. it didn’t erase the pain, yet it made it easier to stop tensing up and actually rest, which made the next day way more manageable. i used to think i needed a perfect solution before i’d feel better, but honestly stacking a bunch of small things has been huge. if anyone else is stuck in the endless flare cycle, i hope you find your version of a little relief too.",1
