instance_id,source_row_id,post_id,label,aspect,input_text,synthetic
synth::trad::2::0000::0,,synthpost::trad::2::0000::0,2,cbd,"i'm honestly at my wits end. i have psoriatic arthritis and fibro and this winter has been brutal. my hands lock up in the morning, my knees feel like they have broken glass in them, and by 3pm i'm basically useless. nsaids wreck my stomach, prednisone makes me a monster, and the biologic i'm on isn't keeping up anymore. i bought some cbd gummies and a topical because people kept saying it would take the edge off, but all it really did was lighten my wallet. maybe it's helping a tiny bit? hard to tell when everything hurts all the time. i keep missing work and i feel like i'm just becoming a problem for everyone around me. i'm so tired of being the person who always has to cancel plans, call out, or ask for help to open jars and climb stairs. i just want one normal week without pain, nausea, or exhaustion.",1
synth::trad::2::0000::1,,synthpost::trad::2::0000::1,2,cannabis,"venting because i'm crying in the parking lot after another rheum appointment where nothing got solved. my bloodwork is a mess, my joints are swollen, and i've got this awful burning in my feet that makes standing at my job almost impossible. the doctor told me to 'stay active' and suggested acupuncture like i haven't already tried every sane thing under the sun. i asked about cannabis because a friend with lupus swears it helped her sleep, and he just gave me that look like i was asking for something ridiculous. meanwhile i'm getting maybe 3 hours of broken sleep a night and every morning feels like i've been hit by a truck. i don't even care about being pain free anymore, i just want enough relief to shower, work, and not feel like i'm falling apart. i'm so discouraged by how hard it is to get anyone to take this seriously.",1
synth::trad::2::0000::2,,synthpost::trad::2::0000::2,2,marijuana,"anyone else feel like they're losing their mind trying to manage this disease? i have ankylosing spondylitis and the fatigue is honestly worse than the pain some days. i've been on sulfasalazine, naproxen, and now a biologic, and i'm still waking up feeling like i never slept at all. my lower back is stiff, my ribs hurt when i breathe too deep, and sitting through a work meeting feels impossible. i've tried heating pads, stretching, massage, all of it. the only thing that even lets me relax enough to fall asleep is a little marijuana at night, but then i spend half the next day feeling guilty because i know my husband hates that it's become part of my routine. i'm not proud of it, i just don't know what else to do when the pain ramps up and my brain won't shut off. i miss feeling like myself so much.",1
synth::trad::2::0000::3,,synthpost::trad::2::0000::3,2,thc,"i'm having one of those weeks where i feel completely defeated. i've got ra, sjogren's, and probably something else brewing because my hands are on fire, my eyes feel like sandpaper, and my ankles are so swollen i can barely get shoes on. i saw my doc yesterday hoping for some kind of plan and left with more labs, more waiting, and another lecture about stress. i'm already stressed because i haven't been able to keep up with work and i'm terrified i'm going to get written up again. a friend gave me a thc balm to try on my wrists and thumbs, but it barely touches the pain and the smell makes me nauseous. i know people mean well when they say to rest, hydrate, meditate, etc., but none of that fixes the fact that i can't hold a mug without crying. i just feel old, broken, and angry.",1
synth::trad::2::0000::4,,synthpost::trad::2::0000::4,2,medical marijuana,"i'm so frustrated i could scream. my diagnosis has been moving toward mixed connective tissue disease and maybe inflammatory arthritis, but everything is dragging out forever. meanwhile i'm losing weight because eating hurts, my shoulders and hips ache nonstop, and i keep waking up drenched in sweat from pain. my primary basically told me to 'be patient' while waiting for specialist notes, which is easy to say when you're not the one trying to function on 4 hours of sleep and a heating pad. i looked into medical marijuana because a neighbor with similar symptoms said it helped her get through the night, but between the cost, the paperwork, and the fear of being judged, i just feel stuck. i hate that my life has shrunk down to medication schedules, ice packs, and canceling everything. i'm not looking for miracles, just something that lets me get through a day without feeling like my body is actively sabotaging me.",1
synth::trad::2::0001::0,,synthpost::trad::2::0001::0,2,cbd,"i'm at the point where i'm running out of things to try. i've got psa and every time i think i'm turning a corner, my hands and knees light up again and i’m back to waking up at 3am because i can’t get comfortable. my rheumatologist adjusted my meds last month and i’m still stiff for hours in the morning, plus my stomach is wrecked from the nsaids. i started using cbd oil a few weeks ago because several people swore it helped them, but honestly i can’t tell if it’s doing anything besides making me poorer. i’m tired of hearing ""just rest"" when rest doesn’t touch the pain and work doesn’t stop because i’m flaring. does anyone have anything that actually helps with the constant ache and fatigue, or am i just stuck waiting for the next med to kick in? i’m so burned out.",1
synth::trad::2::0001::1,,synthpost::trad::2::0001::1,2,weed,"not looking for a miracle, just a way to get through the day without feeling like my body is made of broken glass. i have suspected lupus and sjogren's, and the combo of joint pain, dry eyes, mouth sores, and this weird crushing fatigue has basically turned my life into work, bed, repeat. i tried to push through a grocery trip yesterday and ended up sitting in the car crying because my hips and shoulders hurt so bad. i've been taking tylenol like candy, using heat, stretching, all the usual stuff. weed was suggested by a friend, but i’ve never been a smoker and i’m nervous to even try it. i’m mostly here because i’m desperate for anyone who understands the constant ",1
synth::trad::2::0001::2,,synthpost::trad::2::0001::2,2,medical marijuana,"been on plaquenil for months for ra and the swelling has come down a little, but the pain and fatigue are still ruining everything. i can handle the doctors telling me it may take time, but what’s getting to me is that i can’t make it through a normal shift without my wrists and feet screaming. i’m missing family stuff, sleeping poorly, and feeling like i’m 80 years old at 29. my clinic mentioned medical marijuana as an option for symptom management, but i’ve never used it and don’t know if it’s worth the hassle where i live. did anyone here actually get approved, and did it help with the day-to-day pain or just make you sleepy? i’m not trying to replace treatment, i just want to stop counting down the hours until i can lie down again.",1
synth::trad::2::0001::3,,synthpost::trad::2::0001::3,2,thc,"i’m in a nasty flare and i’m so over pretending it’s fine. i have ankylosing spondylitis and the back pain is bad enough, but the worst part is the fatigue and the way it makes me feel like my body is fighting me every single morning. my latest labs were ""not terrible"" so apparently that means i should be able to function. cool. i tried an otc sleep aid, stretching, hot showers, the whole routine, and i still wake up feeling like i got hit by a truck. a cousin keeps telling me to try thc gummies, but i’m skeptical and honestly kind of scared of making the brain fog worse because i already forget words mid-sentence. has anyone found anything that actually helps with sleep and pain without making you feel even more useless the next day?",1
synth::trad::2::0001::4,,synthpost::trad::2::0001::4,2,cannabis,"i don’t really know what i’m looking for anymore except maybe a reality check. i have sjogren's and probably some overlap nonsense because my joints hurt, my mouth is constantly dry, my eyes burn, and i’m exhausted in a way that sleep doesn’t fix. the specialist keeps saying the inflammation markers aren’t dramatic enough to explain how bad i feel, which is a lovely thing to hear when you can barely open jars or get through a shower without needing to sit down. i’ve been trying heat, electrolyte drinks, artificial tears, rest, and just generally existing badly. cannabis keeps getting brought up in support groups as if it’s some magical fix, but all i really want is to know whether anyone else has had this miserable combo of symptoms and found anything that took the edge off. i’m so tired of being told to wait until it gets worse before they take me seriously.",1
synth::trad::2::0002::0,,synthpost::trad::2::0002::0,2,cbd,"i'm honestly at my wits end. my rheum thinks i have seronegative inflammatory arthritis but the workup keeps coming back ""mostly normal"" while my hands, knees, and feet feel like i'm 90 years old. mornings are brutal, then by evening i'm wiped out and cranky from trying to push through work. i've tried naproxen, heat, compression gloves, and a few different cbd creams, but nothing has done more than take the tiniest edge off. i keep getting told to be patient while we ""wait and see,"" but living like this is exhausting. does anyone else feel like the pain and fatigue are the real diagnosis before the labs ever catch up?",1
synth::trad::2::0002::1,,synthpost::trad::2::0002::1,2,medical marijuana,"anyone else get the joy of having pain, insomnia, and brain fog all at once and then being told to just ""manage stress""? i have lupus and i'm having a flare that won't quit. my joints are swollen, my skin is angry, and i haven't had a full night's sleep in weeks. i asked about medical marijuana because i was desperate for something that might let me rest without feeling gross the next day, and the answer was basically a shrug from one doctor and a lecture from another. i know it's not a cure, i just wanted one thing that might make nights less miserable. i'm so tired of every option either not working or coming with another problem.",1
synth::trad::2::0002::2,,synthpost::trad::2::0002::2,2,thc,"i started a thc oil thinking it might help me get through the worst of my spondyloarthritis pain at night, and instead i got a racing heart, dry mouth, and zero sleep. super fun. meanwhile my back feels like it's locked in place and my SI joints are screaming every time i roll over. i'm not even asking for a miracle, just something that doesn't make me feel weird on top of already feeling awful. has anyone figured out a dose or route that actually helps without turning you into a paranoid mess? because right now it feels like i'm just collecting side effects for no reason.",1
synth::trad::2::0002::3,,synthpost::trad::2::0002::3,2,weed,"this disease is ruining my ability to function in the most boring ways possible. i can handle the big flares, sort of, but it's the constant small stuff that gets me: hands too stiff to open jars, shoulders that burn for no reason, and the weird full-body fatigue that makes showering feel like a workout. i tried weed because a friend swore it would help with pain and sleep, but all it did was make me sleepy for an hour and then wake up still hurting. i feel guilty being this frustrated because so many people have it worse, but right now i'm just angry that everything i try is half a solution at best.",1
synth::trad::2::0002::4,,synthpost::trad::2::0002::4,2,cannabis,"new diagnosis, new doctor, new meds, new side effects, same pain. i'm on hydroxychloroquine now for suspected sjogren's / connective tissue disease overlap, and i feel like i'm being hit from every angle: dry eyes, swollen fingers, random chest tightness that sent me into a panic, and this deep ache in my wrists that won't let up. i know it takes time to work, but in the meantime i'm barely getting through the day. i also tried cannabis gummies after seeing people rave about them, and they mostly just made me tired and confused while the pain stayed right there. i'm starting to wonder if there is actually anything that helps beyond waiting around and hoping the meds kick in.",1
synth::trad::2::0003::0,,synthpost::trad::2::0003::0,2,cbd,"honestly i'm at my wits end. my joints are on fire every morning, my hands feel like someone filled them with broken glass, and the fatigue is getting so bad i can barely make it through a workday. rheum keeps tweaking meds and every new thing seems to come with another side effect. i tried cbd gummies for sleep because i was desperate, but all it did was make me sleepy in a weird foggy way and the pain was still there when i woke up. i just feel stuck in this loop of pain, med changes, and pretending i'm fine for everyone else. does anyone else feel like they are failing at life because their body won't cooperate?",1
synth::trad::2::0003::1,,synthpost::trad::2::0003::1,2,medical marijuana,"i had my second infusion appointment cancelled again because my labs were off, and now i'm sitting here spiraling because i feel like i'm losing months of my life to this disease. my knees, wrists, and hips are all acting up at once, and i haven't had a full night of sleep in weeks. i am not looking for a miracle, i'm just tired of every plan falling apart. a friend keeps telling me to look into medical marijuana but i'm nervous and honestly just exhausted from researching one more thing that may or may not help. i miss being able to leave the house without calculating every step. this whole thing is so isolating.",1
synth::trad::2::0003::2,,synthpost::trad::2::0003::2,2,weed,"i hate how random this illness is. some days i can walk around the house okay and then out of nowhere my feet, back, and shoulders decide to completely shut down. i had to call out of work twice this month and i can feel my boss getting annoyed, which is great because i already feel guilty enough. i've been using weed at night because i'm trying to avoid taking more pills, but it doesn't touch the stiffness and i just end up lying there awake anyway. i'm frustrated, tired, and kind of scared this is just my new normal. anyone else just feel worn down by the constant uncertainty?",1
synth::trad::2::0003::3,,synthpost::trad::2::0003::3,2,thc,"my rheumatologist keeps saying 'give it time' and i know that's probably true, but time is not exactly on my side when i'm barely functioning. i was diagnosed last year and since then it's been one flare after another: chest pain, swollen fingers, random fevers, and this bone-deep fatigue that makes brushing my teeth feel like a project. i started using thc oil in tiny amounts because nothing else was helping me sleep, but i still wake up at 3am feeling awful and then spend the whole day dragging. i'm trying really hard not to fall apart, but it is getting harder. i miss my old life so much it hurts.",1
synth::trad::2::0003::4,,synthpost::trad::2::0003::4,2,pot,"just venting because i don't know where else to put this. every part of me hurts, i'm behind on bills because i've missed so much work, and my family keeps acting like i can just 'push through it' if i tried harder. i have psa and the mental toll is honestly as bad as the pain. i've tried changing meds, diet, stretching, heat, all of it. pot helps me a little with nausea on the worst days, but it doesn't fix the swelling or the constant exhaustion, and i'm sick of people acting like that means i'm doing nothing. i feel like i'm disappearing into this disease and nobody around me really gets it.",1
synth::trad::2::0004::0,,synthpost::trad::2::0004::0,2,cbd,"i'm honestly so discouraged right now. i have ra and a stupidly stubborn knee flare that has been hanging on for weeks. i'm on methotrexate and naproxen already, and i bought a couple different cbd rubs because everyone in my family keeps acting like that will magically fix it. it hasn't. at best it smells nice and distracts me for 5 minutes, at worst i'm just out $40. the pain is bad enough that i'm waking up at 3am and limping around the house like a zombie. has anyone actually gotten real relief from cbd, or am i just wasting my time here? i feel like i am running out of things to try while waiting for my rheum appointment.",1
synth::trad::2::0004::1,,synthpost::trad::2::0004::1,2,weed,"quick rant because i'm frustrated and exhausted. my rheumatologist keeps telling me to ""give things time"" but meanwhile i can barely open jars and my hands feel like they belong to someone twice my age. i tried weed gummies after reading a bunch of people saying it helps with pain and sleep. all it did was make me paranoid, dizzy, and more aware of how badly my wrists hurt. i ended up lying there feeling stoned and miserable. i hate that every new thing i try either does nothing or makes me feel worse. if anyone has found something that actually helps inflammation without wrecking your head, i'm all ears.",1
synth::trad::2::0004::2,,synthpost::trad::2::0004::2,2,medical marijuana,"has anyone else had a weirdly bad experience getting medical marijuana approved for an autoimmune condition? i thought it would at least be straightforward, but the paperwork, the fee, the waiting, and then the pharmacist acting like i'm asking for something illegal was just humiliating. i have sjogren's and some sort of inflammatory arthritis situation that still isn't fully sorted, and i was hoping this might help with the constant pain and nausea from my meds. instead i feel like i've spent days fighting a system that doesn't care whether i can function or not. i'm not even sure i want to continue with it after all that hassle.",1
synth::trad::2::0004::3,,synthpost::trad::2::0004::3,2,thc,"i'm so sick of people acting like thc is some miracle fix. i tried a low-dose tincture for night pain because i'm desperate and my shoulders and hips have been on fire for months. it made me feel floaty for about an hour and then i got hit with pounding heart, dry mouth, and more anxiety than before. didn't touch the pain. if anything it made the whole night feel longer because i was stuck paying attention to every weird sensation in my body. i have lupus and i'm already dealing with fatigue, brain fog, and work stress. this just added another problem to the pile.",1
synth::trad::2::0004::4,,synthpost::trad::2::0004::4,2,pot,"lately i've been feeling like i'm losing my mind a little. i have psoriatic arthritis, i'm behind on sleep, and every appointment seems to end with ""continue current meds and follow up in 3 months."" meanwhile my feet are swollen, my back hurts, and my mood is in the gutter. a friend gave me pot edibles to help me relax and maybe get through the night, but all i got was a headache and the most miserable food cravings of my life. i know some people swear by it, but for me it was expensive, useless, and honestly kind of embarrassing because i was hoping for anything that would take the edge off. at this point i'm just tired of being in pain and tired of nothing working.",1
synth::trad::2::0005::0,,synthpost::trad::2::0005::0,2,cbd,"i'm honestly at the end of my rope with this stuff. i have psoriatic arthritis and the last year has been a mix of swollen fingers, burning knees, and shoulders that feel like they're full of gravel. my rheum keeps changing meds and everything either does nothing or makes me feel gross. i tried cbd gummies because people kept saying it might take the edge off, and for me it barely touched the pain. maybe i got a bad product, maybe this is just my body being difficult, idk. what i do know is i can barely make it through work and then i come home and just sit there staring at the wall because i'm too exhausted to even shower. i'm scared i'm going to lose more function in my hands and i hate that i have to think about that at 34. just needed to vent to people who get it.",1
synth::trad::2::0005::1,,synthpost::trad::2::0005::1,2,weed,"does anyone else feel like their own body is just sabotaging them? i have ankylosing spondylitis and the mornings are getting ridiculous. i wake up locked up from my neck down into my hips, and by the time i loosen up i’m already drained for the day. i used to use weed here and there for stress, but lately it just makes me hyper-aware of every sore spot and then i spiral about how bad this is getting. i keep hearing about people finding relief with it, and i’m glad it helps some of you, but i’m over here wondering if i’m doing something wrong or if this disease just laughs at anything i try. my doctor says to be patient with treatment, but being patient when you hurt all the time is exhausting. not sure what i’m hoping for besides maybe someone saying they’ve been stuck in this same awful in-between phase.",1
synth::trad::2::0005::2,,synthpost::trad::2::0005::2,2,cannabis,"so tired of the constant trial-and-error. i have sle and suspected sjogrens and every week seems to bring a new problem: mouth sores, eye pain, random fevers, then this crushing fatigue that makes simple stuff feel impossible. i’ve been on plaquenil, prednisone bursts, nsaids, all of it, and the best i get is temporary meh. i tried a medical cannabis tincture because i was desperate and while it did help me sleep a little, i still woke up feeling like i’d been hit by a truck. the pain is still there, the brain fog is still there, and the anxiety of never knowing what symptom is coming next is honestly ruining me. i’m not looking for miracle advice, just feeling very defeated and wanted to say it somewhere people might understand. this disease takes so much and it’s getting harder not to resent my own body.",1
synth::trad::2::0005::3,,synthpost::trad::2::0005::3,2,thc,"i feel kind of stupid even posting this but i need to get it out. i have ra and my hands have gotten so bad that i dropped a mug this morning because my fingers just wouldn't cooperate. the swelling comes and goes but the stiffness seems permanent now. my doctor increased one med and added another and i’m still flaring all over the place. i tried a low-dose thc edible one night hoping it might calm things down enough for sleep, and instead i spent the whole night anxious and staring at the ceiling counting every ache in my body. so that was fun. what scares me most is how fast this has changed my life. i used to be really active and now i plan my whole day around whether my joints will let me function. i know people say not to catastrophize but it's hard not to when every month feels worse than the last.",1
synth::trad::2::0005::4,,synthpost::trad::2::0005::4,2,medical marijuana,"long shot, but has anyone with lupus actually found anything useful for pain besides just rotating prescriptions and hoping for the best? i’ve got the usual fatigue, joint pain, and the weird chest/upper back flares that make breathing feel off, and i’m honestly miserable. i asked my doctor about medical marijuana because i’m desperate for sleep and maybe something to take the edge off the constant ache, but i got the usual vague answer of 'some patients report benefit' with no real guidance. meanwhile i’m still missing work, still cancelling plans, and still feeling like i'm 80 years old in a 29 year old body. i’m tired of hearing that everything is normal when i can barely carry groceries. if anyone has gotten even a little relief or has tips for surviving the day-to-day, i’d really appreciate it.",1
synth::trad::2::0006::0,,synthpost::trad::2::0006::0,2,cbd,"i'm so tired of feeling like a walking complaint. every morning my wrists and ankles are swollen, my jaw feels glued shut, and by lunch i'm already wiped out. my rheum keeps saying my labs are ""not dramatic enough"" even though i can barely open a jar some days. i tried cbd oil, balm, gummies, all of it, and it mostly just made me sleepy while the pain stayed put. what really gets me is that everyone around me acts like i should be grateful it's ""just inflammation"" when i'm missing work, cancelling plans, and living on ice packs. if anyone has actually found a way to get through a flare without losing their mind, i'd love to hear it. right now i'm just angry and exhausted.",1
synth::trad::2::0006::1,,synthpost::trad::2::0006::1,2,thc,"has anyone else had thc make you more aware of the pain instead of less? i have nr-axspa and i thought it might help me get through the nights, but half the time i end up noticing every single spot that hurts and then i spiral because i can't get comfortable. my back, ribs, hips, neck... it's like my body is one giant bruise. the biologic i'm on is doing something, i guess, but not enough to stop the daily stiffness and the crushing fatigue. i also got told to ""keep moving"" by a doctor who clearly does not know what it feels like to stand up like a rusty hinge. i'm frustrated because i keep trying things and still wake up feeling worse than the day before.",1
synth::trad::2::0006::2,,synthpost::trad::2::0006::2,2,medical marijuana,"i finally got my medical marijuana card after months of fighting with insurance and my primary, and honestly i expected at least some relief. nope. my hands still burn, my knees sound like popcorn, and i spend most evenings lying on the couch because my whole body feels like it's been beaten up. the worst part is the med side effects. i'm on hydroxychloroquine and something else for my r.a., and between the nausea and the brain fog i can barely keep up with normal life. weed helps me sleep a little, but that's about it. i'm really discouraged because i've been trying every suggestion people throw at me and nothing has made this feel manageable. i hate how much of my life is now just recovering from being awake.",1
synth::trad::2::0006::3,,synthpost::trad::2::0006::3,2,weed,"this might be a dumb question but does anyone else feel like weed is the only thing that makes the appointments bearable, not the actual disease? i have sjogren's and maybe overlap with something else, still waiting for more tests, and i'm stuck in this awful loop of dry mouth, eye pain, headaches, and joints that ache for no reason. the rheumatologist keeps saying ""we'll monitor it"" which is doctor-speak for please come back when you're even worse. i tried to keep a normal job through this and i can't even make it through a full shift without feeling like my face is on fire and my body is made of sandpaper. i'm not asking for miracles, i just want one day where i don't feel like everything in me is inflamed and falling apart.",1
synth::trad::2::0006::4,,synthpost::trad::2::0006::4,2,cannabis,"just venting because i'm having one of those weeks where every single thing goes wrong at once. i'm waiting on an mri, my fingers are stiff enough that i drop my phone constantly, and the fatigue is so bad i slept 11 hours and still woke up feeling hungover. my doctor told me to stop ""focusing on symptoms"" and then acted like i was being dramatic when i mentioned the burning pain in my spine and hips. cannabis used to take the edge off, but lately it barely touches the misery and sometimes i just get nauseous on top of everything else. i know people say to be patient while the workup is happening, but it's hard not to feel hopeless when every day is pain, pills, and being brushed off. i'm so over this whole process.",1
synth::trad::2::0007::0,,synthpost::trad::2::0007::0,2,cbd,"i'm 29 and have been dealing with inflammatory arthritis for about a year now and i'm so tired of feeling like i got hit by a truck every morning. my rheumatology follow up got pushed back again, my knees and wrists are angry all the time, and i’m missing work more and more. i tried cbd oil for sleep and pain after seeing people say it helped them, but honestly it barely takes the edge off for me. maybe i'm just unlucky, but right now i'm discouraged and running out of patience. anyone else feel like every little thing they try only helps for an hour? exhausted and frustrated",1
synth::trad::2::0007::1,,synthpost::trad::2::0007::1,2,thc,"my psoriatic arthritis has been in overdrive since the weather changed and i’m having one of those weeks where even turning a doorknob feels stupidly hard. my fingers are swollen, my feet ache when i stand, and i’m waking up at 3 a.m. already in pain. i picked up a thc gummy because i just needed something to help me sleep through the night, but all it really did was make me sleepy and still leave me hurting. i’m grateful i can at least rest a bit, but i’m honestly bummed because i keep hoping for some miracle and it never really comes. flare won’t quit",1
synth::trad::2::0007::2,,synthpost::trad::2::0007::2,2,medical marijuana,"has anybody had to fight their insurance over everything all at once? i have lupus and sjogren’s and every month seems to be a new denial or another billing surprise. i finally got approved for one med, but the copay is ridiculous and the pharmacy keeps running out. my doctor mentioned medical marijuana as a possible add-on for pain and nausea, but getting the paperwork sorted feels like another full-time job. i'm not even looking for a cure, just some way to get through the day without feeling like my body is betraying me constantly. this whole process is exhausting and depressing.",1
synth::trad::2::0007::3,,synthpost::trad::2::0007::3,2,weed,"i’m having a rough time with ra in my hands and shoulders and i’m honestly annoyed with how many things i’ve already tried. prednisone helped for a minute, then the flare came right back, and now i can barely open jars or type for long. i bought some weed cream hoping it would be the magic answer for the hand pain, but i haven’t noticed much besides my wallet being lighter. maybe i’m expecting too much, but it’s hard not to feel discouraged when nothing seems to stick. just wanted to vent because i’m sick of pretending i’m fine at work and then falling apart at home.",1
synth::trad::2::0007::4,,synthpost::trad::2::0007::4,2,marijuana,"i’m in a bad stretch with undifferentiated connective tissue disease and the fatigue is honestly worse than the pain some days. i sleep ten hours and wake up feeling like i never slept, then spend the rest of the day trying to function through brain fog and joint pain. i live in a state where marijuana is legal, so i thought maybe i’d finally have one thing that could help me unwind, but between the cost and the mixed results i’m still struggling. i’m trying to stay hopeful, but lately it feels like every solution comes with another problem. if anyone has been through this kind of endless tired-and-hurting cycle, i’d love to know how you keep going.",1
synth::trad::2::0008::0,,synthpost::trad::2::0008::0,2,cbd,"i am so exhausted. every month it feels like my joints pick a new place to hurt and my rheumatologist keeps saying ""we'll watch it"" while my hands are swelling and i can barely open jars. i've tried heat, rest, prednisone tapers, all of it. people keep telling me to try cbd like it's some magical fix, but i'm already on too many meds and honestly i'm scared of adding anything else on top of methotrexate and naproxen. i just want one night where i don't wake up stiff, sweaty, and miserable. has anyone actually gotten any relief from cbd when the pain is this bad, or am i just wasting time hoping for something that won't happen? i'm not looking for miracles, just a little less suffering.",1
synth::trad::2::0008::1,,synthpost::trad::2::0008::1,2,medical marijuana,"venting because i'm at the end of my rope. i have spondyloarthritis and the fatigue is honestly ruining my life more than the pain some days. i work, come home, collapse, and then still can't sleep because my hips and lower back feel like they've been welded together. my gp acted weird when i asked about medical marijuana and basically changed the subject. i know there are risks and i don't want to be reckless, but i'm also sick of being told to ""stay active"" when walking to the bathroom feels like a project. if you use medical marijuana for inflammation/pain, did it help enough to matter, and how did you even bring it up without getting brushed off?",1
synth::trad::2::0008::2,,synthpost::trad::2::0008::2,2,thc,"has anyone else had thc make everything worse instead of better? i tried a tiny gummy last night because i was desperate after a flare that hit my shoulders, ribs, and jaw all at once. instead of relaxing, i got shaky, nauseous, and hyperaware of every ache in my body. even my skin felt painful. now i'm sitting here after barely sleeping and i feel like i got hit by a truck. i keep reading that people use it for pain and sleep, but for me it was just panic plus more pain. i'm starting to think my body hates literally everything i put into it.",1
synth::trad::2::0008::3,,synthpost::trad::2::0008::3,2,weed,"not sure if this is more of a rant or a question. i've got ra and a weird overlap of chest pain/costochondritis that makes me feel like i'm constantly having the world's dumbest heart attack. i used to smoke weed in college and it was fine, but since all this started it seems to trigger a horrible spiral of anxiety and makes me notice every ache in my neck, hands, ribs, everywhere. i stopped for a while and honestly i don't miss the high, i just miss having anything that would take the edge off. i'm frustrated because nothing otc touches the pain and my doc wants me to just ""give it more time"" while i keep losing sleep. if you've found anything that actually helps with being sore all the time, i'd love to hear it.",1
synth::trad::2::0008::4,,synthpost::trad::2::0008::4,2,cannabis,"i'm probably just having a bad day and taking it personally, but i'm getting tired of being told my symptoms are ""mild"" because my labs don't look dramatic. my wrists are puffy, my knees ache after ten minutes on my feet, and by evening i feel like i ran a marathon in wet cement. i asked about cannabis at my last appointment and the nurse gave me that look like i was asking for something illegal, even though i'm just trying to survive the day without crying in the grocery store. i'm not looking to get high, i just want some way to sleep and function. it is so discouraging to feel this bad and still have to justify every request for help. anyone else feel like they're fighting their disease and the healthcare system at the same time?",1
synth::trad::2::0009::0,,synthpost::trad::2::0009::0,2,cbd,"was told to 'just try cbd' by three different people this week and i'm honestly at my limit. i have seronegative inflammatory arthritis and i'm on mtx + naproxen, still waking up with hands that feel like they've been crushed in a vice. the pain is bad enough, but what gets me is the constant sleep deprivation and the brain fog. i've spent money on oils, gummies, and a cream that smells like a pine tree had an identity crisis, and none of it touched the stiffness. i know people mean well, but i'm tired of getting wellness advice instead of actual help. i'm already doing pt, stretching, heat, the whole circus. just needed to vent because i'm so sick of pretending i'm not falling apart.",1
synth::trad::2::0009::1,,synthpost::trad::2::0009::1,2,cannabis,"i'm 27 with psa, diagnosed last year, and i'm miserable. biologics helped for about two months and then the enthesitis came back with a vengeance, especially in my feet and ribs. i started using cannabis at night because i was desperate to eat and sleep, but now even that barely takes the edge off. my stomach is constantly upset, my hands are stiff by noon, and i keep missing work because i feel like i've been hit by a truck every morning. rheum wants to wait another 8 weeks before changing anything and i just don't understand how i'm supposed to function until then. sorry, just feeling very defeated.",1
synth::trad::2::0009::2,,synthpost::trad::2::0009::2,2,marijuana,"has anyone else had every single recommendation turn into a dead end? i've got suspected lupus or maybe mctd, still waiting on more labs, and meanwhile i'm dealing with mouth ulcers, joint swelling, and this weird burning fatigue that never lifts. my family keeps telling me marijuana will 'fix the appetite and pain' but it doesn't fix the part where i can't hold a coffee mug or think straight long enough to finish an email. i feel like i'm losing months of my life to appointments and side effects. prednisone makes me ragey, plaquenil upset my stomach, and now i'm just sitting here trying not to cry because i don't know what the next step is supposed to be.",1
synth::trad::2::0009::3,,synthpost::trad::2::0009::3,2,thc,"i tried thc gummies after a really awful flare and ended up more anxious, dizzy, and nauseous than before. that was after a week of barely sleeping from sacroiliac pain and neck stiffness, so i was hoping for literally any relief. instead i got to lie awake feeling my heart pound and wondering if this is just my life now. my rheumatologist thinks axial spondyloarthritis is likely, but the referral process is taking forever and i keep getting bounced around between primary, ortho, and rheum. i am so tired of being told to 'stay positive' when i can barely get dressed without wanting to scream.",1
synth::trad::2::0009::4,,synthpost::trad::2::0009::4,2,medical marijuana,"i'm frustrated because the medical marijuana card process was so hyped up and i thought maybe it would finally give me something for the constant pain, but all it really did was make me spend more money. i have ra and secondary sjogren's, my eyes feel like sandpaper, my joints are swollen, and the fatigue is crushing. i can do one errand and then i'm done for the day. i don't want opioids, i just want to be able to shower and cook dinner without needing to lie down afterwards. every appointment feels like 'let's add one more med and see what happens.' i'm grateful i'm not in the hospital, but honestly i'm so discouraged by how little control i have over my own body.",1
synth::trad::2::0010::0,,synthpost::trad::2::0010::0,2,cbd,"just needed to vent because i'm having one of those weeks where everything feels like a bad joke. my hands are swollen, my knees feel like they're full of gravel, and i haven't slept through the night in months. rheum keeps saying 'wait and see' while my labs bounce around and i keep getting told i'm ""too young"" for this much pain. i'm already on naproxen, plaquenil, and a steroid taper did absolutely nothing except make me shaky and angry. i'm considering cbd at this point because i cannot keep living on 2-3 hours of broken sleep and ice packs. has anyone actually gotten even a little relief from it, or is that just another thing i should save my money on? i am so tired of hurting all the time.",1
synth::trad::2::0010::1,,synthpost::trad::2::0010::1,2,weed,"my gp told me to be patient, but patience is hard when you wake up feeling like your joints were replaced with rusty hinges. i can barely open jars, i get random rib pain when i breathe too deep, and by 3pm i'm wiped out like i ran a marathon. bloodwork is ""borderline"" for everything apparently, which means nobody wants to call it anything yet. i tried weed once years ago and it made me paranoid, so now i'm nervous to even go near it again, but i'm desperate enough to consider anything that might stop the constant ache. i'm not looking for miracles, just one normal day where i don't have to plan my whole life around pain.",1
synth::trad::2::0010::2,,synthpost::trad::2::0010::2,2,marijuana,"anyone else feel like the disease is stealing pieces of you one by one? i started with joint pain in my fingers and now it's turned into this whole mess of fatigue, mouth ulcers, chest tightness, and weird fevers that come and go. every appointment feels like i have to convince someone i'm not exaggerating. my rheum thinks it's inflammatory but won't pin it down yet, so i'm stuck in diagnosis limbo and counting down until the next set of labs. i don't want to keep escalating meds forever, but i'm also not functional like this. i keep hearing people talk about marijuana helping with appetite and sleep, and i'm wondering if it's worth asking about or if i'll just get dismissed again. i hate how much of my life is spent just trying to get through the day.",1
synth::trad::2::0010::3,,synthpost::trad::2::0010::3,2,thc,"i'm honestly at the end of my rope. i had a flare so bad last night i was crying in the shower because my back, hips, and shoulders were all screaming at once and nothing touched it. prednisone helps for about five minutes and then i feel like garbage from the side effects. i'm waiting on imaging and more bloodwork, but meanwhile i'm missing work, skipping plans, and feeling like a shell of myself. my partner suggested thc for sleep and pain, but i'm scared of feeling out of control or making the dizziness worse. i just want to stop waking up already exhausted and hurting before the day even starts. if anyone has managed to stay employed through this mess, i would love to hear how.",1
synth::trad::2::0010::4,,synthpost::trad::2::0010::4,2,cannabis,"vent post because i'm having a rough emotional day on top of the physical stuff. i keep getting told that my symptoms are ""inconsistent"" because some days i can walk fine and other days i can barely get off the couch, which apparently makes me a mystery instead of a patient. my hands are stiff, my ankles swell, my skin burns in the sun, and my stomach is a disaster from all the meds. i missed another family event because i could not trust my body to cooperate. i've been reading about cannabis for pain and nausea, but i'm overwhelmed by the options and honestly annoyed that i have to become an expert just to function. i miss having energy, and i miss not having to think about every single movement.",1
synth::trad::2::0011::0,,synthpost::trad::2::0011::0,2,cbd,"i'm honestly at the end of my rope with this flare. my hands are so swollen i can barely open a bottle, my shoulders feel glued in place, and the fatigue is so bad i keep falling asleep at my desk. i've tried prednisone, heat, stretching, and a bunch of otc stuff, and none of it is touching the pain. a friend keeps telling me to try cbd, but i'm skeptical and tired of spending money on things that don't help. has anyone with ra actually found something that makes a dent, or am i just stuck waiting for the next med change? i feel useless like this.",1
synth::trad::2::0011::1,,synthpost::trad::2::0011::1,2,marijuana,"another month, another rheum appointment where i leave with no answers and a new prescription to 'see if this helps.' i've been dealing with lupus and awful joint pain for years now, and lately the brain fog is so bad i'm messing up simple tasks at work. i'm taking plaquenil, naproxen, and a muscle relaxer at night, but i still wake up feeling hit by a truck. i was considering marijuana because i'm desperate for sleep, but i don't want to make the anxiety worse. does anyone have experience with it helping pain without turning you into a panic mess? i'm so tired of guessing.",1
synth::trad::2::0011::2,,synthpost::trad::2::0011::2,2,thc,"flare from hell right now. hips, knees, wrists, jaw, all of it. i can barely lift my coffee mug and every time i stand up i feel like i'm 90 years old. my doctor upped my methotrexate, but that won't do anything fast enough for this week, and the steroid pack i had left only helped for like two days. i've seen people mention thc creams and gummies, but i've never tried either and i don't know if it's worth the hassle. i'm not asking for a miracle, just something that lets me sleep through the night without crying from pain.",1
synth::trad::2::0011::3,,synthpost::trad::2::0011::3,2,cannabis,"i'm having one of those days where everything about this disease feels unfair. i had to call out of work again because my feet were on fire by 9am, my lower back is spasming, and my knuckles are so stiff i couldn't zip my coat. i know stress makes it worse, but that's hard to remember when you're in constant pain. i'm already on biologics and an nsaid, and my doctor basically told me to 'pace myself,' which feels insulting when i can barely function. has anyone had any luck with cannabis when the usual meds just stop doing anything? i'm running out of patience and energy.",1
synth::trad::2::0011::4,,synthpost::trad::2::0011::4,2,weed,"not looking for a lecture, just trying to get through the week. my psoriatic arthritis has been flaring hard for almost a month and i'm now miserable all day, every day. the worst part is not even the pain, it's the exhaustion and feeling like i'm failing at literally everything because i can't keep up with my family. i've tried hot baths, cbd, lidocaine patches, extra sleep, nothing. a couple people have suggested weed for evenings, but i have no idea what would be reasonable or safe with my other meds. if anyone has suggestions for surviving a bad flare without wrecking my stomach or my head, i'd appreciate it a lot.",1
synth::trad::2::0012::0,,synthpost::trad::2::0012::0,2,cbd,"i feel like i'm slowly falling apart and i'm so tired of pretending i'm ""doing okay"". i've got psa, possible enthesitis, constant fatigue, and this weird burning pain in my wrists and ankles that gets worse if i sit too long or stand too long. naproxen tore up my stomach, steroids made me feel insane, and my rheum keeps saying we just need to give the biologic more time. it's been months. my sleep is garbage, my hands are stiff every morning, and i can't keep up at work or at home. i've tried cbd gummies for a couple weeks because a friend swore they'd help with the pain, but honestly all i got was a lighter wallet and still feeling miserable. i just want one day where i don't wake up already exhausted and in pain. is this really as good as it gets?",1
synth::trad::2::0012::1,,synthpost::trad::2::0012::1,2,weed,"diagnosed with ra last year after what felt like forever of being told i was ""too young"" and ""probably stressed."" now i have swollen fingers, knee pain, and this awful brain fog that makes me feel like i'm 90 years old. methotrexate helped a little but the nausea is brutal, and on top of that i keep getting random flares that wipe out my whole week. my friends keep suggesting weed like it's a magic fix, but i'm already sick of experimenting with things that only half-work or make me feel weird. i miss being able to cook, clean, and go for walks without planning the rest of the day around how bad i'll hurt later. i know people deal with way worse, but i'm just frustrated and grieving the life i had before all this.",1
synth::trad::2::0012::2,,synthpost::trad::2::0012::2,2,cannabis,"i'm in the middle of a workup for lupus/sjogren's and i'm honestly losing my mind waiting for answers. my symptoms are all over the place: crushing fatigue, dry eyes and mouth, weird rashes, joint pain in my hands, and this random chest tightness that sends me down a spiral every time it happens. the worst part is how invisible it all is when i look ""fine"" on the outside. my rheum put me on hydroxychloroquine, but i haven't felt a real difference yet and i keep getting told to be patient. meanwhile i can barely get through a shift without needing to sit down and i feel guilty for canceling plans every week. i tried cannabis once for the pain and it mostly just made me sleepy and more aware of how bad i felt. i know i'm still early in the process, but i am so drained by the waiting and the uncertainty.",1
synth::trad::2::0012::3,,synthpost::trad::2::0012::3,2,medical marijuana,"just needed to vent because i'm at my limit. i have ankylosing spondylitis and a history of awful GI issues, and every time my back flares it feels like it takes over my whole body. my si joints hurt so badly i wake up already clenched, and then by afternoon my ribs and shoulders feel like they've been hit with a hammer. nsaids barely touch it and they mess up my stomach, so now i'm stuck choosing between pain and nausea. my doctor mentioned medical marijuana as something people sometimes try, but i work in a field with drug testing so that's probably not even an option for me. it is maddening to have pain that never really stops, yet still have to act normal enough to keep working. i'm exhausted, cranky, and honestly pretty scared that this is just my life now.",1
synth::trad::2::0012::4,,synthpost::trad::2::0012::4,2,thc,"has anyone else had the experience where every new treatment seems to come with a fresh problem? i have ra and suspected fibromyalgia, and over the past year i've bounced from one med to another because either they didn't work or the side effects were unbearable. i'm currently on a biologic that's helping my inflammation numbers but not the exhaustion, the all-day body ache, or the weird nerve pain in my feet. i also have horrible insomnia, so then i'm up half the night and feel worse the next day. i tried a low-dose thc tincture after seeing people mention it here, but it just made me anxious and gave me a headache on top of everything else. i don't know if i'm being impatient or if i should push for a different plan, but i'm really tired of feeling dismissed every time i say that ""better labs"" doesn't mean i can actually function. it feels like i'm just collecting symptoms instead of getting better.",1
synth::trad::2::0013::0,,synthpost::trad::2::0013::0,2,cbd,"i'm honestly at my limit with this flare. my wrists, shoulders, and knees are all screaming, and the fatigue is so bad that i feel like i'm moving through wet cement. my rheumatologist keeps saying to give the current meds more time, but i've been on them for months and i don't feel any meaningful change. nsaids wreck my stomach, prednisone makes me feel like a jittery mess, and i still wake up stiff enough that i need help opening jars. i've been trying cbd at night because i just want something that takes the edge off enough to sleep, but even that only does so much. the weirdest part is how guilty i feel for being this frustrated when all i want is to function like a normal person again. does anyone have actual advice for surviving the gap between appointments when nothing seems to be helping?",1
synth::trad::2::0013::1,,synthpost::trad::2::0013::1,2,cannabis,"does anyone else feel like their disease has completely eaten their ability to work? i have sle and the brain fog is getting ridiculous. i can read the same email three times and still not remember what it said, and by 2 pm i feel like i need to lie down even if i haven't done much. my doctor is willing to adjust meds eventually, but the next appointment is weeks away and i'm just stuck in the meantime. i've tried hot packs, stretching, pacing, all the usual stuff. cannabis helps a little with the pain at night, but it doesn't touch the exhaustion or the awful feeling of being constantly inflamed. i'm not even asking to feel amazing anymore, i would settle for one day where i don't feel like my body is actively fighting me. this whole thing is exhausting in a way i can't really explain to people who don't have it.",1
synth::trad::2::0013::2,,synthpost::trad::2::0013::2,2,weed,"small rant because i am having one of those days where every single joint feels wrong. my hands are swollen, my knees ache, and my ankles feel like they have sand in them. i finally got some labs back and of course nothing is simple; now i'm waiting to hear whether this is ra, sjogren's, or some lovely overlap situation. meanwhile the only thing that has taken the edge off at all is a little weed at bedtime, which i know is not a real treatment, but when you're lying awake at 3 a.m. with your elbows throbbing, you start making compromises. i hate that i have to keep building my life around pain and appointments and medication side effects. i just want one doctor to give me a straight answer and a plan that doesn't make me feel worse than the disease does.",1
synth::trad::2::0013::3,,synthpost::trad::2::0013::3,2,thc,"i'm so frustrated i could cry. my feet have been burning all week, my fingers are locking up in the morning, and my rheum office keeps moving my follow-up because the doctor is booked out forever. i have been trying to be patient with the hydroxychloroquine, but it's been enough time now that i expected at least some improvement. instead i'm getting mouth sores, terrible nausea, and zero real relief. i tried thc gummies once because a friend said it might help me sleep through the pain, and honestly it did knock me out, but i woke up feeling like i had been hit by a truck. so now i'm tired, still in pain, and apparently too sensitive to even trial-and-error my way through this. if anyone has dealt with this weird mix of inflammation, burning pain, and medication side effects, how did you get through the wait for something that actually worked?",1
synth::trad::2::0013::4,,synthpost::trad::2::0013::4,2,medical marijuana,"i'm new here and i need to vent to people who won't tell me to 'just rest more.' i have been dealing with pss for years and lately the tendon pain in my hands has gotten so bad i can't make it through a normal shift without flaring. my employer thinks i am exaggerating because i look fine until i try to grip, type, or lift anything. every evening i'm basically curled up with ice packs and a heating pad, and i'm still not sleeping because the pain wakes me up. i asked about medical marijuana with my doctor and was basically told to 'be careful' without any real guidance, which was super helpful, obviously. i'm not looking for miracles, just a way to make the days less miserable while i wait for the next round of testing and whatever new label they decide fits me this month.",1
synth::trad::2::0014::0,,synthpost::trad::2::0014::0,2,cbd,"i'm at my wit's end with this flare. diagnosed with sjogren's last year, and the dry eyes/mouth are bad enough, but the joint pain and crushing fatigue have me basically living on the couch. i've tried naproxen, heat, rest, all the boring stuff. i started using cbd oil at night because everyone kept saying it was gentle, but it does almost nothing except make me sleepy and broke. my rheum won't change my meds until my next visit in 6 weeks and i'm already missing work. i keep feeling like i'm failing at being sick, which sounds ridiculous, but that's where i'm at. has anyone actually found anything that helps when the pain is this constant?",1
synth::trad::2::0014::1,,synthpost::trad::2::0014::1,2,cannabis,"rheum says the labs are ""inconclusive"" and pcp says it's probably stress, but my hands have been swelling up for months and i can barely open jars or hold a pen. mornings are the worst, like my fingers are made of wood. i have been trying cannabis gummies for sleep because ibuprofen wrecks my stomach, but sleep still isn't really happening and i wake up feeling hungover. i'm tired of getting bounced between doctors while my body keeps getting worse. i honestly don't know if i'm looking for advice or just a place to scream into the void.",1
synth::trad::2::0014::2,,synthpost::trad::2::0014::2,2,medical marijuana,"anyone else feel like every appointment ends with more questions and fewer answers? i have suspected lupus, a positive ana, weird rashes, mouth ulcers, random fevers, and my joints feel like they are on fire. my doctor finally referred me to rheumatology but the first available appointment is in october. meanwhile i'm missing shifts and using up all my sick time. i do have a medical marijuana card, but it helps me sleep more than it helps the actual inflammation. i'm scared this is going to turn into one of those long diagnostic horror stories where nobody takes me seriously until i'm disabled.",1
synth::trad::2::0014::3,,synthpost::trad::2::0014::3,2,thc,"just got told to ""keep an eye on it"" after another episode where my knees buckled and i nearly fell in the grocery store. i have ankylosing spondylitis and the pain has been ramping up for months, but because i'm still technically walking, everyone acts like it's not bad enough to matter. prednisone helped but i can't stay on it forever. thc edibles help me mentally because i'm not crying every night, but they don't touch the stiffness in my spine. i'm frustrated, exhausted, and kind of angry that the bar for help seems to be collapsing completely before anyone believes me.",1
synth::trad::2::0014::4,,synthpost::trad::2::0014::4,2,weed,"not sure if this is venting or asking for input. i was finally started on hydroxychloroquine for possible ra, but the nausea is so bad that i can't keep food down half the time, and my hands still hurt anyway. i asked about adjusting the dose and the nurse basically told me to ""give it more time."" meanwhile i can barely work because my wrists are useless after lunch. i tried weed a couple times for pain and sleep and it just made me anxious and more aware of how miserable i feel. i'm so tired of trying things that either don't work or make me feel worse. i miss feeling normal.",1
synth::trad::2::0015::0,,synthpost::trad::2::0015::0,2,cbd,"i am at my wits end and feeling pretty hopeless tonight. my rheum thinks i have early psoriatic arthritis but everything is moving so slow and i keep getting told to “wait and see” while my fingers swell and my knees lock up. nsaids wreck my stomach, prednisone makes me feel insane, and the dmard they started me on gave me nonstop nausea and mouth sores. a friend keeps pushing cbd gummies like they fixed everything for her, but all they did for me was make me sleepy and broke. i’m not looking for a miracle, just something that helps me get through work without crying in the bathroom. has anyone actually found a routine that helps with the pain and fatigue when meds keep failing? i'm so tired of being the person who cancels plans and acts fine at work and then falls apart at home. feeling pretty defeated",1
synth::trad::2::0015::1,,synthpost::trad::2::0015::1,2,cannabis,"i hate posting again but i’m stuck. i have ra and sjogren’s and the dryness is getting ridiculous, especially at night, but the pain in my hands and feet is what is really wearing me down. my doctor switched me off methotrexate because my liver labs went weird, and now i’m waiting on insurance approval for a biologic that might take weeks. in the meantime i’ve been trying heat, compression gloves, lidocaine, all of it. a couple people at work suggested cannabis for the pain and sleep, but i’m in a profession where i can’t risk testing positive. i’m honestly angry because it feels like every option either doesn’t work or comes with another problem. i’m exhausted, nauseous, and scared this is just what life is going to be now. if anyone has dealt with the dry mouth plus flare pain combo, i could really use practical ideas. this disease is relentless",1
synth::trad::2::0015::2,,synthpost::trad::2::0015::2,2,thc,"having a rough one and need to vent a little. my knees, wrists, and ankles have been flaring for almost 3 weeks straight and the fatigue is so bad i can barely make it through the day. my rheum thinks the leflunomide is finally kicking in, but i’m not seeing it and i’m starting to feel like a lab rat with all the med changes. i used to be able to use thc at night and it would at least let me sleep, but lately even that barely touches the pain and just makes me anxious if i take too much. what’s really messing with me is how invisible all of this is to other people. everyone keeps asking why i’m “still tired” and if i’ve tried stretching. yes, i have. i’ve tried everything short of crawling into a cave. i just want one decent night of sleep and a morning where my hands actually work. bad flare, bad mood, bad week",1
synth::trad::2::0015::3,,synthpost::trad::2::0015::3,2,weed,"i’m in that awful stage where i’m not sure if i’m having a new autoimmune issue or just spiraling from being miserable all the time. labs have been mostly unhelpful, ana positive but nothing else solid, and meanwhile i’m getting joint pain, chest tightness, random rashes, and this crushing fatigue that makes me feel 90 years old. my gp told me to stop obsessing and “manage stress,” which was super helpful, obviously. i stopped smoking weed a month ago because it started making my heart race and now i can’t tell if the extra pain is withdrawal, inflammation, or both. i’m trying to stay calm but it’s hard not to panic when every day brings a different symptom. i just want a doctor who will take me seriously and maybe explain why my body feels like it’s falling apart. diagnosis limbo is brutal",1
synth::trad::2::0015::4,,synthpost::trad::2::0015::4,2,medical marijuana,"i’m honestly embarrassed to even post this but i need to know if anyone else has been through this. i have ankylosing spondylitis and the pain has gotten bad enough that i’m missing work and sleeping maybe 3 hours a night. my newest biologic helped for a while and then just stopped, and now i’m back to waking up stiff, crying in the shower, and limping around until noon. the worst part is that my rheumatologist keeps telling me to be patient, but i’m beyond patient at this point. i asked about medical marijuana because a few people in my support group said it helped their sleep and appetite, and i got treated like i was asking for street drugs. i’m not trying to be reckless, i just want to function without feeling drugged up or sick all the time. if anyone has found anything that actually takes the edge off, please tell me what worked. i’m running out of steam and hope",1
synth::trad::2::0016::0,,synthpost::trad::2::0016::0,2,cbd,"i'm getting really discouraged and i'm hoping someone here can tell me i'm not losing my mind. i was diagnosed with psoriatic arthritis last year after months of random joint swelling, tendon pain, and this awful deep ache in my ribs that keeps me up at night. prednisone helped for about 3 days and then everything came roaring back, plus the moon face and insomnia were not worth it. nsaids wreck my stomach, tramadol just makes me sleepy and useless, and my rheum keeps saying to be patient with the biologic even though it's been 10 weeks and i'm still limping around like i'm 80. i've tried cbd gummies, topical cbd, heat, ice, stretching, the whole depressing routine. nothing really touches the pain except making me fall asleep for a while. i'm missing work, i can't walk my dog properly, and i feel like a shell of who i was 6 months ago. does anyone else just feel like their body is actively fighting them every day? i hate how helpless this feels.",1
synth::trad::2::0016::1,,synthpost::trad::2::0016::1,2,cannabis,"long-time lurker, first time posting because i'm at the point where i don't know if i'm asking for advice or just screaming into the void. i have sle with bad fatigue, joint pain, mouth ulcers, and random fevers that make me feel like i got hit by a bus. my labs keep looking 'fine enough' so every appointment turns into me explaining that yes, i am still miserable, yes, i still can't get through a normal workday, and no, it is not anxiety. i was given plaquenil, then methotrexate, then told to wait and see while my kidneys and liver get watched. meanwhile i'm losing weight because eating feels like a chore and everything hurts. i tried cannabis after seeing people say it helped them relax and eat, but it mostly just made me paranoid and more aware of how sick i feel. i'm not even looking for a miracle anymore. i just want one day where my hands aren't on fire and my brain isn't foggy enough to forget my own words mid-sentence. sorry for the rant, i'm just tired of being tired.",1
synth::trad::2::0016::2,,synthpost::trad::2::0016::2,2,thc,"has anyone else had the experience where everything that is supposed to help either does nothing or makes you feel worse? i have ankylosing spondylitis and my lower back/hips have been brutal for months. mornings are the worst, but lately i never really feel good at any point in the day. i've done physical therapy, injections, nsaids, and two different biologics. one gave me no relief, the other gave me nonstop headaches and stomach issues. the only reason i can still function at work is because i sit on ice packs and count down to when i can go lie down again. a friend suggested thc because it supposedly helps with pain and sleep, but i tried a tiny amount and ended up anxious, dizzy, and somehow even more aware of every ache in my body. i'm so frustrated because i keep hearing about all these 'life changing' treatments and none of them are life changing for me, just expensive and disappointing. i'm trying not to spiral, but it is really hard not to when every plan falls apart.",1
synth::trad::2::0016::3,,synthpost::trad::2::0016::3,2,weed,"i'm having one of those weeks where i wish i could crawl out of my own skin. i have rheumatoid arthritis and sjogren's, and the combo of joint swelling, dry eyes, dry mouth, and crushing exhaustion is starting to run my life. my hands are so stiff in the morning i can barely open a bottle, and by afternoon i'm wiped out like i've run a marathon even if i've only been to work and back. my rheumatologist wants to keep adjusting meds, but every adjustment seems to come with a new side effect: nausea, headaches, weird rashes, or feeling emotionally flat. i started using weed at night because i kept seeing people say it helped them with pain and sleep. instead, i mostly just got hungry and annoyed that i was still hurting when the high wore off. now i'm just stuck with the same pain, no energy, and a growing stack of prescriptions i'm scared to keep taking. i know other people have it worse, but right now i feel completely worn down and kind of hopeless.",1
synth::trad::2::0016::4,,synthpost::trad::2::0016::4,2,medical marijuana,"feeling pretty defeated and needed to post somewhere people might actually understand. i have psoriatic arthritis with a lot of enthesitis and the pain has turned everything into a battle. sitting hurts, standing hurts, sleeping hurts, and if i do too much i flare; if i do too little i flare. my doctor has tried to reassure me that we are still 'working through options,' but after months of trying different meds, all i have to show for it is a pile of side effects and a bank account that hates me. i asked about medical marijuana because i've heard some people get enough relief to function, but i live in a place where access is complicated and expensive and honestly i'm not convinced anything is going to make a dent. i feel like i'm constantly trying to manage symptoms instead of actually living. even showering can feel like a project now. i just want to know if anyone has made it out of this phase, because i am exhausted from waking up every day and immediately being reminded that my body doesn't work right.",1
synth::trad::2::0017::0,,synthpost::trad::2::0017::0,2,cbd,"i'm so tired of pretending i'm handling this well. my rheum thinks my labs are ""not that bad"" but my hands and feet disagree every morning. i wake up like i've been run over, and by noon i'm already counting the minutes until i can lie down again. nsaids tear up my stomach, prednisone made me feel like a manic raccoon, and the biologic i'm on has helped maybe 10%. i tried cbd oil at night hoping it would at least calm the pain enough to sleep, but most nights i still end up staring at the ceiling with my wrists throbbing. i'm missing work, i'm irritable all the time, and i hate that every plan in my life has to revolve around whether my joints decide to cooperate. i'm not even looking for a miracle anymore, just a night where i don't feel like my own body is sabotaging me.",1
synth::trad::2::0017::1,,synthpost::trad::2::0017::1,2,marijuana,"anyone else feel completely defeated by the cycle of flare, med changes, side effects, repeat? i've got sjogren's + inflammatory arthritis and lately it's been the fatigue that is wrecking me more than the pain. i can deal with being sore. i cannot deal with feeling like my brain has been stuffed with wet cotton and i'm trying to function at work anyway. my doctor keeps saying we need to ""give it more time"" but i feel worse every month. i asked about marijuana because i was desperate for something that might help me eat and sleep, and i got the usual lecture like i was asking for heroin. meanwhile i'm sitting here on the couch unable to stand long enough to cook dinner. i'm angry, scared, and honestly embarrassed by how quickly my life shrank down to a chair, a heating pad, and cancellations.",1
synth::trad::2::0017::2,,synthpost::trad::2::0017::2,2,thc,"i don't know if this is a disease flare or if i'm just losing my mind from constant pain. my neck, shoulders, ribs, and low back all feel locked up, and when one area calms down another starts screaming. i had a brief stretch where ibuprofen and a little thc tincture took the edge off, but that stopped working and now i get maybe an hour of relief if i'm lucky. the worst part is how useless i feel. everyone keeps telling me to walk, stretch, sleep better, manage stress, blah blah, but it's hard to stay motivated when even sitting at my desk hurts and i'm already exhausted when i wake up. i used to be able to push through things. now i feel like i'm just surviving appointments and waiting rooms.",1
synth::trad::2::0017::3,,synthpost::trad::2::0017::3,2,weed,"i'm honestly at the end of my patience. i've got ra, my hands are stiff all day, and my knees have started joining the party so stairs are a joke now. mornings are the worst; i have to sit on the edge of the bed and mentally prepare to move like an 80 year old. my doctor switched my meds twice this year and both times i got new problems instead of relief. nausea, headaches, weird insomnia, the whole bit. i tried weed last weekend because a friend kept insisting it might help me relax and sleep, but all it did was make me more aware of how much everything hurts once the high wore off. i'm angry because i feel like i'm doing everything i'm supposed to do and still getting worse. i miss just existing without every movement being a negotiation.",1
synth::trad::2::0017::4,,synthpost::trad::2::0017::4,2,medical marijuana,"has anyone had any actual luck with medical marijuana for appetite when inflammation is also wrecking your gut? i'm dealing with suspected spondyloarthritis plus some kind of awful gi involvement, and i've dropped weight without trying because eating feels like a chore my body punishes me for. i've been through anti-nausea meds, steroids, low-dose nsaids, bland diets, and a bunch of supplements, and i'm still living on crackers and fear. the pain is bad, sure, but the constant nausea and exhaustion are what are really breaking me down. my doctor is dragging their feet on anything useful and keeps saying to ""monitor symptoms"" like i'm not already obsessively doing that. i'm trying not to spiral, but every week i'm weaker and more discouraged. i would love even one day where my body doesn't feel like it's actively rejecting me.",1
synth::trad::2::0018::0,,synthpost::trad::2::0018::0,2,cbd,"i'm honestly at my wits end. i have psa and it's been months of one flare after another even though i'm doing everything i'm supposed to do. the mornings are the worst, my hands feel like they belong to someone twice my age, and by afternoon my knees are swollen enough that stairs are basically a joke. my rheum keeps saying we need to give the biologic more time but i'm already missing work and feeling useless at home. i've tried heat, rest, otc stuff, stretching, even cbd gummies because i was desperate, and nothing is really taking the edge off. i'm just tired of being told to be patient while my body keeps falling apart. has anyone else had a treatment just stop working like this?",1
synth::trad::2::0018::1,,synthpost::trad::2::0018::1,2,cannabis,"not sure if this is even worth posting but i'm so frustrated. i have suspected inflammatory arthritis and maybe some kind of connective tissue issue, and every time i bring up how bad the fatigue and joint pain are, i get told my labs don't look dramatic enough. meanwhile i'm waking up with stiff fingers, hips that lock up, and this weird burning pain in my feet that makes walking around my apartment feel impossible some days. i started using cannabis for sleep because i was barely sleeping more than 3 hours a night, but the pain is still there and i'm still exhausted. i feel like i'm losing my mind because i look fine on the outside and feel wrecked on the inside. if anyone has dealt with being dismissed over and over, i'd really appreciate hearing that i'm not alone.",1
synth::trad::2::0018::2,,synthpost::trad::2::0018::2,2,thc,"just wanted to vent because today was a bad one. i have ra and apparently my body decided the meds should work only halfway, so now i get a little less swelling but still enough pain to make simple things miserable. opening jars, turning a key, typing, even holding my coffee mug is weirdly hard. my doctor suggested we wait until the next appointment before changing anything, but i don't know how i'm supposed to keep functioning like this. i've been using thc at night because it helps me not spiral when the pain keeps me awake, but it's not fixing the actual problem and i'm tired of living in damage control mode. some days i feel 70 and i'm not even 40 yet.",1
synth::trad::2::0018::3,,synthpost::trad::2::0018::3,2,weed,"i'm really discouraged. after years of being told my symptoms were anxiety, i finally got worked up and the rheum said possible spondyloarthritis, maybe psoriatic arthritis, but nothing is straightforward. my back and ribs are constantly angry, my shoulders ache for no reason, and the fatigue is so bad it feels like i ran a marathon after showering. i tried physical therapy, sleep hygiene, changing pillows, all the usual stuff, and the only thing that even slightly helps me rest is weed. but the relief is temporary and then i wake up stiff and miserable again. the worst part is not knowing if i'm getting worse or just getting used to feeling awful. i hate that this has become normal.",1
synth::trad::2::0018::4,,synthpost::trad::2::0018::4,2,medical marijuana,"hi all, i need to rant for a second. i have lupus and the last few months have been one long mess of flares, mouth sores, joint pain, brain fog, and random nausea that makes eating feel like a chore. my rheumatologist keeps adjusting meds, but every change seems to come with another side effect, so i'm basically choosing which misery to live with. i started medical marijuana to help with appetite and sleep, and while it helps me get through the night sometimes, it doesn't change the fact that i'm still calling out of work and canceling plans because i feel wrecked. i'm so angry that this disease can make a normal week feel impossible. i just want one stretch of days where i can think clearly and move without hurting.",1
synth::trad::2::0019::0,,synthpost::trad::2::0019::0,2,cbd,"i'm at the point where i'm not even sure what i'm chasing anymore. started with random joint pain and morning stiffness, then it turned into swollen fingers, fatigue that feels like getting hit by a truck, and now my knees and wrists are joining in too. rheum says ""possible inflammatory arthritis"" but my labs keep being boring, so i get to wait and watch while my life gets smaller. prednisone helped for about 3 days and then the pain came right back, plus the side effects were awful. i tried cbd gummies because everyone online acts like they're magic, but all they did was make me sleepy and still sore. i'm missing work, i'm behind on bills, and i feel like i'm complaining constantly. just needed to get this out somewhere because i am so over being told to be patient.",1
synth::trad::2::0019::1,,synthpost::trad::2::0019::1,2,thc,"has anyone else had a flare that just keeps snowballing no matter what you do? i have uctd/suspected lupus and the past two months have been brutal: pleuritic chest pain, rash, mouth sores, and this deep bone-tired exhaustion that doesn't improve with sleep. my rheum changed me from plaquenil to azathioprine and i swear i feel worse, but every appointment is ""let's give it more time."" i tried a thc edible one night for the pain and it sent my heart rate through the roof and made me spiral with anxiety, so that was a fun lesson. now i'm just lying around feeling sick, scared, and weirdly guilty for not functioning. i don't even know what question i'm asking, i guess just: how do people survive these long stretches of feeling terrible?",1
synth::trad::2::0019::2,,synthpost::trad::2::0019::2,2,medical marijuana,"i'm honestly frustrated and a little embarrassed that i still can't figure out how to manage this disease. i have sjogren's with inflammatory joint pain and neuropathy, and the dryness is so bad that my mouth feels like cotton and my eyes burn all day. my rheumatologist keeps saying the meds are ""working enough"" because my labs aren't dramatic, but i can barely get through a normal workday without crashing. i got a medical marijuana card hoping it would help with pain and appetite, but it mostly just makes me foggy and then i feel even more useless the next morning. i know people mean well when they suggest things, i'm just tired of every option being only sort of helpful or not helpful at all. vent over, i guess.",1
synth::trad::2::0019::3,,synthpost::trad::2::0019::3,2,weed,"back for another round of ""what fresh hell is this symptom"" after six months of trying to get answers. i have inflammatory back pain, heel pain, and this weird rib pain that makes it feel like i can't fully expand my chest. x-rays were normal, labs were borderline, and the specialist basically told me to come back if i become more obviously sick. that's... comforting. i stopped nsaids because they wrecked my stomach, steroids only gave me a couple days of relief, and weed just seems to make me hyperaware of every ache instead of helping. i hate that i now plan my day around whether i can sit, stand, or lie down without feeling like my body is arguing with me. not looking for miracle cures, just wondering if anyone else got stuck in this limbo before a diagnosis finally showed up.",1
synth::trad::2::0019::4,,synthpost::trad::2::0019::4,2,cannabis,"i've had ra for years and the last flare has been the worst one yet. my hands are so stiff in the morning that i can barely open pill bottles, and by afternoon my ankles feel like they're full of gravel. methotrexate made me nauseous for days after each dose, so then we tried leflunomide, which gave me nonstop diarrhea and hair shedding. now i'm on humira and waiting to see if it does anything, but i feel like every medication i touch ends up punishing me. cannabis is the only thing that makes me hungry enough to eat on the worst nights, but it doesn't actually touch the inflammation, and i'm sick of pretending that's good enough. i'm just tired, cranky, and worried i'm running out of options before i've even gotten my life back.",1
synth::trad::2::0020::0,,synthpost::trad::2::0020::0,2,cbd,"i am so over this whole flare cycle. my hands are swollen, my knees feel like they belong to someone else, and every time i think i can get through the day without extra meds i end up curled up on the couch. i tried cbd gummies for the first time because a bunch of people swore they were gentle and helpful. all i got was a weird stomachache and maybe a tiny bit of sleep before the pain woke me up again. honestly it feels like nothing touches the inflammation and i’m tired of spending money on things that do basically nothing. has anyone actually found anything that helps when nsaids aren’t enough?",1
synth::trad::2::0020::1,,synthpost::trad::2::0020::1,2,medical marijuana,"has anyone else had doctors act like asking about medical marijuana is some huge moral issue? i have ra and i’m exhausted from being told to just keep pushing through it. the meds i’m on help a little but not enough, and i still wake up stiff, nauseous, and miserable most mornings. i mentioned medical marijuana at my last appointment because i’m desperate for something that might let me sleep without feeling drugged out the next day. instead i got a lecture and zero useful suggestions. it’s frustrating when you’re trying to stay functional and everybody treats you like you’re asking for something outrageous.",1
synth::trad::2::0020::2,,synthpost::trad::2::0020::2,2,thc,"i wanted to be optimistic about trying thc for night pain, but wow that went badly. i took a very small edible, thinking it might take the edge off the shoulder and rib pain, and instead i spent half the night feeling anxious, sweaty, and weirdly more aware of every ache in my body. my heart was racing, i couldn’t settle down, and i still didn’t sleep well. i have spondyloarthritis and nights are already brutal enough without adding that mess. maybe it works for some people, but for me it was just another disappointment in a long list of things that don’t fix this disease.",1
synth::trad::2::0020::3,,synthpost::trad::2::0020::3,2,weed,"i’m at the point where i’m just angry all the time. i have sjogren’s, my mouth is like sandpaper, my joints hurt constantly, and my fatigue is so bad i’ve had to cancel work twice this week. someone in my family keeps telling me to try weed because it “solves everything,” but the last time i tried it i just felt foggier and more irritated, not relieved. i’m not looking to get high, i’m looking to not feel like my body is failing every single day. this condition is draining me and i hate how hard it is to get anyone to take the whole picture seriously.",1
synth::trad::2::0020::4,,synthpost::trad::2::0020::4,2,pot,"waiting for rheumatology has been awful. my primary thinks i may have inflammatory arthritis, but the appointment isn’t for another month and i’m already behind on everything in my life. i can barely make it through a normal work shift without needing to sit down, and by evening my wrists, feet, and jaw are all screaming. i’ve tried heat, stretching, acetaminophen, naproxen, and even pot at night, but nothing makes a meaningful difference for more than a little while. i’m frustrated, scared, and honestly embarrassed by how quickly i’ve gone from active to barely functioning. if anyone has tips for surviving the wait, i’d really appreciate it.",1
synth::trad::2::0021::0,,synthpost::trad::2::0021::0,2,weed,"i'm honestly embarrassed posting this but i'm out of ideas. i have psoriatic arthritis and lately my knees and wrists have been so swollen that i can barely open jars or get dressed without help. i tried staying active, heat, compression, all the usual stuff, and i still wake up stiff like i've been hit by a truck. i use weed at night because it takes the edge off enough for me to sleep, but it's not touching the daytime pain anymore. my rheum appointment got pushed back again and i keep getting told to ""give it time"" with the meds i'm on, which is hard to hear when every week feels worse. i'm exhausted, grumpy, and starting to feel like a burden to everyone around me. does anyone have any actual strategies for getting through a flare when your usual coping tricks stop working?",1
synth::trad::2::0021::1,,synthpost::trad::2::0021::1,2,cbd,"has anyone else had their body just suddenly revolt for no clear reason? i have ra and sjogren's and the last two weeks have been awful. my fingers are puffy, my jaw hurts, and the dry mouth is so bad i keep waking up choking on my tongue. i bought cbd oil after seeing people mention it here, but honestly it hasn't done much besides make me spend money i don't really have. i'm on prednisone right now and it helps a little, but it also makes me feel wired, hungry, and weirdly sad. i keep trying to work through it and then crash by lunch. i feel like i'm constantly choosing between pain and side effects. if anyone has found anything that actually helps with the stiffness and fatigue, i'm all ears because i'm losing patience and starting to spiral.",1
synth::trad::2::0021::2,,synthpost::trad::2::0021::2,2,medical marijuana,"i'm at that point where every little thing makes me want to cry. i have lupus and neuropathy, and the burning in my feet has gotten so bad i dread walking from the bedroom to the kitchen. my doctor keeps adjusting meds but the relief never lasts, and i can't tell if i'm flaring or just falling apart from being in pain all the time. i have medical marijuana from a local clinic, but it mostly just makes me sleepy without really helping the deep ache in my joints. sleep is nice i guess, but i still wake up feeling like i got no rest. work is slipping, my house is a mess, and i keep cancelling on friends because i don't want to explain why i can barely sit through dinner. i'm so tired of being ""the sick one."" any suggestions for coping when pain, fatigue, and brain fog all hit at once?",1
synth::trad::2::0021::3,,synthpost::trad::2::0021::3,2,thc,"quick question for anyone with ankylosing spondylitis and stomach issues: what are you supposed to do when everything seems to make you feel worse? i've had a rough month. nsaids are tearing up my stomach, steroids make me shaky, and the biologic i'm on seems to be doing basically nothing. i tried a low dose thc tincture because a friend swore it would help with sleep and pain, but it just made me feel foggy and nauseous. not a fun combo when you're already stuck in bed half the day. i'm still trying to function at work, but every evening i'm just wrecked and irritable. i'm scared to ask for another med change because it feels like i’m being dramatic, yet this pain is not manageable. i'm mostly venting, but if anybody has had to juggle bad flares with awful side effects, i'd appreciate hearing how you survived it.",1
synth::trad::2::0021::4,,synthpost::trad::2::0021::4,2,cannabis,"i'm having one of those weeks where i feel totally defeated. i have ra and fibromyalgia, and after what should have been a simple grocery trip, my hands and shoulders were in so much pain that i couldn't lift the bags into the car. now i'm paying for it with a full-body flare and barely sleeping. i've been using cannabis on and off for months, mostly at night, but lately it feels like i'm just getting more groggy than relieved. i don't know if it's the strain, the dose, or if my pain has just gotten worse than what it can cover. my family keeps asking why i can't just ""push through"" and i don't have the energy to explain it again. i'm frustrated, scared, and honestly kind of ashamed that something so normal-looking can leave me completely wiped out. if anyone has ideas for managing a flare when you're already mentally tapped out, please share.",1
synth::trad::2::0022::0,,synthpost::trad::2::0022::0,2,cbd,"i'm so tired of feeling like my body is falling apart in slow motion. i've got suspected seronegative inflammatory arthritis and sicca symptoms, and every appointment feels like another month of waiting for answers. my knees are swollen, my wrists ache when i type, and i wake up feeling like i've already done a full day's work. naproxen tears up my stomach, prednisone makes me a zombie, and i'm still not sleeping. i tried cbd gummies because everyone in my family keeps acting like they're a miracle, but honestly the bigger problem is that i'm still waking up in pain and nobody seems to care enough to move faster. i just want one week where i don't feel like i'm 90 years old.",1
synth::trad::2::0022::1,,synthpost::trad::2::0022::1,2,weed,"new to this sub and mostly just lurk, but i'm having a rough week and needed to vent somewhere people might get it. i have mctd and raynaud's, and the cold is absolutely brutal right now. my fingers go white in the grocery store, my hands throb when they warm back up, and my shoulders have been on fire for days. rheum bumped my hydroxychloroquine up and said to 'give it time,' which i swear is the phrase that haunts every chronic illness patient. i also tried weed on a bad pain night and it barely touched the joint pain, just made me sleepy and annoyed that i still hurt. i'm just so over being told to wait while my life keeps shrinking.",1
synth::trad::2::0022::2,,synthpost::trad::2::0022::2,2,thc,"i'm at the point where i don't even know what to ask anymore. diagnosed with sle last year, now dealing with constant fatigue, rib pain, mouth sores, and random fevers that make me feel like i'm catching something every week. the labs keep changing, the doctors keep saying 'mild,' and meanwhile i can barely get through a shower without sitting down. i've been on plaquenil, then methotrexate, and now we're talking benlysta if insurance doesn't fight it. i tried thc edibles once because a friend swore it would help me eat and sleep, but it mostly just made me aware of how miserable i already was. i hate that even rest doesn't feel restorative anymore.",1
synth::trad::2::0022::3,,synthpost::trad::2::0022::3,2,cannabis,"does anyone else feel like they're constantly collecting side effects instead of actual relief? i have ra with some weird lung involvement, and the meds have been a nightmare. sulfasalazine made me nauseous, humira gave me infections, and now my hands are so stiff in the morning i can barely open a toothpaste tube. i keep hearing 'have you tried stretching?' as if that is going to erase years of inflammation. i live in a state where cannabis is legal, so of course everyone assumes i'm thriving because of it, but all it really does is make me less anxious about the fact that i'm still in pain. i am so exhausted by being a project instead of a person.",1
synth::trad::2::0022::4,,synthpost::trad::2::0022::4,2,medical marijuana,"honestly i just need to scream into the void a little. i've got ankylosing spondylitis and the back pain has gotten bad enough that sleeping feels like a chore. i can handle a lot, but not the constant feeling that my spine is being tightened with a vice while my hips lock up for no reason. physical therapy helps some, but the relief never lasts. my doctor suggested we 'explore options' after the last biologic failed, which somehow translates to another round of waiting, prior auths, and maybe more steroids i really don't want. i asked about medical marijuana because i'm desperate for anything that lets me get through the night without pacing the apartment at 3am. i'm not looking to get high, i just want one normal sleep cycle without waking up angry and broken.",1
synth::trad::2::0023::0,,synthpost::trad::2::0023::0,2,cbd,"i am just so tired of being told to ""try cbd"" like it is some magical fix. i've got psoriatic arthritis and sjogren's and the fatigue has been brutal lately. i can barely get through a workday without sitting down every hour, and the swelling in my fingers is making basic stuff feel impossible. my rheum just added another med and i'm waiting on prior auth again, so of course nothing is moving fast enough. i know people mean well, but i'm really overwhelmed and irritated and i do not need another supplement suggestion right now.",1
synth::trad::2::0023::1,,synthpost::trad::2::0023::1,2,weed,"spent half the night icing my knees because the pain would not let me sleep. i have lupus and whatever is going on in my hips is getting worse every week. i use weed occasionally for nausea, but it barely touches this joint pain anymore, and i'm honestly scared because my prednisone taper seems to be making me even more miserable. i had to call out of work today and i hate that i'm becoming the person who always has an excuse. just feeling pretty hopeless and wanted to vent somewhere people get it.",1
synth::trad::2::0023::2,,synthpost::trad::2::0023::2,2,medical marijuana,"my state finally talks about medical marijuana every election cycle and then does absolutely nothing, which is super frustrating when you're living with ankylosing spondylitis and trying to avoid more nsaids. i keep thinking any extra option would be better than the same old cycle of flare, rest, meds, wait, repeat. meanwhile i'm stuck with morning stiffness so bad i need 20 minutes just to stand up straight. i don't even care about getting high, i just want one more tool that might let me function like a normal adult.",1
synth::trad::2::0023::3,,synthpost::trad::2::0023::3,2,cannabis,"i'm honestly at the end of my rope. methotrexate wiped me out, humira isn't doing enough yet, and every morning i wake up feeling like i got hit by a truck. the worst part is the nausea—i can eat only a few bites unless i use cannabis, and even then some days it barely helps. my labs are finally getting checked again next week, but right now i am just angry that i have this disease and still feel like i'm failing at basic life. i miss having energy. i miss not planning every day around pain.",1
synth::trad::2::0023::4,,synthpost::trad::2::0023::4,2,thc,"does anyone else get annoyed when people act like thc is the answer to every autoimmune problem? i have ra and if one more person tells me to ""just relax and try something natural"" i'm going to scream. i've tried heat, splints, pt, naproxen, plaquenil, and now i'm waiting to see if my rheum will switch me to something stronger because my wrists are still wrecked. my hands are so stiff in the morning i can't open a bottle cap. i'm not ضد trying new things, i'm just exhausted and sick of being talked at by people who clearly don't live in this body.",1
synth::trad::2::0024::0,,synthpost::trad::2::0024::0,2,cbd,"i'm honestly at the end of my rope. i have ra and the last 3 months have been nothing but one flare after another, mostly my hands and wrists but now my knees are joining in too. my rheumatologist won't change anything until the next appointment and in the meantime i'm supposed to just keep taking naproxen even though my stomach hates it. i've been trying cbd gummies at night because a friend swore they'd help with pain and sleep, but so far all they do is make me a little sleepy while the pain keeps me awake anyway. i miss being able to open jars, dress myself without thinking about it, or sleep through the night. i'm tired, sore, and just frustrated by how slow everything moves when you're in constant pain. has anyone found anything that actually helps during a flare? i'm desperate for ideas.",1
synth::trad::2::0024::1,,synthpost::trad::2::0024::1,2,medical marijuana,"does anybody else feel completely brushed off when you bring up medical marijuana as an option? i have as and my lower back/hips have been absolutely brutal lately, especially at night. my current meds take the edge off during the day but by evening i'm stiff enough that i can't sit, can't stand, and can't get comfortable in bed. i asked my doctor about medical marijuana just to see if it might help me sleep through the pain and he basically changed the subject. i don't need a lecture, i need some kind of relief. i'm not trying to get high all day, i just want to function without feeling like my spine is made of rusted hinges. it's really discouraging when you're already in pain and every suggestion gets treated like a joke.",1
synth::trad::2::0024::2,,synthpost::trad::2::0024::2,2,thc,"i'm having one of those weeks where everything hurts and i'm irritated by everyone and everything because of it. psoriatic arthritis has been especially bad in my hands and shoulders, and my fatigue is so bad i can barely think straight at work. i've tried heat, stretching, steroids, nsaids, all of it, and i still end up curled up on the couch by 7pm feeling useless. i bought a thc tincture after reading a bunch of posts here, hoping it would at least let me sleep, but it just left me foggy and still in pain. i'm so sick of the trial-and-error game. every new thing either does nothing or gives me side effects that are almost as annoying as the disease itself. i know people mean well when they suggest stuff, but it's hard not to feel defeated when nothing seems to touch it.",1
synth::trad::2::0024::3,,synthpost::trad::2::0024::3,2,weed,"venting because i don't know what else to do. i have lupus and i've been flaring on and off for months, but the last two weeks have been next level: joint pain, brain fog, nausea, and this weird chest tightness that makes me panic every time i lie down. my labs aren't 'bad enough' for anyone to do much, so i keep getting told to watch and wait. meanwhile i'm missing work and barely keeping up at home. i tried weed for the pain and anxiety because i was willing to try anything, but it mostly just made me anxious and more aware that i'm still sick. i hate how much time i spend trying to manage symptoms instead of actually living. i feel like i'm just collecting side effects and bills at this point.",1
synth::trad::2::0024::4,,synthpost::trad::2::0024::4,2,cannabis,"anyone else feel like they keep hitting a wall with treatment? i have ra and the meds have either stopped working or come with side effects that make me miserable. methotrexate wrecked my stomach, prednisone made me feel wired and angry, and now i'm waiting on insurance approval for the next step while my hands are swelling again. i've been reading about cannabis as a possible add-on for pain and sleep, but i'm not sure what to believe anymore because every forum says something different. honestly i'm just exhausted from having to research everything like it's a second job. i don't want to keep cycling through flares and bad appointments and then being told to be patient. i'm not patient anymore, i'm worn out.",1
synth::trad::2::0025::0,,synthpost::trad::2::0025::0,2,cbd,"i'm having one of those weeks where every little thing feels impossible. psoriatic arthritis has decided my knees, wrists, and fingers all want to quit at the same time, and i still have to be at work on my feet for 10 hours. naproxen barely touches it and the stomach pain from taking so much of it is getting old. i've been reading about cbd creams and gummies because i am desperate for anything that might take the edge off without knocking me out. has anyone actually had luck with cbd for morning stiffness or hand pain? i'm so tired of feeling 80 when i'm only 34.",1
synth::trad::2::0025::1,,synthpost::trad::2::0025::1,2,weed,"does anyone else feel like the fatigue is worse than the pain some days? i can deal with some joint aches, but the brain fog and the complete lack of energy are wrecking my life lately. i was supposed to clean the house and make dinner and instead i sat on the couch staring at the wall for 2 hours because my body just refused to cooperate. prednisone helped for about a week and then everything came right back. i use weed at night sometimes to help me sleep, but even that doesn't seem to make the overall situation any better. i'm honestly discouraged and don't know how people keep up with normal life during flares.",1
synth::trad::2::0025::2,,synthpost::trad::2::0025::2,2,cannabis,"vent/rant i guess. i had my rheum appointment moved for the third time and now i can't get in until next month, which feels ridiculous because my hands are swelling more every day and i can barely grip a steering wheel. my feet hurt so badly in the mornings that i have to crawl to the bathroom. i'm on hydroxychloroquine and sulfasalazine, but the improvement has been so small i can't tell if it's helping at all. a friend keeps telling me cannabis is the answer like i'm just not trying hard enough. i know people mean well, but i am so sick of being treated like this is just discomfort i should power through.",1
synth::trad::2::0025::3,,synthpost::trad::2::0025::3,2,thc,"i'm 28 and newly diagnosed with lupus and sjogren's, and i'm already exhausted from the medication shuffle. my rheumatologist just added methotrexate after months of testing, and now i'm dealing with nausea, mouth sores, and a headache that won't quit. the dryness is so bad i wake up coughing and my eyes feel like sandpaper. i tried a low-dose thc edible one night because i was desperate for sleep, and all it really did was make me feel weird and more aware of how miserable i am. i hate that i have to keep experimenting just to make it through a week. if anyone has a better way to manage the insomnia and pain i'd love to hear it, because i'm getting worn down fast.",1
synth::trad::2::0025::4,,synthpost::trad::2::0025::4,2,medical marijuana,"i'm at the point where i don't even know what to ask my doctors anymore. i have RA plus fibromyalgia, and the combo has me hurting from the minute i wake up until i go to bed. my elbows feel like they're full of broken glass, my hips lock up after sitting, and my hands cramp so hard i drop cups constantly. i've tried heat, ice, stretches, different meds, and a brace, and nothing gives more than a tiny bit of relief. i keep seeing people mention medical marijuana, but i'm in a state where getting anything approved feels like a nightmare and i'm scared of being judged by the clinic. mostly i'm just frustrated and sad because i used to be active and now grocery shopping wipes me out.",1
synth::trad::2::0026::0,,synthpost::trad::2::0026::0,2,cbd,"i'm kind of at the end of my rope and thought i'd ask before i start crying in the rheum office again. i've got psoriatic arthritis and lately every joint from my wrists down to my ankles feels like it's packed with broken glass. mornings are the worst, but honestly the pain never really leaves. my hands are so stiff i drop my phone constantly and the fatigue is unreal. i've been doing naproxen, heat, stretching, all the usual stuff, and i added cbd oil a few weeks ago because a bunch of people swore it would take the edge off. maybe it's helping a tiny bit with sleep? hard to tell. it definitely isn't touching the swelling or the flare in my fingers. i'm also getting random nausea from my meds and i'm just so tired of guessing what will help and what will just waste money. if anyone has actual experience with joint pain and cbd, i'd really appreciate hearing it. i'm mostly just trying to make it through work without falling apart.",1
synth::trad::2::0026::1,,synthpost::trad::2::0026::1,2,thc,"can i just vent for a second? i have ra and a pretty awful flare has turned my whole week into a blur. both knees are angry, my shoulders feel glued in place, and i keep waking up at 3am with my hands throbbing. the rheum appointment isn't until next month, my prednisone taper barely touched it, and i am exhausted from pretending i'm okay at work. i tried a low-dose thc gummy one night hoping it might help me sleep through the pain, but all it did was make me more aware of every single ache in my body. no relief, just a weird anxious high and then more staring at the ceiling. i know some people swear by it, i just wish i were one of them. mostly i'm frustrated because i can't seem to find anything that actually lets me rest. if anyone has ideas for nighttime pain when meds aren't cutting it, i'm all ears.",1
synth::trad::2::0026::2,,synthpost::trad::2::0026::2,2,weed,"new here and honestly not feeling very upbeat. i'm still in the weird limbo stage where my labs aren't a neat little answer but my body is clearly not functioning normally. i've got constant stiffness in my fingers, rib pain when i breathe too deep, and this deep bone-tired fatigue that naps don't fix. the worst part is the brain fog; i keep forgetting words mid-sentence and it's scaring me. i used to use weed occasionally in college and never thought much about it, but now even a tiny amount makes my heart race and makes the pain feel louder instead of quieter. so that's a bummer. i'm not really looking for miracle cures, just practical ways to get through the day while i wait for more testing and maybe a real diagnosis. if anyone has dealt with this combo of pain + fatigue + total uncertainty, i'd love to know i'm not the only one.",1
synth::trad::2::0026::3,,synthpost::trad::2::0026::3,2,medical marijuana,"just got back from another appointment and i'm honestly pretty crushed. my enthesitis is getting worse, my hips ache every time i stand up from the couch, and my back feels locked in the morning for an hour or more. my doctor doesn't want to change my biologic yet because ""we need more time"" but i'm already past the point of functionally okay. i can barely make it through a grocery trip without having to sit in the car afterward. i asked about medical marijuana because a friend said it helped her sleep when she was flaring, but my doctor kind of shrugged and moved on. i wasn't expecting a miracle, i just wanted something, anything, while we wait. right now i feel like i'm collecting side effects and bills more than actual treatment. if anyone has had to push for better pain control while waiting for meds to work, how did you do it without sounding like a total complainer?",1
synth::trad::2::0026::4,,synthpost::trad::2::0026::4,2,cannabis,"i'm having one of those weeks where everything feels impossible and i'm trying not to spiral. i have lupus and lately it's been the combo from hell: mouth ulcers, swollen hands, chest tightness that comes and goes, and fatigue so bad i can barely shower before needing to lie down. my bloodwork has been ""kind of concerning"" according to my doctor, which is not exactly reassuring. i'm on hydroxychloroquine, i take the steroids when they tell me to, and i still feel like i'm losing ground. i started using cannabis on the worst nights because i was desperate to eat and sleep, but it mostly just makes me tired in a fuzzy way without fixing the actual problem. maybe that's my fault for expecting too much, but i'm frustrated and scared and tired of waiting for the next test, the next appointment, the next maybe. i know everyone here gets the grind of it, so thanks for letting me vent. any tips for surviving the flare cycle would be appreciated.",1
synth::trad::2::0027::0,,synthpost::trad::2::0027::0,2,cbd,"i have psoriatic arthritis and i’m having one of those weeks where everything feels like it’s on fire. hands, wrists, ankles, even my ribs hurt when i breathe too deep. my rheum upped my sulfasalazine months ago and i’m still waiting for it to do literally anything. i bought cbd gummies and a topical balm because a bunch of people swore they helped, but all i got was a lighter wallet and a slightly less tense jaw. the pain is still there, the fatigue is still ridiculous, and i’m just tired of pretending i’m “pushing through” like that means anything. does anyone else feel like every new thing they try is just another dead end? vent over i guess, but i’m so over being told to rest and hydrate when i can barely open a jar.",1
synth::trad::2::0027::1,,synthpost::trad::2::0027::1,2,weed,"longtime lurker, first time posting because i’m honestly near tears tonight. i was dx with ra last year after months of being brushed off, and now my shoulders and knees are acting like they’re full of broken glass. nsaids wreck my stomach, prednisone makes me feel like a stranger in my own body, and dmards have been slow as molasses. i used to smoke weed occasionally for migraines and sleep, so i thought maybe it would take the edge off this pain too. nope. half the time it just makes me notice every ache more and then i spiral because i can’t stop thinking about how stuck i am. i’m not looking for a miracle, just something that lets me get through a shift without wanting to crawl out of my skin. feeling pretty defeated tonight.",1
synth::trad::2::0027::2,,synthpost::trad::2::0027::2,2,thc,"has anyone else had thc just make everything more miserable? i have sjogren’s and maybe some overlapping inflammatory stuff that no one wants to pin down yet. i tried a tincture that was supposed to help with pain and sleep, and instead i spent the evening wide awake, anxious, and hyper-aware of every dry, burning joint in my body. my mouth feels like sandpaper, my eyes are itchy all the time, and on bad days my fingers are so stiff i can’t type for work. the worst part is that i keep getting told to “try different doses” like i haven’t already spent way too much money experimenting. i’m exhausted, frustrated, and honestly embarrassed that i’m still stuck in this weird limbo where nothing really helps.",1
synth::trad::2::0027::3,,synthpost::trad::2::0027::3,2,medical marijuana,"my state finally started talking about medical marijuana and i wanted to be optimistic, but after reading the actual process i’m just annoyed. i have lupus with constant joint pain, migraines, and awful insomnia, and every appointment turns into another round of paperwork, referrals, and “let’s wait and see.” by the time anything gets approved i feel like i’ll have aged ten years. i’m not even asking for a cure, i just want one option that isn’t a parade of meds that either do nothing or make me feel sick. the whole system feels designed to keep sick people exhausted. if anyone has actually managed to get through the approval process for a chronic pain condition, i’d love to hear whether it was worth the hassle. right now i’m mostly just bitter about it.",1
synth::trad::2::0027::4,,synthpost::trad::2::0027::4,2,cannabis,"sorry, i just need to rant to people who get it. i have suspected inflammatory arthritis and every month feels worse than the last. the mornings are brutal, my hands are stiff for hours, and my hips hurt so much at night that i end up pacing around the house like a maniac. my doctor keeps saying “keep an eye on it” while i wait for more testing, which is amazing if your definition of amazing is being ignored for six months. i tried cannabis oil because a friend insisted it would be gentle and helpful, but all it did was make me sleepy and still in pain. i’m running out of patience and honestly running out of hope that anyone is going to figure this out before i lose my mind. just wanted to say this somewhere people would understand.",1
synth::trad::2::0028::0,,synthpost::trad::2::0028::0,2,cbd,"i’m honestly at the end of my rope tonight. i’ve got inflammatory arthritis symptoms that keep getting brushed off as “stress” even though my hands are swollen, my knees burn, and i can barely get through a work shift without crying in the parking lot. the rheum visit is still weeks away and every otc thing has done basically nothing. i tried cbd oil out of desperation and it takes the edge off for maybe an hour, but it doesn’t touch the fatigue or the morning stiffness. i just feel like my body is falling apart and no one can tell me why.",1
synth::trad::2::0028::1,,synthpost::trad::2::0028::1,2,weed,"does anyone else feel like their life has become a loop of pain, appointments, and being told to wait? i was hoping this would calm down after starting treatment for psa, but i’m still waking up stiff, exhausted, and weirdly nauseous half the time. i’ve been using weed at night because sleep is the only break i get, but even that isn’t consistent anymore. i’m so tired of pretending i’m “fine” at work when i’m counting the minutes until i can get back in bed. i miss being able to plan a normal day without worrying what my joints are going to do.",1
synth::trad::2::0028::2,,synthpost::trad::2::0028::2,2,medical marijuana,"i’m trying really hard not to spiral but this flare has been brutal. every joint feels hot and angry, my fingers are clumsy, and my lower back hurts so much i can’t sit through a full movie. my doctor keeps adjusting meds but nothing seems to last. i asked about medical marijuana because i’m getting desperate for sleep and pain relief, and the reaction was basically shrugging like i should just keep suffering quietly. it’s infuriating. i’m 31 and already feel 20 years older than i am.",1
synth::trad::2::0028::3,,synthpost::trad::2::0028::3,2,thc,"the worst part of all this isn’t even the pain, it’s the constant uncertainty. one week i can walk around the grocery store and the next week i’m using a cane because my hips and ankles feel like they’re full of glass. i’ve been on prednisone twice now and i hate the side effects, but at least it did something. my rheumatologist suggested i “try to relax more,” which made me want to scream. i’ve been experimenting with thc gummies at night and honestly they help me fall asleep, but they don’t fix the actual problem, just make me less aware of how miserable i am.",1
synth::trad::2::0028::4,,synthpost::trad::2::0028::4,2,cannabis,"i never thought i’d be the person posting in a forum like this, but i’m having a rough go of it and need to vent somewhere people might understand. i have mixed connective tissue disease and lately every day feels like a different kind of awful: brain fog, chest tightness, swollen hands, stabbing pain in my wrists, and exhaustion that sleep doesn’t touch. i’ve missed so much work that i’m worried about my job, and my family keeps asking if i’ve “tried yoga” as if that’s going to undo an autoimmune disease. i use cannabis on the really bad nights because it’s the only thing that sometimes lets me shut my brain off, but i’m still scared because it feels like this illness is shrinking my whole life.",1
synth::trad::2::0029::0,,synthpost::trad::2::0029::0,2,weed,"i'm so tired of feeling like i'm 80 at 29. i have suspected sjogren's and maybe inflammatory arthritis but every appointment turns into another round of bloodwork that comes back 'basically normal' while my hands keep swelling, my jaw aches, and my eyes feel like sandpaper. on bad days i can barely grip a cup or type, and the brain fog is honestly embarrassing at work. i tried weed a few nights ago because people keep saying it helps with pain and sleep, but all it really did was make me aware of how much my body hurts when i stop moving. i know some people get relief, i just didn't. i'm frustrated, scared, and weirdly angry that i have to keep proving i'm sick enough for anyone to care. does anyone else feel like they are losing their whole life to symptoms that never show up on paper?",1
synth::trad::2::0029::1,,synthpost::trad::2::0029::1,2,cbd,"has anyone else hit the point where every little thing becomes a flare trigger? i have ra and the last month has been brutal. my knees burn, my wrists lock up in the morning, and my feet feel like i've been standing on glass after a normal grocery trip. i started taking cbd tincture at night because i didn't want to rely on stronger meds, but honestly it hasn't moved the needle much. maybe it takes the edge off for an hour? hard to tell. the worst part is my rheum keeps saying to stay active, but when i push myself i pay for it for two days. i'm exhausted from trying to balance work, pain, and pretending i am fine. i hate that this disease keeps shrinking my world, and i hate even more that people think i should just be grateful it's not worse.",1
synth::trad::2::0029::2,,synthpost::trad::2::0029::2,2,cannabis,"i'm newly diagnosed with lupus and i feel like i've been dropped into a scam. every specialist seems to have a different opinion, my labs are a mess, and meanwhile i'm getting random fevers, chest pain, and this awful deep fatigue that makes showering feel like a major event. i tried cannabis because i couldn't sleep from the pain, but instead of relaxing me it just made me notice every ache in my body for three hours. my doctor basically told me to come back when things are 'more objective,' which is a lovely way of saying suffer until it shows up on a scan. i'm angry, scared, and so done with being told i'm too young to feel this bad. if this is what the next few years look like, i don't know how i'm supposed to keep working or functioning at all.",1
synth::trad::2::0029::3,,synthpost::trad::2::0029::3,2,medical marijuana,"my state keeps dragging its feet on medical marijuana and i'm honestly at my limit. i have ankylosing spondylitis and the constant si joint pain is ruining everything: sleep, driving, sitting through meetings, even just being in my own body. biologics helped for a while and then stopped being enough, and nsaids only make my stomach miserable. i know some people act like cannabis is some miracle cure, but i'm not asking for a miracle. i just want another option that isn't another pill with another side effect. the part that gets me is how hard it is to get anyone to treat chronic pain like a real issue instead of a moral failing. i'm tired of waiting for lawmakers to decide whether my pain counts.",1
synth::trad::2::0029::4,,synthpost::trad::2::0029::4,2,thc,"i've been dealing with mixed connective tissue disease for years and lately everything has gotten worse at once. my hands are stiff enough that opening jars is impossible, my skin is getting rashes again, and the fatigue hits like i got hit by a truck. i started using thc gummies at night because i heard they might help with sleep and inflammation, but all i've really gotten is a dry mouth and the same garbage sleep schedule. what's making me spiral is that my latest appointment got canceled again, so i am stuck reading my own labs and trying not to panic over every weird result. i feel like i'm slowly collecting symptoms and nobody can tell me if this is a flare, a new disease, or just my body falling apart. i am so worn down by the uncertainty. i don't want to be dramatic, i just want one clear answer for once.",1
synth::trad::2::0030::0,,synthpost::trad::2::0030::0,2,cbd,"i'm at the point where i don't even know what part of this is my disease and what part is just my body falling apart from being on fire all the time. the morning stiffness is brutal, my wrists feel like they’re full of broken glass, and by noon i’m wiped out like i ran a marathon in my sleep. my rheum keeps saying to give the hydroxychloroquine more time, but i’ve been hanging on for months and it still feels like my life got shrink-wrapped into pain and appointments. nsaids wreck my stomach, prednisone made me feel crazy, and the only thing that takes the edge off even a little is cbd oil plus a heating pad. even then i’m still barely functional and crying over stupid stuff because i’m so exhausted from hurting. i’m trying to keep working but every day feels like i’m dragging around a body that doesn’t cooperate. i hate how much of my energy goes into just surviving until bedtime. anyone else stuck in this weird limbo where treatment is ""working"" on paper but you still feel awful?",1
synth::trad::2::0030::1,,synthpost::trad::2::0030::1,2,cannabis,"i got my labs back today and of course they’re basically useless again. elevated inflammation, more anemia, and zero real answers for why my hips and knees feel like they’re being pried apart when i try to walk after sitting too long. my rheum wants to switch meds, but the last one gave me nonstop nausea and mouth sores, so i’m honestly scared to start anything new. i’ve been using cannabis on the worst nights just so i can sleep without waking up every hour in pain, but it’s not fixing the underlying misery, it just makes the hours go by a little faster. i feel like i’m losing my patience with this whole process. every appointment is another month away, another copay, another shrug. i used to be active and independent and now i plan my whole day around whether i can sit, stand, or shower without regretting it. i’m so tired of being told to ‘stay hopeful’ when all i feel is worn down and angry.",1
synth::trad::2::0030::2,,synthpost::trad::2::0030::2,2,thc,"does anyone else get absolutely flattened after a flare even when the joint pain itself calms down? my actual pain has backed off a bit, but the fatigue, brain fog, and weird flu-like body ache are still kicking my butt. it’s like my immune system flipped a switch and forgot how to turn off. i’m on methotrexate and folic acid, but i keep having these stretches where i can’t think straight enough to finish emails and then i get home and just stare at the wall because i have nothing left. i tried thc gummies a few nights ago hoping they’d help me sleep, and all they really did was make me too sleepy to care for a couple hours before i woke up with the same sore hands and hips. i know people say to be patient with meds, but i’ve been patient for so long i’m starting to feel ridiculous. i’m not looking for miracle cures, just some way to not feel like a malfunctioning old machine every single day.",1
synth::trad::2::0030::3,,synthpost::trad::2::0030::3,2,weed,"venting because i had one of those appointments where i left feeling worse than when i walked in. i brought up the swelling in my fingers, the morning stiffness, the rib pain, the random fevers, and how i can barely grip a mug some days, and i got the usual ‘your exam is pretty unremarkable’ speech. meanwhile i’m home icing my hands and wondering if i’m losing my mind. the only thing that helps me sleep at all is a little weed, but even that doesn’t touch the deep ache in my shoulders and lower back. i’m so fed up with acting normal in front of doctors when i can barely make it through the day without resting. i’m trying to be grateful that it isn’t worse, but honestly it already feels bad enough. if i’m going to be this miserable, i wish someone would at least take me seriously instead of making me jump through another six months of waiting.",1
synth::trad::2::0030::4,,synthpost::trad::2::0030::4,2,medical marijuana,"my biggest problem right now is that i feel like i’m failing at everything because of this disease. i can handle the pain most days, but the constant fatigue, stiffness, and random chest/rib soreness are ruining my ability to work and keep up with basic life stuff. i’ve been through two biologics, a stack of steroids, and a mountain of supplements, and i’m still not where i need to be. my doctor mentioned medical marijuana for sleep and appetite, but i’m nervous because i’ve already had bad luck with meds making me groggy or weirdly anxious. it’s hard not to get discouraged when every new thing becomes another experiment and nothing gives a lasting improvement. i miss having a body that didn’t need strategy just to get through a grocery store trip. right now i’m mostly just angry and tired and trying not to spiral about what the next year is going to look like.",1
synth::trad::2::0031::0,,synthpost::trad::2::0031::0,2,cbd,"has anyone else had their joints just completely refuse to cooperate after a flare? i'm on methotrexate and my hands are still swollen every morning, plus my knees feel like they're full of gravel. i tried cbd oil because people kept telling me it would be a game changer, but it barely took the edge off and now i'm just frustrated and out of money. i feel like i'm doing everything 'right' and still ending up exhausted, stiff, and miserable. i hate that this disease can steal a whole day before i even get out of bed. if anyone has actual tips for getting through the mornings, i'd appreciate it.",1
synth::trad::2::0031::1,,synthpost::trad::2::0031::1,2,weed,"i'm so discouraged right now. i was finally starting to get a little movement back in my shoulders after months of physical therapy, then this last flare hit and i'm back to barely being able to put on a shirt. a friend suggested weed for sleep and pain, but i don't know if it's even worth trying when i'm already juggling gabapentin, naproxen, and a stomach that hates everything. the worst part is feeling like nobody around me understands why i'm so wiped out all the time. i just want one week where i don't feel like my body is fighting me every second.",1
synth::trad::2::0031::2,,synthpost::trad::2::0031::2,2,medical marijuana,"feeling pretty defeated tonight. my rheum keeps changing meds because nothing is holding my inflammation down, and my feet are so bad i can hardly make it through a grocery store trip. i looked into medical marijuana because a couple people in my support group swear by it, but the whole process in my state seems like a joke and i don't even know if it would help the nerve pain anyway. i'm tired of being told to 'stay positive' when i'm waking up in pain and going to sleep in pain. sometimes this disease makes me feel older than my parents.",1
synth::trad::2::0031::3,,synthpost::trad::2::0031::3,2,thc,"has anyone dealt with insomnia getting worse after starting steroids? i am dead tired but as soon as i lay down my lower back and hips start screaming, then i'm awake for hours spiraling about work and how much i'm missing because of this stupid diagnosis. i tried a low-dose thc gummy once and it knocked me out, but the next morning i felt groggy and kind of gross. i can't tell if i'm too sensitive or if my body just hates everything now. i feel like i'm failing at basic life stuff because of pain and no sleep.",1
synth::trad::2::0031::4,,synthpost::trad::2::0031::4,2,pot,"i honestly don't know how people manage long-term with this. i have ra and even on treatment my wrists, elbows, and jaw flare up enough that eating and typing are a chore. my partner says pot might help with the pain, but i'm wary because i already feel foggy from the meds and i can't afford to be more useless at my job. i'm not looking for a miracle, just something that lets me get through a normal day without crying in the car after errands. this whole thing has been one disappointment after another.",1
synth::trad::2::0032::0,,synthpost::trad::2::0032::0,2,cbd,"i’m honestly at my breaking point. i have ra and lately even getting out of bed feels like i ran a marathon in my sleep. my hands are so stiff in the morning i can barely grip my coffee mug, and by afternoon my knees are screaming. my rheum keeps telling me to “give the meds time” but it’s been months and i feel worse, not better. i can’t keep adding more pills just to function at a basic level. i started looking at cbd because i keep seeing people say it helps with pain and sleep, but i don’t know what’s legit and what’s just internet hype. has anyone here actually gotten any relief from cbd or is it basically a waste of money? i’m so tired of hurting all the time.",1
synth::trad::2::0032::1,,synthpost::trad::2::0032::1,2,medical marijuana,"does anyone else feel like every appointment is just a new letdown? i have sjogren's and inflammatory arthritis and i left my last visit more discouraged than when i walked in. the fatigue is brutal, the joint pain is constant, and my mouth/eyes feel like sandpaper on a bad day. prednisone helped for a minute and then everything came right back. i’m trying not to sound dramatic but i’m exhausted from pretending i’m fine. i’ve been thinking about medical marijuana because i need something that might help me sleep and maybe take the edge off, but i’m nervous and honestly just overwhelmed. i don’t even know where to start with asking a doctor about it without sounding like i’m drug-seeking. feeling pretty defeated lately.",1
synth::trad::2::0032::2,,synthpost::trad::2::0032::2,2,thc,"today was one of those days where every little task turned into a battle. opening jars, typing, even holding my phone with my wrists flaring up has been awful. i’ve got lupus and the brain fog is so bad i forgot what i was doing three times in one trip to the kitchen. my labs are ‘not terrible’ apparently, but that doesn’t help when i can’t sleep because my joints ache all night. a friend keeps saying thc might help with pain and appetite, but i’m scared of feeling out of it on top of already being foggy. i just want one normal day again. instead i’m sitting here with ice packs and a heating pad wondering how long i’m supposed to keep doing this.",1
synth::trad::2::0032::3,,synthpost::trad::2::0032::3,2,weed,"i never thought i’d be the person posting this but here we are. i have psoriatic arthritis and the flare i’m in right now is miserable—my feet feel bruised, my fingers are swollen, and walking across the house makes me want to cry. my biologic was working okay for a while and now it’s like it just stopped. i’m waiting on a call back from my rheum but that could be days and i’m already missing work. i’ve seen people mention weed for pain and sleep, but i’m in a state where everything is confusing and i don’t want to make things worse or get judged for asking. i’m just frustrated, in pain, and trying not to spiral.",1
synth::trad::2::0032::4,,synthpost::trad::2::0032::4,2,cannabis,"i’m so fed up with feeling like my body is fighting me every single day. i have ankylosing spondylitis and the lower back pain has been nonstop lately, plus the rib pain is making it hard to breathe deep when i’m trying to relax. i’ve tried stretching, heat, anti-inflammatories, all of it, and i still wake up feeling like i got hit by a truck. my doctor is happy to say “keep monitoring” but i can’t keep living like this while waiting for the next appointment. i was reading about cannabis and wondered if anyone has found it useful for stiffness or sleep, because i’m at the point where i’ll consider almost anything that doesn’t just add another side effect. i’m really worn down and not doing great mentally either.",1
synth::trad::2::0033::0,,synthpost::trad::2::0033::0,2,cbd,"i feel like i am losing the plot a little bit. i have ra and over the last 4 months my hands, wrists, and feet have just gotten worse and worse. mornings are brutal, but honestly the fatigue is almost worse than the pain because it never really lets up. i tried cbd because everyone around me kept saying it was ""natural"" and would take the edge off, but it barely did anything except make me spend money i don't have. i'm on methotrexate and naproxen and still feel like i got hit by a truck every day. i keep canceling plans, calling out of work, and pretending i'm fine when i'm not. i don't even know what i'm hoping for here, maybe just some advice from people who have figured out how to survive this without falling apart.",1
synth::trad::2::0033::1,,synthpost::trad::2::0033::1,2,weed,"does anyone else get completely wrecked after a tiny amount of weed now? i used to be able to relax with it, but since my lupus symptoms got bad it seems to turn every ache in my body up to 100. the last time i tried it i ended up stuck on the couch spiraling because i could feel every joint, every twitch, every weird chest pain and it freaked me out. i hate how unpredictable this disease is. one day i can shower and make dinner, the next day i'm staring at the wall because standing up feels impossible. my rheum says we are still ""figuring things out"" but meanwhile i'm just trying not to cry in the car after work. if anyone has dealt with this weird pain amplification or has anything that actually helped them sleep, i would really appreciate it.",1
synth::trad::2::0033::2,,synthpost::trad::2::0033::2,2,marijuana,"i'm kind of at my breaking point. i have ankylosing spondylitis and lately my lower back and ribs feel like they are being squeezed in a vise all day and night. i'm 28 and already move like i'm 80. i brought up my symptoms to my doctor again and got the usual ""give the biologic more time"" speech, which would be easier to hear if i wasn't getting worse. i also mentioned i stopped using marijuana for a bit to see if it changed anything and somehow the conversation turned into a lecture instead of help. i wasn't asking for a miracle, just some acknowledgment that i am miserable. i miss sleeping through the night. i miss being able to sit through a movie without needing to stand up every ten minutes. this disease is exhausting in a way i can't really explain to people who don't have it.",1
synth::trad::2::0033::3,,synthpost::trad::2::0033::3,2,medical marijuana,"today was one of those days that makes me wonder how much more of this i can take. i have sjogren's and the dryness has been awful, but what is really wearing me down is the constant pain in my jaw, neck, and shoulders on top of the brain fog. i try to work and then forget what i was doing halfway through the task. my eyes burn, my mouth feels like cotton, and i am so tired i could cry. medical marijuana was suggested to me by a friend, but i am nervous because i already feel out of it most days and i can't afford to be even more foggy. i just want one normal day where i don't have to plan everything around symptoms. if anyone has found anything that actually helps with fatigue and pain together, please tell me what is worth trying.",1
synth::trad::2::0033::4,,synthpost::trad::2::0033::4,2,thc,"quick rant because i am frustrated and probably sounding dramatic. i have ra and my knees, hands, and elbows have been flaring for weeks. the swelling is obvious, the pain is obvious, and yet every appointment feels like i have to prove i'm not exaggerating. i tried a thc tincture after reading a bunch of posts and all it did was make me dizzy and anxious while my joints still hurt. so now i get to feel high and miserable, which is honestly not a combo i recommend. i am behind on chores, behind on sleep, and behind on life in general. i know people say not to compare yourself to your old self but that is hard when your old self could open a jar and now you need help with everything. just needed to say it somewhere people might understand.",1
synth::trad::2::0034::0,,synthpost::trad::2::0034::0,2,cbd,"i'm at the point where i'm so tired of being tired. every joint hurts, my hands are puffy in the morning, and by afternoon my knees feel like they're full of gravel. my rheum keeps saying we need to give the new med more time, but i've been saying that for months and nothing is changing except the side effects. i'm nauseous all the time and i can't tell if i'm flaring or just miserable from the treatment. people keep telling me to try cbd like it's some magic fix and i'm not trying to be rude, but i'm really over unsolicited advice. i just want one day where i can work, cook dinner, and not think about pain every single second.",1
synth::trad::2::0034::1,,synthpost::trad::2::0034::1,2,weed,"anyone else feel like their body is just falling apart faster than the doctors can keep up? i'm 31, diagnosed with psa last year, and i swear every new medication comes with a fresh set of problems. methotrexate wrecked my stomach, now i'm on a biologic that makes me exhausted and weirdly headachy, and i'm still stiff enough to walk like a 90 year old in the morning. i use weed at night sometimes because it at least lets me sleep without waking up every hour from pain, but then i wake up groggy and guilty because i still have to get to work. i'm just frustrated. i miss being able to plan anything without wondering if my joints are going to ruin it.",1
synth::trad::2::0034::2,,synthpost::trad::2::0034::2,2,thc,"i had my second rheum appointment this week and left more confused than when i went in. they say my labs are ""mildly inflammatory"" but my symptoms are not mild at all. my shoulders, wrists, and jaw are constantly sore, and by the end of the day i feel like i've been hit by a truck. nsaids tear up my stomach so i'm stuck with acetaminophen that barely touches it. i've been trying low-dose thc gummies at night because i can't keep living on 3 hours of sleep, but they either do nothing or make me too foggy to function the next morning. i'm honestly scared this is just going to keep getting worse while i bounce between meds that don't help.",1
synth::trad::2::0034::3,,synthpost::trad::2::0034::3,2,medical marijuana,"sorry for the rant, i just need to scream into the void for a minute. i have scleroderma and the skin tightness in my hands has gotten bad enough that i can barely open jars or straighten my fingers after typing all day. my doctor changed my meds again and i'm already having more stomach issues, plus the fatigue is unreal. i tried medical marijuana because people kept saying it would help with pain and sleep, but it mostly just makes me feel spaced out while the burning in my hands is still there. i know other people have it worse, i really do, but i'm angry and scared and exhausted from pretending i'm coping fine.",1
synth::trad::2::0034::4,,synthpost::trad::2::0034::4,2,cannabis,"i'm so discouraged right now. i've been dealing with undifferentiated connective tissue disease for almost two years and nothing has felt stable since this started. one month i can barely move my neck, the next it's my hips, then my ribs feel like they're bruised for no reason. prednisone helps but only while i'm on it, and the rest of the time i'm just collecting side effects. my partner keeps suggesting cannabis to take the edge off and i appreciate the care, but it also feels like i'm running out of actual treatment options. i don't want to be high, i don't want to be in pain, and i definitely don't want to spend the rest of my life chasing a normal day that never shows up.",1
synth::trad::2::0035::0,,synthpost::trad::2::0035::0,2,cbd,"i am so frustrated right now. my rheumatologist keeps saying to give the meds more time, but my hands are swelling, my knees feel like they’ve been scraped out, and i’m barely making it through work. i tried cbd cream, tincture, the whole overpriced wellness aisle nonsense, and it honestly barely touched anything. maybe took the edge off my anxiety for an hour, but the pain is still there waiting for me the second i move. i’m on sulfasalazine and prednisone taper #whatever and i hate how much my body has changed in the last year. i used to hike, cook, do normal stuff. now i sit there bargaining with myself just to shower. i know people say “stay positive” but i’m running out of things to be positive about. does anyone else feel like every treatment is just a tiny delay before the next flare? i’m exhausted, embarrassed, and angry all the time.",1
synth::trad::2::0035::1,,synthpost::trad::2::0035::1,2,thc,"anyone else get to the point where thc is the only thing that lets you sleep, but then you wake up feeling like you got hit by a truck? that’s where i’m at. i have psoriatic arthritis and probably a side of fibro, and the fatigue has become so stupidly severe that i can’t tell what’s medication side effects and what’s just the disease chewing through me. my mornings are a coin flip between nausea, stiffness, and crying in the shower because my fingers won’t bend enough to wash my hair properly. rheum moved my next appointment back again because “nothing urgent on the schedule,” which would be funny if i wasn’t already missing work and falling behind on everything. i’m trying to use thc in tiny amounts because i’m desperate for relief, but honestly even that feels like patching a sinking boat with tape. i’m tired of surviving in two-hour increments.",1
synth::trad::2::0035::2,,synthpost::trad::2::0035::2,2,medical marijuana,"i’m having one of those weeks where everything feels pointless. i’ve got lupus, my joints are on fire, my skin is acting up, and i’m spending half the day lying down because standing makes me dizzy. i started medical marijuana a couple months ago because i was hoping it would help me eat and sleep, but it’s been so inconsistent that i don’t even know if i should bother refilling it. some nights it knocks me out, other nights i’m just high and still hurting, which feels worse somehow. the worst part is how isolated this gets. my friends are kind, but they don’t understand why i cancel plans after showering or why grocery shopping wipes me out for the rest of the day. i’m only 29 and i feel like i’m aging in fast-forward. i’m not looking for a miracle, i just want one day where my body isn’t constantly screaming at me.",1
synth::trad::2::0035::3,,synthpost::trad::2::0035::3,2,weed,"i really hate how hard it is to explain this illness to people. i have ankylosing spondylitis and every time i say i’m having a bad day, someone tells me to stretch more, drink water, or “maybe try weed.” like wow, thank you, i never considered either of those revolutionary ideas while my ribs feel like they’re being crushed and i can’t sit comfortably for more than ten minutes. i’m already on biologics, nsaids wrecked my stomach, and i’m still getting worse. the pain is not dramatic, it’s constant and boring and humiliating. i can’t twist to get out of bed without making noise, i can’t turn my head in the car, and i’m sick of pretending this is fine. i know people mean well, but it gets so old being talked to like i haven’t spent the last two years trying absolutely everything i can access. i’m just angry and drained.",1
synth::trad::2::0035::4,,synthpost::trad::2::0035::4,2,cannabis,"i’m losing my mind a little bit. i have mixed connective tissue disease and the combo of pain + fatigue + brain fog is wrecking my life. i missed another day of work because i slept through my alarms after being awake most of the night from pain, then spent the morning staring at the wall because i couldn’t remember what i was supposed to do next. my doctor suggested looking into cannabis, but i’m in a state where everything is a hassle and the process is so expensive that i don’t even know where to start. meanwhile, my lab results keep getting repeated and no one can tell me why i feel this bad if the numbers are only “kind of” abnormal. that phrase is starting to make me furious. i’m sick of being told it’s not severe enough to explain how miserable i am. i look functional from the outside and that somehow makes this easier for everyone else, except it absolutely does not.",1
synth::trad::2::0036::0,,synthpost::trad::2::0036::0,2,cbd,"i'm honestly at the end of my rope. i have psoriatic arthritis and the last two meds i tried either did nothing or made me feel like a zombie. my joints are still swollen, i'm sleeping maybe 3 hours a night, and every doctor visit turns into “let’s wait and see.” i started looking into cbd because i’m desperate for anything that might take the edge off without wrecking my stomach like nsaids do. has anyone actually gotten relief from it, or is this just one more thing people recommend when they don't know what else to say? feeling pretty defeated lately.",1
synth::trad::2::0036::1,,synthpost::trad::2::0036::1,2,marijuana,"anyone else feel like they have to fight just to be taken seriously? i have sjogren's and inflammatory arthritis, and the fatigue is worse than the pain some days. my rheum keeps pushing another med trial, but i've already been through two dmards and i’m over the side effects and the constant labs. a friend keeps telling me marijuana helped her chronic pain, but i’m nervous and also sick of trying random stuff that ends up being a waste of money. i’m not looking for a miracle, just something that doesn’t make me feel worse. right now everything feels like a dead end.",1
synth::trad::2::0036::2,,synthpost::trad::2::0036::2,2,thc,"flare city over here. my hands look like sausages, my knees are on fire, and i had to call out of work again because i can barely get dressed. i tried a low dose thc edible last night after reading people with lupus said it helped them sleep, but all it did was make me anxious and then i woke up feeling just as bad. i know everyone reacts differently, i'm just frustrated because nothing is touching the pain and i'm tired of being told to “rest more” like that fixes anything. this disease is exhausting.",1
synth::trad::2::0036::3,,synthpost::trad::2::0036::3,2,medical marijuana,"i’m in a state where medical marijuana is technically allowed, but getting approved seems like a joke unless you have some very specific diagnosis. meanwhile i'm sitting here with ankylosing spondylitis, constant inflammation, and a spine that feels like it's made of rusted hinges. i've been on naproxen, sulfasalazine, and now a biologic that barely helps. i don't want to keep bouncing from med to med while my life shrinks around this. has anyone actually gone through the process and found it worth it, or did you just get a pricey card and the same pain?",1
synth::trad::2::0036::4,,synthpost::trad::2::0036::4,2,weed,"not sure if this is the right place, but i'm pretty upset and could use some honest input. i have ra and my latest labs are apparently 'not that bad,' which is funny because i can barely open jars and my wrists are swollen every morning. the last appointment felt like i was being brushed off, and when i mentioned trying weed for sleep and pain, the response was basically a shrug. i'm tired of being treated like i'm exaggerating because i look fine from across the room. if weed helped you with pain or sleep, i'd love to hear it, because right now i feel stuck and pretty hopeless.",1
synth::trad::2::0037::0,,synthpost::trad::2::0037::0,2,cbd,"i’m honestly at the end of my rope with this flare. my hands and wrists have been swollen for weeks, i can barely open jars or get dressed without crying, and every doctor visit just turns into “wait and see.” i’ve tried heat, ice, compression gloves, pt, stretching, resting, and a stupid amount of naproxen. the naproxen is now wrecking my stomach so that’s great. a few friends keep telling me to try cbd gummies or a cream, but i’m skeptical because nothing else has touched the pain. if anyone has actually gotten even a little relief from cbd for inflammatory joint pain, i’d love to hear it. i’m tired of being told to just push through when i can’t even type without my fingers locking up.",1
synth::trad::2::0037::1,,synthpost::trad::2::0037::1,2,weed,"is anyone else having the absolute worst time with sleep lately? i have psoriatic arthritis and i’m on biologics, but the night pain still wakes me up every couple of hours. i tried moving my meds around, cutting caffeine, all the usual stuff. melatonin makes me groggy and somehow still awake, and trazodone gave me a horrible headache. i used to smoke weed years ago and it’s the only thing that ever knocked me out, but i’m worried because my lungs are already irritated all the time and i don’t want to make anything worse. i’m so frustrated because every morning feels like i got hit by a truck. my rheum says sleep matters but nobody has a real answer for me.",1
synth::trad::2::0037::2,,synthpost::trad::2::0037::2,2,cannabis,"i’m just venting a little because i had my follow-up today and left feeling more defeated than when i walked in. i have sjogren’s and probable inflammatory arthritis, but my labs are a mess and the doctor kept saying the same thing about “nonspecific symptoms” and “keeping an eye on it.” meanwhile i’m dealing with dry eyes that burn, mouth ulcers, weird swelling in my knees, and exhaustion that makes basic chores feel impossible. i asked whether there was anything else we could try for the pain besides advil and plaquenil, and the answer was basically no. a relative keeps pushing cannabis like it’s some miracle fix, but i can’t even get a straight diagnosis, so i’m not trying to experiment blindly. i’m just really tired of not being taken seriously.",1
synth::trad::2::0037::3,,synthpost::trad::2::0037::3,2,thc,"does thc help any of you with nausea from methotrexate or does it just make things worse? i’m asking because i’m already struggling to keep food down on injection day and now i’m scared to eat at all. i have ra, my joints are flaring constantly, and the meds are a whole separate nightmare—fatigue, brain fog, mouth sores, the works. my doctor keeps telling me to “give it time,” but i’ve been giving it time for months and i feel worse, not better. i’m not looking for a miracle, just something that might let me function long enough to get through work and take care of my kid. this whole disease has been one long lesson in disappointment.",1
synth::trad::2::0037::4,,synthpost::trad::2::0037::4,2,medical marijuana,"my pain clinic mentioned medical marijuana as an option and i’m honestly torn. i have ankylosing spondylitis plus a bunch of nerve pain from an old back injury, and between the stiffness and the burning pain i’m barely sleeping or walking well anymore. the problem is i’ve already tried so many things that either didn’t work or made me sick: nsaids destroyed my stomach, prednisone made me feel insane, and gabapentin turned me into a zombie. i’m not against trying something new, i’m just exhausted and scared of wasting money on another thing that does nothing. if anyone has had a decent experience with medical marijuana for pain or sleep, i’d appreciate hearing the good and the bad. right now everything feels like trial and error and i’m losing patience fast.",1
synth::trad::2::0038::0,,synthpost::trad::2::0038::0,2,weed,"i'm so irritated right now. over the last month my hands have been swelling so bad that i can barely get my rings off in the morning, and the fatigue feels like i'm dragging a weight vest around all day. my gp keeps saying labs are “fine” even though i can barely make it through work and i’m dropping things constantly. a coworker keeps telling me to just try weed like it’s some miracle answer, but i’m not looking for a lecture or another random fix. i just want someone to take the pain in my wrists and shoulders seriously and tell me what is actually going on. has anyone had symptoms this vague turn into something real, or am i stuck waiting until it gets even worse?",1
synth::trad::2::0038::1,,synthpost::trad::2::0038::1,2,cbd,"ugh. i had to stop my naproxen because my stomach started acting up again, and now every joint from my knees to my elbows feels angry. i tried cbd gummies for a week hoping they’d take the edge off, but honestly they did almost nothing except cost money i don't have. the worst part is how dismissed i feel when i say the morning stiffness is lasting hours. the rheum appointment is still three weeks away and i’m already behind on everything at home because even vacuuming wipes me out. if anyone has dealt with this sort of flare-y, all-over pain without being able to use the usual meds, i’d really appreciate hearing what helped, because right now i’m just frustrated and tired.",1
synth::trad::2::0038::2,,synthpost::trad::2::0038::2,2,medical marijuana,"i'm at the end of my rope with this disease. my neck, jaw, and upper back are all locked up, and every night i wake up from pain after maybe 2 hours of sleep. my doctor keeps adjusting prednisone and then acting surprised when i don't magically feel normal. i asked about medical marijuana and got the usual awkward silence like i was asking for something shady instead of another option to survive the day. meanwhile i’m missing shifts, my mood is in the gutter, and i feel guilty for being useless to everyone around me. i know nobody here can fix it, but does anyone else feel like their care team is constantly 2 steps behind the actual problem?",1
synth::trad::2::0038::3,,synthpost::trad::2::0038::3,2,thc,"been dealing with seronegative stuff for years and lately everything is spiraling. my feet hurt first thing in the morning, then by afternoon my knees feel unstable and my wrists burn if i type too long. i tried a thc tincture on a friend's recommendation and all it did was make me anxious and more aware of how miserable i am. i hate how every appointment turns into 'well, your markers aren't dramatic enough' when i'm barely functioning. i’m supposed to be working full time but i’m calling out more and more, and the guilt is making the exhaustion worse. i’m just venting i guess, because i'm so tired of being treated like this is no big deal when it absolutely is.",1
synth::trad::2::0038::4,,synthpost::trad::2::0038::4,2,cannabis,"i don't even know what i'm asking anymore, i'm just upset. after months of being told my pain was posture or stress, i finally got imaging and now they're talking about inflammatory arthritis, maybe early psoriatic disease, maybe not. in the meantime my hands hurt so much i can’t open jars and my ankles feel like they’re on fire after a short walk. people in my family keep suggesting cannabis as if that makes the appointments, bills, and waiting go away. i’m not against it, i’m just angry that i have to self-manage this mess while trying to get a diagnosis. has anyone else gone through the whole 'maybe it's autoimmune, maybe it's not' loop for this long? it’s exhausting and kind of crushing.",1
synth::trad::2::0039::0,,synthpost::trad::2::0039::0,2,cbd,"i'm so tired of feeling like every week is a new problem. since starting methotrexate i’ve had nonstop nausea, headaches, and the weirdest mouth sores, and now my rheum wants me to just “push through” until the next follow up. my hands ache so much in the morning that i can barely hold a toothbrush. i tried cbd oil because a couple people swore it would take the edge off, but honestly i still feel miserable and kind of dumb for thinking it would be a fix. i don’t even know if this is disease activity or medication side effects anymore. has anyone else just felt progressively worse instead of better? i’m getting really discouraged.",1
synth::trad::2::0039::1,,synthpost::trad::2::0039::1,2,weed,"newly diagnosed with psoriatic arthritis and i thought once i finally had a name for it i’d feel relieved, but i mostly just feel angry. my knees swell, my fingers get stiff, and i’m exhausted by 2pm no matter how much sleep i get. i stopped using weed because i was hoping it was making my brain fog worse, and now i’m realizing it was probably helping me get through the night. the pain is still there, plus the anxiety is higher, plus i’m staring at a pile of meds waiting on insurance approval. not really a question i guess, just needed to vent because i feel like i’m losing my mind a little.",1
synth::trad::2::0039::2,,synthpost::trad::2::0039::2,2,medical marijuana,"does anyone else feel like the medical marijuana clinic people and the rheum people live on different planets? i have ankylosing spondylitis and my back/hips have been a constant flare for months. i’ve tried naproxen, celebrex, PT, heat, stretching, all of it. i keep getting told to be patient while we wait for biologic authorization, but i’m barely sleeping and i’m falling behind at work because i can’t sit through a meeting without wanting to cry. the medical marijuana card helped me sleep for a while, but lately even that isn’t touching the pain. i’m just so frustrated that everything is either “wait” or “try again later.”",1
synth::trad::2::0039::3,,synthpost::trad::2::0039::3,2,thc,"i’m having one of those nights where i can’t tell if the issue is my sjogren’s or just my body being a jerk. my eyes burn, my mouth is desert-dry, and my joints feel like they’ve been filled with gravel. i took a thc gummy earlier thinking maybe it would calm things down and let me rest, but all it did was make me more aware of how awful i feel. now i’m tired, nauseous, and still wide awake. the rheum says my labs are “not that bad” which feels like a joke when i can’t even get comfortable in bed. i hate this disease.",1
synth::trad::2::0039::4,,synthpost::trad::2::0039::4,2,cannabis,"i’m kind of at the end of my rope with this flare. every step hurts, my wrists are swollen, and my lower back feels locked up like something is stuck in there. prednisone helped for about a day and then i crashed again, so now i’m just waiting for the next appointment and trying not to spiral. i had to stop cannabis for a job screening and i didn’t expect it to hit me this hard, but my sleep is worse and my pain is so much harder to tolerate without it. i know people say “hang in there,” but honestly i’m not hanging in very well. i just want one week where my body doesn’t fight me nonstop.",1
synth::trad::2::0040::0,,synthpost::trad::2::0040::0,2,cbd,"i'm exhausted and kind of at my limit. i was dx'd with psoriatic arthritis last year after months of swelling, tendon pain, and horrible stiffness that made mornings feel impossible. i've tried naproxen, prednisone, and now sulfasalazine, and every single thing either does nothing or makes me feel worse. the nausea is constant, i'm not sleeping, and i've missed so much work i'm scared my manager is getting fed up with me. a friend kept telling me to try cbd for the pain and inflammation, but honestly it barely touches anything except my bank account. now i'm waiting on insurance approval for a biologic and every day feels like i'm just getting more behind. i hate that i'm 32 and already planning my life around flares and doctor visits. does anyone else feel like you're just surviving between appointments?",1
synth::trad::2::0040::1,,synthpost::trad::2::0040::1,2,marijuana,"anyone else get stuck in this awful loop where the meds don't help but you're also too sick to keep trying new ones? i have lupus and the joint pain has been brutal since november. my rheum keeps saying my labs don't look dramatic enough, meanwhile i can barely open jars, climb stairs, or hold my phone long enough to text back. i'm on hydroxychloroquine and low-dose gabapentin now, but the fatigue is still crushing. i tried marijuana for the pain and sleep, and all it really did was make me dizzy and more aware that i'm still hurting. i cried last night because i realized i've been planning every day around how not to make myself worse. i'm just so tired of being told to wait it out. waiting is all i do.",1
synth::trad::2::0040::2,,synthpost::trad::2::0040::2,2,weed,"i feel like i'm losing my mind a little. i'm in the middle of testing for sjogren's / maybe uctd, and every week there is some new issue: dry eyes, dry mouth, chest tightness, random low fevers, and this weird burning in my hands and feet. i've had to take off work twice already this month because i couldn't focus enough to drive safely. the rheumatology appointment isn't for another 4 months. my primary basically shrugged and said to keep using artificial tears and rest. i tried weed for the insomnia because i haven't slept properly in days, and it just made my heart race and my anxiety way worse. so now i'm tired, wired, and still in pain. i don't know if i'm being dramatic or if this is actually how autoimmune stuff starts. either way, it's miserable.",1
synth::trad::2::0040::3,,synthpost::trad::2::0040::3,2,thc,"i'm honestly angry at this point. i have ankylosing spondylitis and the inflammation in my back/hips has been getting worse for nearly a year. i can't sit through a shift anymore without feeling like my spine is being pulled apart, and by the time i get home i can barely stand up straight. my doctor refuses to refill prednisone because of the side effects, and the biologic my insurance approved is still sitting in limbo. i bought thc oil hoping it would take the edge off enough to sleep, but it mostly just made me groggy and still in pain. i keep hearing ""be patient"" from everyone around me, but patient doesn't pay rent and it doesn't make the burning stop. i'm running out of energy to be polite about it.",1
synth::trad::2::0040::4,,synthpost::trad::2::0040::4,2,medical marijuana,"i got diagnosed with ra two years ago and i swear the disease has only gotten meaner. methotrexate wrecked my stomach, leflunomide made my hair shed, and now i'm on humira while waiting to see if it actually does anything. the problem is i can't eat much because of nausea and everything hurts when i don't eat, so it's just this endless cycle of feeling weak and sick. my rheum suggested i ask my state program about medical marijuana for appetite and pain, but the whole process feels impossible when i'm already barely functioning. i keep getting told to stay positive, yet i'm the one living with hands that won't close and knees that feel full of glass. i'm scared i'm going to lose my job before the meds ever kick in. this whole thing is relentless.",1
synth::trad::2::0041::0,,synthpost::trad::2::0041::0,2,cbd,"i'm honestly at the end of my rope with this flare. my wrists, shoulders, and jaw have been awful for two weeks straight and i can't tell what is pain, what is inflammation, and what is just me being exhausted from not sleeping. i've been taking naproxen, using heat, and trying cbd cream because everyone around me swears by it, but i can't say it's done much besides make me feel like i've spent a lot of money on hope. i finally called my rheum and the earliest they could get me in is next month. i keep getting told to ""rest"" but even resting hurts. i hate how one bad night turns into three bad days and then i start missing work and feel guilty about everything. does anyone have anything that actually helps with upper body stiffness when your meds aren't touching it?",1
synth::trad::2::0041::1,,synthpost::trad::2::0041::1,2,cannabis,"anyone else get weirdly discouraged when something that helps the pain in one way makes everything else worse? i tried cannabis for the first time in ages because my back and hips have been flaring so hard i can barely sit through dinner. for about an hour i felt less tense, but then my heart started racing and i got stuck in this awful anxious loop where every little sensation felt huge. the pain came back anyway, plus i was too out of it to sleep properly, so now i'm just tired and irritated. i know people talk about it like it's magic, but for me it feels like another thing i have to manage on top of ra. i'm sick of testing new things and ending up disappointed. i just want one normal night without pain or panic.",1
synth::trad::2::0041::2,,synthpost::trad::2::0041::2,2,thc,"quick vent: i bought some thc gummies hoping they'd help me through a rough weekend, and instead i spent half the night staring at the ceiling feeling like my knees were on fire. i have psa and the inflammation has been awful in my hands, ankles, and lower back. the weird part is that the gummies made me feel kind of heavy and foggy, but the pain was still there, just more annoying because i couldn't distract myself from it. i also woke up with that miserable dry mouth and felt even more drained the next day. i really thought this might be the thing that finally let me sleep through a flare. nope. just another expensive experiment that didn't work for me. i don't know why i keep getting my hopes up.",1
synth::trad::2::0041::3,,synthpost::trad::2::0041::3,2,medical marijuana,"i've been dealing with spondyloarthritis for years and lately the fatigue has been worse than the pain, which is saying a lot. my doctor suggested i ask around about medical marijuana because i can't tolerate stronger nsaids and i'm waiting on a treatment change, but i'm frustrated because i'm already doing the whole stretching, heat, pacing, and ""listen to your body"" routine. the problem is my body seems to be yelling all the time. nights are the worst; i get that deep ache in my spine and ribs and then i lie there awake wondering how i'm supposed to function at work the next day. i don't even want to feel high, i just want something that takes the edge off enough to sleep. right now i feel stuck, discouraged, and honestly pretty fed up.",1
synth::trad::2::0041::4,,synthpost::trad::2::0041::4,2,weed,"is it just me or does weed make some inflammatory pain feel more obvious? i tried a tiny amount after hearing people in my support group say it helped their ra, and instead of relief i got hyper-aware of every joint in my hands and feet. i was hoping for a calmer evening, but i ended up pacing the apartment because my ankles felt swollen and my shoulders were so stiff i couldn't get comfortable anywhere. maybe it was the strain, maybe it's just not for me, but i'm annoyed that i spent the whole evening feeling worse and then had to call out of class this morning because i barely slept. i'm exhausted from all these experiments that never seem to give me a real break.",1
synth::trad::2::0042::0,,synthpost::trad::2::0042::0,2,cbd,"i'm honestly at the end of my rope with this stupid pain. i have psoriatic arthritis and every morning feels like i've been hit by a truck, especially in my hands and ribs. my rheum keeps saying we need to give the new meds more time, but i've already been through naproxen, prednisone, sulfasalazine, and now my stomach hates me just as much as my joints do. has anyone actually gotten any real relief from cbd for stiffness or sleep? i'm not expecting miracles, i just want to make it through a work shift without feeling like i'm 80 years old. this disease is exhausting.",1
synth::trad::2::0042::1,,synthpost::trad::2::0042::1,2,medical marijuana,"my diagnosis is still pretty new and i feel like i'm losing my mind trying to figure out what is normal and what is not. i have ra and the swelling in my feet has been brutal, but the bigger problem lately is the constant nausea from methotrexate and the total lack of sleep from the pain. my doctor mentioned medical marijuana as something i could ask about, but i don't know if it's actually helpful or just another thing people throw out there. i'm tired of being tired, tired of being nauseous, and tired of every appointment ending with 'let's wait and see.'",1
synth::trad::2::0042::2,,synthpost::trad::2::0042::2,2,weed,"anyone else get totally flattened by a flare right after starting to feel a tiny bit better? i swear every time my joints calm down for a day or two, the next week is worse. my fingers are stiff, my knees feel like they have sand in them, and my back has been screaming for weeks. i used to think i was handling this okay, but now i'm missing work and feeling miserable. a friend keeps telling me weed might help with the pain and sleep, but honestly i'm more annoyed that i'm even at the point of needing to consider that. this disease is ridiculous.",1
synth::trad::2::0042::3,,synthpost::trad::2::0042::3,2,thc,"i'm in one of those annoying in-between phases where nothing is severe enough for anyone to act urgent, but i'm still miserable all the time. my labs are 'not that bad,' my x-rays don't explain the level of pain, and every doctor visit ends with more shrugging. meanwhile my wrists burn, my hips ache when i sit too long, and i wake up feeling like i never slept. i've tried diet changes, heat, stretching, all of it. has anyone had any luck with thc products for nighttime pain or at least getting a decent few hours of sleep? i'm not trying to get high, i just want one night where my body shuts up.",1
synth::trad::2::0042::4,,synthpost::trad::2::0042::4,2,pot,"i'm so frustrated i could cry. i got my first biologic denied by insurance, then finally approved months later, and now i'm dealing with side effects that make it hard to tell whether it's helping at all. my ankles still swell, my shoulders are stiff, and i feel weirdly wiped out all the time. the worst part is that i keep hearing 'be patient' when i've already been patient for a year. someone in my support group suggested pot for pain and appetite, but i'm not sure i even want to add another thing into the mix. i just want one treatment that doesn't make me feel worse.",1
synth::trad::2::0043::0,,synthpost::trad::2::0043::0,2,cbd,"i'm having one of those weeks where everything just piles on at once. my hands are swollen, my wrists feel like they got sanded down, and even opening a jar is a whole event now. my rheum wants to wait and see if the methotrexate kicks in, but i feel like i'm losing my mind trying to get through work and take care of my kid at the same time. i asked whether i could try cbd for the pain and sleep and the nurse just gave me the vague ""check with your primary"" answer. i don't need miracles, i just want to function long enough to get dinner on the table without crying from my hands hurting. psa flare and no end in sight.",1
synth::trad::2::0043::1,,synthpost::trad::2::0043::1,2,weed,"not really looking for a diagnosis, just venting because i'm frustrated. i was told for years that my fatigue was stress and now apparently i have lupus and some kind of inflammatory arthritis on top of it. the prednisone helped for like 3 days and then i was back to feeling like a zombie with stabbing pain in my shoulders and hips. i also have this awful nausea that makes it hard to eat anything. i've seen people say weed helps them, but i live in a place where it's a hassle and i'm honestly too exhausted to keep chasing relief that may or may not work. i'm just tired of every day being a battle before it even starts.",1
synth::trad::2::0043::2,,synthpost::trad::2::0043::2,2,medical marijuana,"anyone else get treated like they're exaggerating because they mention medical marijuana? my new rheum seemed more interested in whether i was ""seeking drugs"" than in the fact that i can barely make it through a grocery trip without my SI joints lighting up. i have ankylosing spondylitis and the morning stiffness is getting ridiculous again. i told her the medical marijuana takes the edge off enough for sleep and she pretty much changed the subject. meanwhile i'm on my third week of waking up at 4 a.m. feeling like my back has been cemented in place. i hate how hard it is to get actual help when you're just trying not to hurt all day.",1
synth::trad::2::0043::3,,synthpost::trad::2::0043::3,2,thc,"i'm so over this disease cycle. every time i think the biologic is finally doing something, i get hit with another flare and i'm right back to limping around the house and crying in the shower because my knees feel like they're on fire. my fingers are starting to curl up again too, which is freaking me out. i tried a low thc edible for the first time hoping it might help me sleep and it mostly just made me feel gross and paranoid, so that was great. i'm not even looking for a cure anymore, just a week where i don't feel like my body is actively fighting me.",1
synth::trad::2::0043::4,,synthpost::trad::2::0043::4,2,cannabis,"i'm new to all of this and honestly pretty discouraged. i went from being a healthy, active person to suddenly dealing with swelling, fatigue, mouth sores, and random fevers, and now my doctors are debating whether it's sjogren's or ra or something else entirely. every appointment feels like i leave with more questions and no actual plan. i asked about cannabis because i can't tolerate the nsaids they're giving me and they acted like that was some kind of weird detour instead of a real pain-management question. the worst part is how invisible it all looks from the outside. i am barely holding it together and no one seems to grasp that.",1
synth::trad::2::0044::0,,synthpost::trad::2::0044::0,2,cbd,"i'm honestly at the end of my rope with this damn ra. the meds have either made me feel sick, crazy tired, or just not touched the pain at all, and every flare seems to steal another week of my life. a friend kept telling me to try cbd so i gave it a real shot for a couple months, but all it did was make my wallet lighter and my joints still felt like they were full of ground glass. maybe it helps other people, i'm not saying it doesn't, but for me it was just another disappointment on top of a long list. i'm so tired of being told to 'just relax' or 'try yoga' like that's going to fix swollen hands and knees. i mostly just wanted to vent because i feel completely fed up and pretty defeated right now.",1
synth::trad::2::0044::1,,synthpost::trad::2::0044::1,2,thc,"does anyone else get the weirdest reactions from thc? i have as and was hoping it would help me sleep and loosen up at night, but instead i got a racing heart, nausea, and this awful foggy feeling that lasted well into the next day. it didn't even take my pain down enough to be worth it. i know some people swear by it and i'm glad if it works for them, but i'm frustrated because i keep trying these 'natural' options and nothing seems to give me even a little bit of control over my body. my rheum just keeps saying to be patient while the biologic kicks in, meanwhile i can barely get through a work shift without feeling like my spine is on fire.",1
synth::trad::2::0044::2,,synthpost::trad::2::0044::2,2,cannabis,"i'm having one of those weeks where everything feels like too much. my psa has been flaring hard, my fingers look like sausages, and i haven't had a decent night of sleep in days. i asked my doctor about cannabis because a few people in my support group said it helped them with pain and appetite, but the whole conversation was weirdly dismissive and basically ended with 'we don't usually recommend that.' okay, thanks, super helpful. i'm not trying to get high and forget my life, i just want to be able to get out of bed without crying. i'm so drained from constantly trying things that either don't work or leave me with new side effects. this disease is exhausting and i'm tired of acting like i'm fine when i'm not.",1
synth::trad::2::0044::3,,synthpost::trad::2::0044::3,2,marijuana,"my rheumatologist acted like i was making up half my symptoms because they don't show up neatly on a blood test, which was already upsetting, and then when i mentioned marijuana she kind of rolled her eyes and moved on like i was talking about candy or something. i have lupus and some days the fatigue is so brutal i can barely shower, let alone work a full day. i used to think maybe it would help with pain and sleep, but even that hasn't been reliable for me. between the meds, the constant labs, and the feeling that nobody really believes how bad i feel, i'm getting pretty bitter. i just needed to say it somewhere because i'm sick of pretending this is manageable when it clearly isn't.",1
synth::trad::2::0044::4,,synthpost::trad::2::0044::4,2,medical marijuana,"has anyone else been disappointed by medical marijuana for inflammatory arthritis? i hate how much hope i put into it after failing nsaids and having garbage side effects from methotrexate. i went in wanting something that would at least take the edge off, but instead it mostly made me tired, anxious, and weirdly more aware of every ache in my body. not exactly the miracle i was sold. i'm not against it at all, i just feel dumb for getting my hopes up again. i'm already grieving the hobbies and energy i lost to this disease, and every time another option falls flat it feels like i'm being reminded that nothing is going to give me my old life back. feeling pretty discouraged tonight.",1
synth::trad::2::0045::0,,synthpost::trad::2::0045::0,2,cbd,"hi all, 31f here with psoriatic arthritis and i’m honestly at my wits end. the last two months my fingers, wrists, and knees have been swollen every morning and i’m losing function in my hands at work. my rheumatologist keeps saying to ""wait and see"" because my labs aren’t dramatic enough, but i can barely open jars or text without pain. nsaids wreck my stomach and prednisone makes me feel like i’m climbing out of my skin. i started trying cbd cream at night because it was the only thing i had left to try and it barely takes the edge off. i’m exhausted, scared, and really frustrated that everything feels like a fight just to be taken seriously. has anyone else been stuck in this in-between stage where nothing is helping and you’re just supposed to endure it?",1
synth::trad::2::0045::1,,synthpost::trad::2::0045::1,2,medical marijuana,"i’m a 28yo guy with ankylosing spondylitis and the last year has been a blur of flare after flare. i wake up feeling like my ribs are rusted together, then by afternoon my hips are locking up and i can’t sit through a work shift without standing in the hallway every 10 minutes. biologics got delayed by insurance, my gp won’t do anything beyond naproxen, and i’m tired of being told to do yoga like that magically fixes structural pain. i asked about medical marijuana mostly because i’m desperate for sleep, not because i expect a miracle. if anything, i just want one decent night without jolting awake every hour. right now i feel like my whole life is shrinking around this disease and i don’t know what to do next.",1
synth::trad::2::0045::2,,synthpost::trad::2::0045::2,2,weed,"so tired of this. i have ra and a bunch of other nonsense going on and this flare has knocked me flat for 3 weeks. my knees feel like they’re full of gravel, my hands are so stiff i can’t button shirts, and i’ve missed more work than i can afford. i tried a new med plan but the side effects made me nauseous and dizzy, so now i’m back to barely surviving on ibuprofen and ice packs. a friend suggested weed for pain and sleep, but honestly i’m just annoyed that i’m at the point where random internet advice feels more helpful than my actual doctors. i’m not even looking for a cure, just something that makes me feel human for a few hours.",1
synth::trad::2::0045::3,,synthpost::trad::2::0045::3,2,thc,"35f, lupus, and i hate how unpredictable this disease is. some days i can manage, then out of nowhere i get crushing fatigue, joint pain in my hands and ankles, and this weird burning sensation in my skin like i have the flu and got hit by a truck at the same time. my rheum says my bloodwork is ""not too bad"" which is apparently supposed to make me feel better, but it doesn’t when i can’t get through the grocery store without needing to sit on the floor. i tried a low dose thc gummy for sleep because i was desperate and it mostly just made me anxious about how bad my symptoms are getting. i’m discouraged, angry, and honestly kind of grieving the person i was a year ago.",1
synth::trad::2::0045::4,,synthpost::trad::2::0045::4,2,cannabis,"i’m sorry if this sounds like a rant, but i need to get it out somewhere people might understand. i have seronegative ra and my flare this month has been brutal: swollen fingers, burning shoulders, jaw pain, and zero energy. i’ve been bounced between meds, told to be patient, and now my rheumatology follow-up got pushed back again for six weeks. the only reason i’m even functioning at all is because i’m overusing otc pain meds and getting terrible stomach pain from them. i looked into cannabis because i’m running out of ideas, but even that feels like another expensive thing to try and pray works. i’m just so worn down by the whole process. it feels like every appointment ends with me leaving more defeated than when i went in.",1
synth::trad::2::0046::0,,synthpost::trad::2::0046::0,2,cbd,"just had one of those weeks where every little thing sets my joints off. hands, ribs, hips, all of it. i'm on hydroxychloroquine and naproxen, plus i’ve been trying cbd at night because i’m desperate for sleep, but honestly i still wake up feeling like i got hit by a truck. the fatigue is somehow worse than the pain lately. i keep telling myself this is just a flare and it will pass, but it feels endless and i'm getting really worn down by the whole cycle.",1
synth::trad::2::0046::1,,synthpost::trad::2::0046::1,2,weed,"does anyone else feel like their body just stops cooperating for no reason? i have ra and lately even standing long enough to make dinner is a battle. my knees ache, my wrists burn, and my back is locked up every morning. i’ve been using weed to get through the evenings, but it barely touches the deep ache anymore. i’m frustrated because i’m trying to work, parent, and act normal and i’m failing at all three. i’m so tired of pretending this is manageable.",1
synth::trad::2::0046::2,,synthpost::trad::2::0046::2,2,cannabis,"i’m losing patience with my treatment plan. my rheum wants me to “give it more time,” but i’ve been in a flare for months and i can’t tell if anything is helping or if i’m just limping along. i can’t take nsaids anymore because of my stomach, so i’ve been leaning on cannabis when the pain spikes. it takes the edge off sometimes, but the stiffness and exhaustion are still there every single day. i feel like i’m just waiting for my life to start back up.",1
synth::trad::2::0046::3,,synthpost::trad::2::0046::3,2,thc,"anyone else get absolutely wrecked after a bad night? i have ankylosing spondylitis and if i sleep wrong, the next day is basically ruined. my lower back, si joints, neck, everything is on fire. i tried thc a few times for pain and sleep, but half the time i just feel foggy and anxious and still in pain. i’m angry because i’m doing everything “right” and i still can’t get a normal morning, let alone a normal day.",1
synth::trad::2::0046::4,,synthpost::trad::2::0046::4,2,medical marijuana,"i’m at that point where i’m dreading every single appointment because i’m tired of hearing that my labs look “not that bad” while i can barely open jars or get out of bed without help. seronegative inflammatory arthritis has taken over my routine and i hate how small my world has become. meds have been a mess, prednisone helps then backfires, and medical marijuana is the only thing that sometimes lets me eat or sleep a few hours. it’s not fixing anything though. i’m just exhausted, discouraged, and scared this is going to keep getting worse.",1
synth::trad::2::0047::0,,synthpost::trad::2::0047::0,2,cbd,"i'm honestly at the end of my rope with this flare. my hands are so swollen in the mornings that i can barely open a water bottle, and by evening my knees feel like they've been filled with gravel. i've been on plaquenil for months, plus naproxen when my stomach allows it, and it still feels like i'm just existing from one pain spike to the next.

i bought some cbd gummies and a topical cbd roll-on because everyone online keeps acting like it's some magical fix, but so far it has done basically nothing except cost me money. maybe it takes the edge off by 2%? hard to tell. i'm tired of trying little experiments and getting nowhere. i just want one day where my body isn't angry for no reason. anyone else feel like they keep getting sold hope in a bottle?""},{",1
synth::trad::2::0047::1,,synthpost::trad::2::0047::1,2,thc,"does thc make anyone else's brain feel like it's wrapped in wet cotton? i tried a very small dose last night because my rib pain and back spasms were keeping me up, and instead of relaxing i ended up more confused, nauseous, and weirdly panicky. the pain didn't even improve much, which was the whole point.

what's especially frustrating is that the meds i'm actually supposed to be relying on seem to be failing too. i'm on prednisone right now while waiting for rheumatology to decide what the next step is, and the steroid helped for maybe three days before everything came roaring back. i feel like i keep chasing temporary fixes while my joints keep getting worse in the background. it is exhausting and honestly kind of humiliating. i just wanted sleep.",1
synth::trad::2::0047::2,,synthpost::trad::2::0047::2,2,weed,"my doctor keeps telling me to ""manage stress"" like that will magically stop my shoulders from locking up and my ankles from feeling full of broken glass. i've got an hla-b27 positive diagnosis and the fatigue is honestly worse than the pain some days. i work a desk job and still come home feeling like i ran a marathon.

people in my family keep suggesting weed because it helps them with everything under the sun, but when i tried it the only thing it did was make me more aware of how miserable i already am. i hate that i sound bitter, but i am. every new flare seems to take another chunk out of my life and nobody around me really gets how relentless this is.",1
synth::trad::2::0047::3,,synthpost::trad::2::0047::3,2,medical marijuana,"just venting because i had my hopes up way too high. after months of waiting, i finally got approved for medical marijuana and figured maybe i'd get at least a little relief from the burning pain in my wrists and the deep ache in my hips. instead the first product made me dizzy and the second one barely touched anything except my appetite.

meanwhile i'm still missing work, still trying to keep up with house stuff, and still waking up at 3am feeling like i've been hit by a truck. my rheum says my labs are ""not terrible"" so everyone acts like i should be grateful, but living like this is not okay. i'm so tired of people treating pain like it's exaggerated just because i don't look sick enough.",1
synth::trad::2::0047::4,,synthpost::trad::2::0047::4,2,cannabis,"has anyone had cannabis actually make inflammation worse? i know people swear by it, but every time i try anything with it, i feel sort of off and then my joints seem even more irritated the next day. maybe it's coincidence, but it keeps happening enough that i'm reluctant to touch it again.

my biggest problem right now is my feet. the bottoms burn, my toes ache, and by the end of the day it feels like i'm walking on bruised bones. i've already switched shoes, cut back hours at work, and i'm taking the meds my rheumatologist prescribed, but none of it is really giving me my life back. i guess i'm just frustrated that there are so many things people say ""should"" help and then they don't.",1
synth::trad::2::0048::0,,synthpost::trad::2::0048::0,2,cbd,"i'm honestly at my wits end. my rheum thinks i have early psoriatic arthritis but the pain has been getting worse for months and every new med seems to either do nothing or make me feel like garbage. mornings are the worst - hands like claws, knees stiff, and by afternoon i'm wiped out from just trying to function at work. i've tried heat, rest, stretching, the whole routine. even cbd oils and gummies barely take the edge off, and i hate that i'm spending money on things that don't really help. i'm only 29 and i feel like i'm watching my life shrink into doctor appointments and flare days. if anyone has found a way to get through the constant ache without wrecking their stomach, i'd love to hear it. i just want one normal week again.",1
synth::trad::2::0048::1,,synthpost::trad::2::0048::1,2,weed,"does anyone else feel completely lost after a flare that just won't settle down? i was doing okay-ish on my biologic and then out of nowhere my back, ribs, and hips flared so hard i couldn't sleep for three nights. i ended up calling out of work again today because i could barely get off the couch. i've been using weed on and off for a while, but lately it only makes me sleepy and still hurts when i wake up. the exhaustion is the part that really gets me. people keep saying to 'stay active' and 'keep positive' and i know they mean well, but i'm barely hanging on some days. i miss being able to plan anything. now i just pray i can shower before i crash. this disease has taken over everything.",1
synth::trad::2::0048::2,,synthpost::trad::2::0048::2,2,thc,"i'm having a rough one and needed to vent somewhere people might get it. my hands are swollen, my shoulders are burning, and i can barely hold a mug without shaking. my doctor changed my meds again but the side effects are already hitting me hard - nausea, headaches, and this weird fog where i can't remember what i'm doing mid-sentence. thc helped a little before, but lately even that doesn't touch the deep joint pain or the awful fatigue. it's so frustrating because every time i think i might be turning a corner, something else breaks down. i had to cancel plans with family for the third time this month and i feel like i'm just disappointing everybody. i'm tired of pretending i'm okay when i'm really just trying to make it through the day.",1
synth::trad::2::0048::3,,synthpost::trad::2::0048::3,2,medical marijuana,"has anyone else had a doctor act like you're inventing things because your labs look 'not that bad'? i've been dealing with severe morning stiffness, lower back pain, and random tendon pain for over a year, and it's gotten to the point where i need help opening jars some days. the part that gets me is how dismissive people are when you don't fit the textbook picture. i brought up medical marijuana at my last visit because the pain meds aren't enough and they made this face like i was asking for something ridiculous. i'm not trying to get high, i just want to sleep more than two hours and maybe walk around the grocery store without feeling like i've been hit by a truck. it's exhausting having to prove you're miserable enough to deserve treatment.",1
synth::trad::2::0048::4,,synthpost::trad::2::0048::4,2,pot,"just wanted to say that i'm having one of those weeks where everything feels like too much. my wrists are on fire, my ankles feel unstable, and the fatigue is so bad i'm falling asleep after work at 7 pm and still waking up exhausted. i tried pot a few nights ago hoping it would help with pain and maybe calm my nerves, but all it did was make me hyperaware of how much my body hurts. i know some people get real relief from it and i'm glad for them, but i'm really jealous at this point. i keep bouncing between specialists and still don't have a clear answer, which somehow makes me angrier than the pain itself. i'm just so over being young and feeling ancient.",1
synth::trad::2::0049::0,,synthpost::trad::2::0049::0,2,thc,"i am honestly at the end of my rope with this damn disease. i have sle and inflammatory arthritis and the last few months have been one flare after another. my hands are swollen, my shoulders feel like they’re packed with concrete, and i’m barely sleeping because any position hurts. my rheum keeps adjusting meds but nothing has kicked in yet, so i’ve been leaning on heat, prednisone tapers, and thc gummies at night just so i can get a few hours of rest. they take the edge off, but i hate feeling foggy and useless the next morning. work has turned into me hiding in the bathroom to cry and then pretending i’m fine. i’m tired of people telling me to just “stay positive” or “exercise more” like that’s somehow going to fix joint inflammation. i miss being able to cook, clean, and go out without planning every move around pain. if anyone has found anything that helps with the constant stiffness while waiting for meds to work, i’d love to hear it. right now i mostly just feel angry and defeated.",1
synth::trad::2::0049::1,,synthpost::trad::2::0049::1,2,cbd,"i feel like such a mess lately. i have ra and fibro and i’m in one of those stretches where everything hurts at once: feet, wrists, neck, jaw, even my ribs when i breathe too deep. i’ve been trying to avoid another steroid course, so i started using cbd again along with naproxen and a heating pad, but honestly it’s barely doing anything. the worst part is how unreliable my body has become. one day i can manage the grocery store, the next day i’m stuck on the couch trying not to panic because my hands won’t open enough to hold a cup. my family keeps asking why i’m still flaring if i’m “taking care of myself,” which is incredibly frustrating because i am trying. i’m trying to rest, trying to eat better, trying to keep up with appointments, and it still feels like i’m losing. i’m not looking for miracle cures, just venting because i’m so exhausted from the nonstop pain and the guilt that comes with it.",1
synth::trad::2::0049::2,,synthpost::trad::2::0049::2,2,medical marijuana,"has anyone else had the experience where medical marijuana helps some of the pain but makes everything else feel more complicated? i have psoriatic arthritis and i’m currently waiting on insurance to approve the next biologic, which is apparently taking forever. meanwhile my knees and ankles are so swollen that i can barely make it through a work shift, and i’m doing the usual rotation of otc meds, ice, compression, and trying not to cry in public. i was hoping medical marijuana would at least help me sleep and eat, but sometimes it just makes me more aware of how bad the flare is once it wears off. i’m frustrated because i want to function, not just get through the night. my doctor is sympathetic but not especially helpful beyond “hang in there until the med gets approved.” meanwhile i’m missing family stuff, falling behind at work, and feeling like i’m disappearing into this disease. if anyone has tips for managing the pain while waiting on treatment, i’d really appreciate it.",1
synth::trad::2::0049::3,,synthpost::trad::2::0049::3,2,weed,"not really looking for advice i guess, just needed to say this somewhere where people might get it. i have ankylosing spondylitis and the fatigue is what’s crushing me more than anything lately. the pain is bad, sure, but the bone-deep exhaustion is what makes me feel like i’m 90 years old. i’ve been using weed at night because it’s the only thing that sometimes lets me shut my brain off, but i’m still waking up stiff and miserable. i keep trying to do the “right” things — stretching, walking, sleeping early, taking my meds on time — and i still end up feeling like i got hit by a truck. my friends keep inviting me out and i keep saying no because i don’t have the energy to fake being okay anymore. i’m annoyed, sad, and honestly kind of embarrassed by how much this disease has taken over my life. i hate that every plan now has to be measured against pain, fatigue, and whether i can sit or stand long enough to do it.",1
synth::trad::2::0049::4,,synthpost::trad::2::0049::4,2,cannabis,"i’m having one of those weeks where nothing is working and i’m getting really discouraged. i have ra plus pretty bad tendon pain in my feet and wrists, and i’ve been trying to get through it with anti-inflammatories, braces, hot showers, and cannabis at night. it used to help me relax enough to sleep, but lately even that feels hit or miss. the pain wakes me up around 3 a.m. and then i just lie there staring at the ceiling, spiraling because i know i have to be up for work in a few hours. my rheumatologist wants to change my meds again, which means another round of waiting, side effects, and hoping this one doesn’t fail too. i’m so tired of living in the gap between appointments while my joints keep getting worse. people always act like chronic illness is just about being in pain, but for me it’s also the constant disappointment of trying things, getting a little hope, and then having it disappear. i’m sorry this is so negative, i just needed to vent to people who understand.",1
synth::trad::2::0050::0,,synthpost::trad::2::0050::0,2,cbd,"i'm honestly at the end of my rope. i've been dealing with what my gp now thinks is inflammatory arthritis for over a year and every month it feels like my body invents a new way to hurt. wrists, knees, ankles, neck, all of it. mornings are the worst because i wake up already exhausted, stiff, and annoyed that i have to 'warm up' just to walk to the bathroom.

i tried cbd oil for a few weeks because i kept seeing people say it took the edge off, but it didn't touch the deep ache or the fatigue. maybe it helped me sleep a little? hard to tell when i'm barely sleeping anyway. i'm waiting on rheumatology and it's taking forever. i keep getting told to stretch, rest, walk, eat better, blah blah, but none of it changes the fact that i feel 80 at 29. just needed to vent because i'm so tired of feeling dismissed and broken.",1
synth::trad::2::0050::1,,synthpost::trad::2::0050::1,2,medical marijuana,"has anyone else had zero luck getting their doctors to take pain seriously until you mention medical marijuana? i have psoriatic arthritis and it's been a constant battle just to get through work and basic chores. nsaids upset my stomach, prednisone makes me a miserable insomniac, and the biologic i'm on is helping maybe 20% if i'm being generous.

i asked my rheum about medical marijuana for sleep and pain and she kind of shrugged like i was asking for something ridiculous. meanwhile i'm sitting here with burning hands and hips that feel jammed up all night. i'm not looking to get high, i just want one normal evening without pacing my apartment because lying down hurts too much. everything about this disease is exhausting.",1
synth::trad::2::0050::2,,synthpost::trad::2::0050::2,2,thc,"rheum says my labs are 'mild' so i must be doing okay. lol. i can barely climb stairs some days and my SI joints feel like they are sawing through my spine. i started using thc gummies at night because i was desperate for sleep, but all it really does is make me a little less aware that i'm hurting. the pain is still there when i wake up, plus i feel groggy and useless.

what's really getting to me is how inconsistent everything is. one week i can function-ish, the next i'm limping around like i got hit by a truck. i keep hoping the meds will kick in, but so far i'm just collecting side effects and copays. this whole thing is making me angry and sad in equal measure.",1
synth::trad::2::0050::3,,synthpost::trad::2::0050::3,2,weed,"i hate that i even have to think about weed as part of my treatment because i used to be the person who rolled my eyes at it. now i'm 34, dealing with probable ankylosing spondylitis, and i'm just trying not to cry in the shower from rib pain. nothing in my back feels stable anymore.

my doctor keeps saying 'let's wait and see' while i'm losing sleep, missing family stuff, and making excuses at work because sitting hurts too much. i tried weed a couple nights to see if it would help with the inflammation and it mostly just made me realize how bad i actually feel once i can finally sit still. not much of a victory. i'm frustrated, scared, and sick of pretending i'm fine.",1
synth::trad::2::0050::4,,synthpost::trad::2::0050::4,2,marijuana,"quick question for people with ra or lupus: has marijuana actually helped your day-to-day pain, or does it just distract you for a bit? i'm asking because i'm trying to avoid another med that wrecks my stomach. i've already had to stop one nsaid and my joints are still swollen, tender, and angry all the time.

this past month has been miserable. i can work maybe half a day before my hands start throbbing and my knees feel like they are full of sand. by evening i'm wiped out but too sore to relax. i feel like every answer i get is 'give it more time,' and i'm so sick of time. i don't want a miracle, just something that makes life slightly less punishing.",1
synth::trad::2::0051::0,,synthpost::trad::2::0051::0,2,cbd,"i'm at the point where i'm not even sure what is lupus and what is just my body falling apart. the fatigue has gotten so bad i can barely shower without needing to lie down, my hands swell up in the morning, and my knees feel like they're full of gravel. every appointment feels like a gamble because some doctors act like i'm exaggerating or just anxious. i've tried ibuprofen, heat, stretching, the whole routine. cbd helped me a tiny bit with sleep for maybe a week, then nothing. i'm so tired of paying for things that barely take the edge off. if anyone has any ideas for dealing with constant pain while waiting on rheum, i'm all ears because right now i'm just frustrated and scared.",1
synth::trad::2::0051::1,,synthpost::trad::2::0051::1,2,thc,"bad flare week and i am losing my mind. my wrists, ankles, jaw, and shoulders are all on fire, and the brain fog is so bad i keep walking into rooms and forgetting why i went there. my rheum won't see me until next month, but my gp keeps telling me to 'relax' like that fixes anything. i tried thc gummies because people keep saying they help with pain, but all they did was make me anxious and more aware of how miserable i feel. i know i'm supposed to stay hopeful but it's hard when every day is pain, nausea, and sleeping for two hours at a time. does anyone else get this kind of full-body nonsense during flares? i feel like i'm barely hanging on.",1
synth::trad::2::0051::2,,synthpost::trad::2::0051::2,2,marijuana,"has anyone else had doctors just completely dismiss obvious symptoms? i brought up the mouth ulcers, chest pain, and the weird rashes that come and go, and was told it was probably stress and poor posture. meanwhile i can barely open jars and my fingers look like little sausages by evening. i mentioned i stopped using marijuana a while back and the nurse acted like that was the most interesting thing i'd said, then somehow the conversation turned into them telling me maybe i just need more sleep. it is exhausting being treated like a nuisance when you know something is wrong. i'm not asking for a miracle, just an actual workup for what might be causing all this.",1
synth::trad::2::0051::3,,synthpost::trad::2::0051::3,2,weed,"i'm honestly angry at how much my life has shrunk. before this started i worked full time, went hiking, and had plans. now i'm calculating whether i have enough energy to do one load of laundry. the latest fun symptom is this burning pain in my feet and hands that gets worse at night, and the stiffness in my neck is unreal. i tried weed for sleep because i was desperate, but it mostly just made me groggy and still in pain the next morning. i hate that i'm becoming one of those people who cancels everything last minute, but i don't really have a choice. i just want one doctor to take the whole picture seriously instead of treating each symptom like it's unrelated.",1
synth::trad::2::0051::4,,synthpost::trad::2::0051::4,2,medical marijuana,"i feel like i am constantly choosing between side effects and suffering. plaquenil upset my stomach so badly i could barely eat, naproxen wrecked my reflux, and steroids made me feel like a shaky angry ghost. my rheumatologist says there is inflammation but isn't sure yet where i fit diagnosis-wise, so i am stuck in this awful limbo. i asked about medical marijuana for pain and sleep and got a lecture instead of an answer. what i'm really dealing with now is the exhaustion, the burning in my hands, and the weird low-grade fevers that keep showing up when i think i'm doing a little better. i'm just so discouraged because every solution seems to create two new problems.",1
synth::trad::2::0052::0,,synthpost::trad::2::0052::0,2,cbd,"i'm honestly at the end of my rope tonight. i've got psoriatic arthritis and a new rash on top of joints that already feel like they're full of glass. my rheum appointment got pushed out again, and the only thing my primary told me was to keep taking naproxen even though my stomach is yelling at me. i started trying cbd oil a week ago because a friend swore it helped her, but i don't think i've noticed anything except being poorer. i'm sleeping like garbage, i'm crying for no reason, and i feel like every small task is turning into a whole event. does anyone else get this weird all-over ache that feels bigger than the joint pain? i keep wondering if i'm just being dramatic, but i'm so tired of pretending i'm okay when i'm clearly not.",1
synth::trad::2::0052::1,,synthpost::trad::2::0052::1,2,thc,"quick vent because i'm exhausted and a little scared. i have lupus and for the last month my hands have been swelling so badly i can't open jars or even hold a toothbrush without wincing. prednisone helped for like three days and then the side effects hit me like a truck, so now i'm back to being foggy, shaky, and angry. i tried a thc gummy one night hoping it would take the edge off and instead i spent two hours convinced my heart was doing something weird. not fun. i know everyone says to relax and reduce stress, but how am i supposed to relax when i'm stuck waiting for labs, waiting for referrals, waiting for some doctor to tell me if this is 'just a flare' or something worse? i'm just so over it.",1
synth::trad::2::0052::2,,synthpost::trad::2::0052::2,2,weed,"i'm feeling incredibly discouraged. i've been dealing with inflammatory back pain for over a year and i keep getting bounced around between doctors like nobody wants to own the problem. every test seems to come back 'mostly normal' and meanwhile i can barely sit through a work shift without feeling like my pelvis is on fire. i started using weed at night because i was desperate for sleep, but now it's basically the only way i can get more than 4 hours, which makes me feel weirdly dependent and honestly kind of sad. i miss being able to go for a walk without needing a heat pack, a nap, and a mental pep talk afterward. if anyone has found something that helps with the fatigue specifically, i'd really appreciate hearing it, because that part is what is ruining me the most.",1
synth::trad::2::0052::3,,synthpost::trad::2::0052::3,2,medical marijuana,"anyone else hate that every new symptom just adds another layer of nonsense? i have ra and sjogren's, and lately i've been getting these awful mouth sores, dry eyes, and a deep bone-tired feeling that doesn't budge no matter how much i sleep. my doctor changed my meds again, but the side effects are making me nauseous and i still hurt everywhere. i got a medical marijuana card because i was hoping it would at least help me eat and calm down enough to rest, but half the time it just makes me more aware of how miserable i am. i'm not looking for miracles, i just want one decent day without feeling like my body is actively fighting me. does anyone have any real-life tips for getting through a bad stretch like this?",1
synth::trad::2::0052::4,,synthpost::trad::2::0052::4,2,cannabis,"i don't usually post, but i'm having a rough go and feel a little lost. i was diagnosed with ankylosing spondylitis last year and i thought getting a label would make things make sense. instead i've got constant stiffness, rib pain when i breathe too deep, and a level of fatigue that makes brushing my hair feel like a workout. i've tried pt, hot showers, stretching, meloxicam, the whole routine. my partner suggested cannabis for the pain, but i don't even know where to begin and i'm scared of making my anxiety worse. what really gets me is how isolated this feels; everybody sees me walking around and assumes i'm okay, but by 2 pm i'm usually counting the minutes until i can lie down. i'm frustrated, embarrassed, and weirdly angry at my own body. if you've been here, i'd love to know how you kept from spiraling while you were still waiting on treatment to work.",1
synth::trad::2::0053::0,,synthpost::trad::2::0053::0,2,cbd,"i'm honestly at the end of my rope today. i've got seronegative ra and even getting dressed feels like a full-body event now. my fingers are swollen, my knees sound like a bag of gravel, and by noon i'm already exhausted enough to cry in my car before work. people keep telling me to try cbd like it's some magic fix, but i've been using it for months and all it's done is make my wallet lighter. i'm still on methotrexate and prednisone tapers, and i hate that the steroids help just enough to remind me what normal felt like before everything got bad again. i'm 34 and i keep having to cancel plans, pretend i'm fine at work, and then fall apart when i get home. i don't know how people do this long term. i feel old, useless, and weirdly guilty all the time for being sick.",1
synth::trad::2::0053::1,,synthpost::trad::2::0053::1,2,cannabis,"does anyone else get this weird mix of anger and grief when a flare just keeps dragging on? i have psoriatic arthritis and the last month has been joint pain, brain fog, and zero sleep. i can barely open jars, my wrists hurt just from typing, and standing at the sink to wash dishes feels ridiculous. the worst part is i keep having to choose between pushing through and paying for it later or lying down and feeling like my life is shrinking. cannabis helps me take the edge off sometimes, but it doesn't touch the fatigue or the miserable feeling that my body is falling apart faster than my doctors can keep up. i had hoped the biologic would turn things around more than this. instead i'm just sitting here feeling frustrated and scared that this is as good as it gets.",1
synth::trad::2::0053::2,,synthpost::trad::2::0053::2,2,marijuana,"i have a rheum appointment next week and i'm dreading it because i know i'm going to leave feeling dismissed again. i've had inflammatory back pain for years, but the last few months it's spread into my ribs, hips, and even my jaw. mornings are awful. i wake up stiff, shuffle around like i'm 90, then spend the rest of the day trying not to look miserable in front of everyone. i tried taking an anti-inflammatory approach, stretching, heat, walking, all the stuff, and i'm still barely functioning. marijuana has been the only thing that lets me sleep some nights, but that's not fixing the actual problem. i'm terrified they're going to tell me to 'wait and see' again while my life keeps getting smaller.",1
synth::trad::2::0053::3,,synthpost::trad::2::0053::3,2,weed,"having one of those weeks where every little thing feels impossible. i have lupus, my labs have been a mess, and i can feel a flare building in my chest and joints like a storm rolling in. i dropped a mug this morning because my hands were too shaky to hold it, then spent half an hour sitting on the floor crying because i was too tired to even clean it up. weed used to help me with nausea and sleep, but lately it just makes me anxious and reminds me that i'm not in control of my own body. i'm sick of pretending i'm okay for other people. i'm sick of hearing 'at least it's not cancer' like that's supposed to help. i just want one week where i don't hurt everywhere.",1
synth::trad::2::0053::4,,synthpost::trad::2::0053::4,2,medical marijuana,"i'm 29 and was diagnosed with sjogren's and inflammatory arthritis a little over a year ago. since then i've lost count of the number of appointments, labs, and medication changes i've gone through. some days i feel like my entire life is just waiting rooms and pharmacy runs. the dryness, joint pain, and fatigue are one thing, but the constant nausea from meds and the inability to sleep are making me spiral. my doctor suggested medical marijuana for appetite and pain, and maybe it helps some people, but i'm nervous about trying anything new when my body already reacts to everything. i feel trapped between side effects and symptoms, and honestly i'm exhausted from being brave about it. i just want to cry and be done with all of this for a minute.",1
synth::trad::2::0054::0,,synthpost::trad::2::0054::0,2,cbd,"i'm honestly at my wits end with this flare. my joints are swollen, my hands feel like claws in the morning, and i'm getting maybe 3 hours of broken sleep if i'm lucky. i've tried heat, ice, stretching, topical diclofenac, prednisone tapers, the whole sad circus. i started taking cbd gummies at night because i was desperate for something gentle, but it barely does anything except make me more annoyed that i spent money on it. i have a rheum follow-up next week and i'm already dreading it because every appointment feels like 'well, let's wait and see.' i can't keep functioning like this. has anyone found anything that actually helps with night pain when you can't take nsaids?",1
synth::trad::2::0054::1,,synthpost::trad::2::0054::1,2,marijuana,"ra has turned my life into a constant negotiation with pain. i used to work full time and go to the gym, now i plan my day around whether my wrists and knees will let me shower without crying. i tried marijuana because several people swore it helped them sleep and made the ache more manageable. all it did for me was make me tired and weirdly aware of how bad everything still felt. i'm not asking for a miracle, i just want enough relief to make it through work without feeling like i’m dragging my body behind me. biologic is still not kicking in and i’m so tired of hearing 'give it time.'",1
synth::trad::2::0054::2,,synthpost::trad::2::0054::2,2,thc,"does anyone else feel like their doctors just run out of ideas and start shrugging? i have suspected sjogren's with a pile of symptoms that keep getting dismissed as anxiety, even though my mouth is dry, my eyes burn, my fingers hurt, and i'm exhausted all the time. i tried a thc tincture because i can't tolerate a lot of meds and i figured maybe it would help me sleep. it mostly just gave me a headache and then i woke up at 4am anyway, feeling like i'd been hit by a truck. i'm frustrated, scared, and pretty much out of patience. if anyone has dealt with brutal fatigue and pain without being able to tolerate standard meds, what did you do?",1
synth::trad::2::0054::3,,synthpost::trad::2::0054::3,2,weed,"i'm having one of those weeks where every single thing seems to be going wrong at once. my flare is bad, my rheumatologist appointment got pushed out another two months, and my insurance denied the med my doctor wanted to try. the pain in my feet is so bad i can barely make it through a grocery store. i was hoping weed might take the edge off, but it didn't do much except make me feel gross and remind me that i'm still stuck in this body that hurts all the time. i hate how much energy i spend just trying to stay afloat. sorry, just needed to vent because i feel like i'm losing it a little.",1
synth::trad::2::0054::4,,synthpost::trad::2::0054::4,2,medical marijuana,"i'm so discouraged i could scream. i have mixed connective tissue disease and fibromyalgia, and between the fatigue, muscle pain, and brain fog i feel like a shell of who i used to be. my pain clinic mentioned medical marijuana as an option, so i tried getting set up through the dispensary route, but the process has been a mess and the cost is absurd. meanwhile i still can't sleep, i still wake up stiff, and i still can't get through a workday without counting the minutes until i can sit down. people keep telling me to stay positive, but it's hard when every month brings another bill and another med that doesn't help or makes me sick. has anyone else just completely burnt out from trying to manage all this?",1
synth::trad::2::0055::0,,synthpost::trad::2::0055::0,2,cbd,"i'm so over people acting like cbd is some magic fix for everything. i have psoriatic arthritis, sjogren's and nerve pain, and i've tried the creams, gummies, the whole thing. all it did was make me spend money and still wake up stiff enough to feel 90. my hands are swollen before i even get out of bed and my ankles feel like they belong to somebody else. meanwhile everyone in my family keeps saying 'just try cbd' like i haven't already done that 10 times. i'm not against natural stuff, but i'm tired of being talked to like i'm refusing help when what i really need is a med that actually works. why does every conversation turn into another supplement lecture?",1
synth::trad::2::0055::1,,synthpost::trad::2::0055::1,2,medical marijuana,"i finally brought up medical marijuana to my rheum because i'm desperate for something that helps on the nights the pain won't let me sleep. instead of hearing me out, she acted like i was asking for something ridiculous and kept telling me to 'just stay active' even though walking from the bedroom to the kitchen feels like a workout some days. i'm angry because i wasn't looking for a miracle, just an option that might take the edge off while i wait for my biologic to kick in. the whole appointment left me feeling brushed off and honestly kind of embarrassed. has anyone else had a doctor be weirdly dismissive about it?",1
synth::trad::2::0055::2,,synthpost::trad::2::0055::2,2,weed,"my flare has been going on for weeks and i'm getting real sick of the cycle where i work all day, come home, and collapse because my back, wrists, and knees are on fire. the only thing people in my life seem interested in talking about is weed, as if that's going to solve the fact that i can barely open jars or sleep through the night. i don't even care if somebody else gets relief from it, good for them, but i'm annoyed that every time i say i'm in pain someone turns it into a conversation about smoking instead of asking how i'm actually doing. i'm exhausted, frustrated, and pretty fed up with all the casual advice.",1
synth::trad::2::0055::3,,synthpost::trad::2::0055::3,2,thc,"anyone else feel like thc just gets thrown at us whenever we mention chronic pain? i have ra and neuropathy and i swear i've heard 'try thc' more times this month than i've heard from my actual doctor. i am not looking to be high, i am looking to be able to get dressed without crying and maybe sleep for more than 3 hours at a time. i'm also taking methotrexate and a few other meds, so i'm not exactly eager to experiment with random stuff people on facebook swear by. between the pain, the fatigue, and the nonstop suggestions, i'm just worn out. i wish people would understand that i'm already trying everything my rheum will prescribe.",1
synth::trad::2::0055::4,,synthpost::trad::2::0055::4,2,pot,"i had my follow-up today and left feeling even worse than when i walked in. labs are still a mess, my joints are flaring, and my doctor basically told me to 'be patient' while i'm over here missing work and struggling to hold a coffee mug. then my aunt starts in again about pot like i haven't heard that sermon a hundred times already. i know people mean well, but i'm so tired of getting advice from everyone except the people actually treating my disease. i'm not trying to be difficult, i just want less pain and a plan that doesn't involve more waiting and more guessing. this whole thing is draining.",1
synth::trad::2::0056::0,,synthpost::trad::2::0056::0,2,cbd,"is anyone else just... exhausted by all of this? i've been chasing answers for 4 years and finally got a probable sjogren's/lupus overlap workup going, but the waiting is killing me. i hurt everywhere, my hands swell up like little balloons, and i wake up feeling like i got hit by a truck. i've tried nsaids, heat, stretching, electrolytes, and now cbd drops because i was desperate enough to try whatever people swear by. it takes the edge off for maybe an hour and then i'm right back to being stiff, nauseous, and weirdly shaky. my rheum appointment got pushed out again and i just sat in my car and cried after the call. i know there are people worse off than me but this is really wearing me down. does anyone have anything that actually helps with the pain/fatigue spiral? i'm starting to feel pretty hopeless.",1
synth::trad::2::0056::1,,synthpost::trad::2::0056::1,2,medical marijuana,"long time lurker, first time posting because i'm at my limit. i've got seronegative inflammatory arthritis and suspected connective tissue disease, plus a lovely side order of anemia that makes everything feel 10x harder. the meds have been a mess: prednisone makes me feel insane, methotrexate nuked my stomach, and the biologic is doing basically nothing so far. the only thing that has let me sleep through the night even once in a while is my medical marijuana card, but it doesn't fix the swelling in my knees or the brain fog or the way i keep cancelling plans because i can barely get off the couch. i'm so tired of people saying 'just keep trying' like i'm not already doing that. i just want one day where my body doesn't feel like an enemy.",1
synth::trad::2::0056::2,,synthpost::trad::2::0056::2,2,thc,"anyone here have issues with appetite completely disappearing from meds? i have lupus and gastroparesis and i've lost way too much weight without trying. food just sits there, then i get nauseous, then i don't eat, then i feel weaker, and the cycle keeps going. my doctor suggested protein shakes and bland foods, which i appreciate, but honestly i'm still struggling. i tried thc gummies because i heard they could help with nausea and appetite, and all they did was make me sleepy while i still couldn't stand the smell of dinner. i feel pretty defeated because even small meals are becoming a full-time job. has anyone found anything that actually helps them keep weight on when eating feels impossible?",1
synth::trad::2::0056::3,,synthpost::trad::2::0056::3,2,weed,"i'm so frustrated i could scream. i have ankylosing spondylitis and the pain has been ramping up for months, especially in my hips and lower back. mornings are awful, nights are worse, and the fatigue is making me useless at work and at home. i've been rotating naproxen, tylenol, hot baths, lidocaine patches, stretching, and honestly weed has been the only thing that makes me stop clenching my teeth for a couple hours. but i'm still waking up at 3am stiff as a board and dreading the day before it even starts. my rheumatologist keeps saying 'we're monitoring it' while i feel like i'm actively losing my life to this disease. i hate sounding dramatic but i'm just done today.",1
synth::trad::2::0056::4,,synthpost::trad::2::0056::4,2,pot,"feeling really low tonight. i was hoping the new biologic would finally turn things around for my ra, but after 3 months i'm still swollen, achy, and barely making it through the workday. my wrists look like they belong to someone twice my age, and i keep dropping things because my grip is garbage. i tried pot a few times on rough evenings and it helped me sleep, but it doesn't do much for the actual inflammation, and the next morning i still have to get up and pretend i'm fine. my family keeps asking if i'm 'better yet' and i don't even know what to say anymore. i'm not looking for miracles, just less pain and maybe a day where i don't feel like i'm falling behind on my own life.",1
synth::trad::2::0057::0,,synthpost::trad::2::0057::0,2,cbd,"does anyone else feel like their body just gives up halfway through the day? i’m 28 and waiting on more labs because rheum thinks it might be psoriatic arthritis or maybe lupus, but meanwhile i’m living on naproxen, heat packs, and sheer stubbornness. my hands hurt so bad in the mornings that i can barely open jars or twist a key, and my knees feel like they’re full of gravel whenever i go upstairs. i started using cbd oil at night because i was desperate for sleep, but all it really does is make me slightly less panicked about being in pain. i’m still waking up exhausted, crying in the shower, and then pretending i’m fine at work. i keep getting told to be patient while they sort out diagnosis and treatment, but i’m scared that by the time they decide what this is, i’ll have lost my job and every ounce of sanity. anyone else stuck in this awful in-between stage?",1
synth::trad::2::0057::1,,synthpost::trad::2::0057::1,2,cannabis,"long rant ahead because i’m honestly at my breaking point. i was diagnosed with ra last year and somehow the meds feel worse than the disease some days. methotrexate made me nauseated for days, prednisone made me feel like i was climbing out of my skin, and now sulfasalazine has me so wiped out i can’t get through a grocery run without sitting in the car for ten minutes after. i use cannabis very sparingly because it helps me eat and sleep a little, but i hate that i have to rely on it just to feel semi-human. my wrists are swollen again, my feet are stiff like i’ve aged 40 years overnight, and my rheum keeps saying we just need to find the right combo. i know that’s supposed to be reassuring, but right now it just sounds like more months of feeling miserable while everyone tells me to stay positive. i’m so tired of being the sick friend. does anyone ever actually get to a stable point with this?",1
synth::trad::2::0057::2,,synthpost::trad::2::0057::2,2,weed,"i feel ridiculous posting this because so many people here have it worse, but i need to get it out somewhere. i’m 35, newly diagnosed with mixed connective tissue disease, and i don’t recognize my own body anymore. one week i can walk a few miles, the next i can’t lift a pan without my fingers locking up. the fatigue is the worst part honestly; it’s not just sleepy, it’s like every cell got unplugged. i’ve tried to keep working, but my brain is foggy and i make stupid mistakes all day. i’ve been using weed at night because it takes the edge off the pain enough to fall asleep, but i wake up feeling like i haven’t rested at all. i had a follow-up this morning and left with more questions than answers. i’m frustrated, scared, and weirdly grieving the life i had six months ago. i know i need to be grateful that this isn’t worse, but right now i just feel broken.",1
synth::trad::2::0057::3,,synthpost::trad::2::0057::3,2,thc,"anyone else with spondyloarthritis feel like the whole process is just one long setback? i got my diagnosis after years of being told it was anxiety, deconditioning, or “probably just stress.” now i’m on a biologic, but i’m still having brutal hip and lower back pain every night and i’m waking up after 3-4 hours because i can’t get comfortable. my stomach hates nsaids, so that’s off the table, and my doctor suggested trying small amounts of thc for sleep and pain. it helps a little, but then i’m groggy the next morning and still not functioning. i’m trying to work full time and act normal around my family, but i’m missing more and more days and my mood is tanking. i keep wondering if the meds are failing or if i’m just not giving them long enough. i’m exhausted from constantly second-guessing everything and i hate feeling like my own body is ruining my life.",1
synth::trad::2::0057::4,,synthpost::trad::2::0057::4,2,medical marijuana,"i’m having one of those nights where i just can’t stop spiraling. i have suspected lupus and a bunch of weird symptoms that have gotten gradually worse over the past year: rashes, hair shedding, chest pain that comes and goes, awful brain fog, mouth ulcers, and joints that feel bruised for no reason. my labs keep being borderline or “not conclusive,” which somehow feels more frustrating than a clear answer. i’m waiting to see rheumatology again, but the appointment is still weeks away and i keep thinking about all the things i can’t do anymore. i had to cut back my hours at work, cancel a trip, and i’m falling behind on everything. medical marijuana is the only thing that sometimes helps me sleep through the pain, but it doesn’t change the bigger picture, which is that i feel like my life is shrinking while everyone keeps saying to wait and see. i don’t know how people stay hopeful through this.",1
synth::trad::2::0058::0,,synthpost::trad::2::0058::0,2,cbd,"i'm 29f with lupus and i honestly don't know how people keep doing this long term. the pain is one thing, but the exhaustion and brain fog are what are wrecking me. i missed two days of work this week because i couldn't get out of bed without feeling like i was going to throw up. i tried cbd gummies for about a month because a friend swore they helped her, but all i noticed was that i spent money i don't have and still woke up aching every morning. my rheum keeps saying we need to ""wait and see"" after adjusting my meds, but waiting is the part i can't handle anymore. i feel like i'm getting blamed for not coping well enough when i'm doing everything i'm supposed to. just needed to vent somewhere people might get it.",1
synth::trad::2::0058::1,,synthpost::trad::2::0058::1,2,weed,"does anyone else feel like their disease has basically taken over every small thing in life? i'm 34 and have psa, and the fatigue is worse than the pain some days. i can deal with stiff fingers and knees, but the constant feeling that i've been hit by a truck is making me useless at home and at my job. i tried weed a few times for sleep and it mostly just made me anxious and hyperaware of every weird sensation in my body. my doctor wants me to be patient with the new biologic, but i've been patient for years. i'm so tired of hearing that this is ""manageable"" when i can barely get through a normal workday.",1
synth::trad::2::0058::2,,synthpost::trad::2::0058::2,2,medical marijuana,"i'm at the point where i don't know what else to do. diagnosed with ankylosing spondylitis, already failed nsaids, and i'm still waking up at 3am with my lower back and ribs feeling locked up. the worst part is how angry and defeated i feel all the time because it keeps stealing normal stuff from me, like being able to sleep through the night or sit through a movie without shifting constantly. medical marijuana was suggested by a relative, but it honestly didn't touch the pain and just left me groggy and more frustrated the next day. my rheumatologist is trying to push for another medication approval, and i'm stuck in this weird limbo where nothing is working and everything hurts.",1
synth::trad::2::0058::3,,synthpost::trad::2::0058::3,2,thc,"i have sjogren's and the dryness alone is miserable, but lately the joint pain and stomach issues have been getting out of control too. i've been bouncing between doctors for months and no one seems to agree on what is causing what. i tried thc at night hoping it would help me relax enough to sleep, but instead i felt foggy and still woke up with my hands burning and my mouth like sandpaper. i know people are trying to help when they say ""at least it's not cancer"" or ""there are worse things,"" but honestly that doesn't make the daily grind any easier. i feel like i'm losing my patience, my energy, and my ability to function one little piece at a time.",1
synth::trad::2::0058::4,,synthpost::trad::2::0058::4,2,cannabis,"venting because i am honestly in a dark place today. i've got ra, my wrists are swollen again, and i spent half the morning crying in the parking lot before work because i couldn't open a bottle of water without pain. my rheum changed my meds three months ago and i'm still flaring like crazy. a coworker told me to try cannabis because it ""works for everyone,"" but i tried it once and all it did was make me more aware of how bad i feel and how behind i'm getting on everything. i'm only 27 and i already feel like i'm constantly apologizing for being sick, late, tired, or useless. i hate that this disease has become the center of my life.",1
synth::trad::2::0059::0,,synthpost::trad::2::0059::0,2,cbd,"i'm kind of at the end of my rope here. i was told my inflammatory markers were ""not that bad"" so my rheum wants to just keep me on naproxen and wait until the next follow-up, but my hands, knees, and jaw have been flaring nonstop for weeks. mornings are brutal, i can barely open a jar, and by evening i feel like i've been hit by a truck. i've tried heat, braces, stretching, diet changes, even cbd gummies because i was hoping something low-key would help. nothing is touching it. i'm also getting this weird chest tightness and fatigue that makes work feel impossible, and every time i call the office i'm told to go to urgent care unless i'm having a true emergency. i know i need to be patient, but it's hard not to feel dismissed when you're living in pain every day. has anyone dealt with this kind of in-between phase before a diagnosis? i'm so tired of being told to ""monitor it"" while my life gets smaller.",1
synth::trad::2::0059::1,,synthpost::trad::2::0059::1,2,cannabis,"does anyone else feel like they are constantly choosing between being nauseous and being stoned? i've got psa and some kind of upper gi mess that my doctors are still arguing about, and i've lost almost 20 lbs because eating makes me feel awful. the only thing that gives me any appetite is cannabis, but it doesn't always stay down long enough to matter and then i feel guilty using it too much. i missed another full day of work this week because of pain, bathroom issues, and zero energy. my rheum keeps saying the biologic can take time, my gi says wait for the scope, and meanwhile i'm just stuck in the middle feeling worse every month. i'm trying not to spiral, but it's really hard to stay upbeat when every meal feels like a gamble and no one has a clear answer yet.",1
synth::trad::2::0059::2,,synthpost::trad::2::0059::2,2,marijuana,"i'm so frustrated i could scream. my primary keeps sending me back to rheumatology, rheum keeps saying the labs are ""borderline,"" and meanwhile i'm having daily low-grade fevers, swollen fingers, mouth ulcers, and this awful deep ache in my hips and shoulders. i also have this brain fog that makes me feel stupid at work, which is new and honestly embarrassing. i've tried ibuprofen, prednisone taper, turmeric, rest, and even marijuana at night just so i can sleep through the pain a little. sleep still isn't great because i wake up stiff and sweaty at 3 am like clockwork. i don't even know what i'm asking for anymore, maybe just venting to people who won't tell me it's all stress. it feels like every appointment ends with ""let's wait and see"" and i'm the one paying for it with my body.",1
synth::trad::2::0059::3,,synthpost::trad::2::0059::3,2,thc,"quick question for anyone with sjogren's or overlap symptoms: can thc make dryness and mouth pain feel worse? i started a low dose edible because i was desperate for something to help me relax, but the next day my throat felt like sandpaper and my eyes were burning more than usual. maybe it's coincidence, maybe not, but the timing was awful. i'm already on plaquenil and pilocarpine, and neither seems to be doing much for the fatigue or the joint pain. i also keep getting these weird flares where my glands swell and my jaw hurts so much i can barely chew. my doctor is on vacation and the covering provider just told me to use artificial tears and ""keep hydrated,"" which i am already doing. i'm not asking for miracle cures, just wondering if anyone has had thc affect their symptoms in a bad way because right now i feel like i'm losing my mind trying to figure out what is medication, what is disease, and what is just me being dramatic.",1
synth::trad::2::0059::4,,synthpost::trad::2::0059::4,2,pot,"i'm in that awful limbo where everyone agrees something is wrong but nobody agrees on what. i've had a positive ana, elevated sed rate, random rashes, horrible fatigue, and joint pain that moves around like it has a personality. my rheumatology appointment isn't for another 11 weeks and my pcp basically said there isn't much to do besides keep a symptom diary. cool. in the meantime i can't get through a normal day without crashing by noon, and my hands hurt so much that typing is a chore. i've used pot a few times for sleep and it helps me knock out, but it doesn't exactly fix waking up feeling like i got run over. i know reddit can't diagnose me, i just needed to vent because i'm scared this is going to keep getting worse while i sit on a waiting list. if anyone has been through the long wait before a diagnosis, how did you not lose your mind?",1
synth::trad::2::0060::0,,synthpost::trad::2::0060::0,2,cbd,"i'm so tired of feeling like every week is a new level of broken. my hands are swollen most mornings, my knees feel like they're full of gravel, and now i'm waking up at 3am because my back locks up if i roll the wrong way. i've tried heat, stretching, ibuprofen, naproxen, prednisone tapers, you name it. a friend keeps telling me to try cbd for sleep and pain, but honestly i'm at the point where even ""natural"" stuff feels like another expensive thing i'm going to buy and then be disappointed by. my rheum keeps saying the labs don't look that bad, but i can barely get through work without crying in the bathroom. does anyone else feel completely invisible until they can no longer function?",1
synth::trad::2::0060::1,,synthpost::trad::2::0060::1,2,thc,"just had another appointment where i left more confused and upset than when i went in. the doctor kept talking over me, then wrote down ""anxiety"" even though the pain in my hips, ribs, and neck is very real and has been getting worse for months. i'm exhausted from trying to advocate for myself when every test comes back ""normal."" i started taking thc gummies at night because i was desperate to sleep, but now i'm also stressed about whether it will mess with my other meds or make me look like i'm not serious. all i wanted was some relief and maybe a plan. instead i got a pamphlet and a shrug. this disease is ruining everything and i'm so angry about it.",1
synth::trad::2::0060::2,,synthpost::trad::2::0060::2,2,cannabis,"does anyone else get hit with a ridiculous wave of hopelessness when a flare lasts too long? mine has been dragging on for weeks and i'm basically running on fumes. my shoulders feel like they are on fire, my ankles are stiff, and i haven't had a decent night of sleep in ages. i tried cannabis oil because i was willing to try anything, but it just made me groggy and then the pain was still there when i woke up. i miss being able to do normal stuff without planning my day around whether i can sit, stand, or walk. i'm trying not to spiral, but it's getting harder every day.",1
synth::trad::2::0060::3,,synthpost::trad::2::0060::3,2,weed,"i am losing my mind over how inconsistent everything is. one day i can bend down and get dressed like a semi-functional person, the next day my lower back and si joints are so bad i can barely put on socks. my primary says it might be mechanical, the rheumy says wait and see, and meanwhile i can't keep up with my job or my kids. a coworker suggested weed for the pain, which i was willing to try, but it only took the edge off for about an hour and then i felt weirdly anxious and guilty for being useless. i'm not looking for miracle cures anymore, just a little stability and some doctor who will actually take me seriously.",1
synth::trad::2::0060::4,,synthpost::trad::2::0060::4,2,medical marijuana,"i'm pretty close to giving up on getting any real help. i've had constant fatigue, burning pain in my wrists and feet, and weird flares where my whole body feels flu-ish for no reason. my labs are a mess of ""not enough evidence"" and every referral takes months. i asked about medical marijuana because i'm not sleeping and the pain is wrecking me, but my clinic acted like i was asking for something outrageous. i don't even care if it doesn't fix everything, i just wanted one night of decent rest. instead i'm sitting here with a heating pad, tears in my eyes, and a stack of appointment reminders i can't handle anymore.",1
synth::trad::2::0061::0,,synthpost::trad::2::0061::0,2,cbd,"i'm so tired of pretending i'm okay. i've got psoriatic arthritis and whatever's going on with my spine is getting worse by the week. mornings are brutal, my fingers feel like they're glued together, and by the time i get moving i'm already wiped out. i've tried heat, stretching, prescription nsaids, and even cbd gummies because people kept telling me they were a miracle. not even close. all they did was empty my wallet a bit faster.

my rheum keeps saying we need to “give the biologic more time,” but i can barely do my job and i keep cancelling plans because i look and feel like i've been hit by a truck. i hate how much this disease takes and how little control i have over it. i'm not even looking for magic advice anymore, just needed to say out loud that this is exhausting and depressing.",1
synth::trad::2::0061::1,,synthpost::trad::2::0061::1,2,marijuana,"rant incoming: i have sjogren's + inflammatory arthritis and the dry mouth, fatigue, and joint pain are making me feel ancient. i woke up today with my hands locked up so bad i had to use my other hand to straighten my fingers. then i spent the next two hours trying to pretend i could focus at work while my body was screaming at me.

what makes me furious is how long everything takes. labs, referrals, follow-ups, prior auths... meanwhile i'm just supposed to function. i use marijuana at night sometimes because it takes the edge off enough to sleep, but it doesn't change the fact that every day feels like a survival exercise. i keep getting told i'm “doing well” because my numbers aren't catastrophic, but i feel awful. it's hard not to get bitter about being in constant pain and still having to prove it.",1
synth::trad::2::0061::2,,synthpost::trad::2::0061::2,2,medical marijuana,"i honestly don't know what i'm supposed to do anymore. diagnosed with ankylosing spondylitis last year after years of back pain, and since then it's been med after med and side effect after side effect. naproxen wrecked my stomach, sulfasalazine made me nauseous, and the biologic i'm on now seems to help maybe 10% if i'm generous.

i'm still waking up at 4am from pain, and by lunch i'm so fatigued i can barely keep my eyes open. my doctor suggested trying medical marijuana for symptom relief, which i was open to, but getting access has been a joke where i live. in the meantime i'm just stuck in this weird limbo of not well enough to work normally and not sick enough for anyone to seem concerned. it's making me anxious and pretty hopeless, if i'm being honest.",1
synth::trad::2::0061::3,,synthpost::trad::2::0061::3,2,thc,"does anyone else feel like every appointment is just another round of bad news? i went in hoping my rheumatologist would finally have something useful to say about my lupus flare, and instead i got told to wait another 8 weeks and keep taking the meds that are barely touching it. i'm dealing with joint swelling, chest pain off and on, constant exhaustion, and brain fog so bad i forgot my own password twice this week.

i've tried thc edibles before when the pain was at its worst, and while they helped me sleep a little, they didn't solve the bigger problem: i don't feel like myself anymore. i'm angry, scared, and tired of being told to be patient when i feel like i'm falling apart. this disease has taken over everything.",1
synth::trad::2::0061::4,,synthpost::trad::2::0061::4,2,weed,"new here because i'm at the end of my rope. i have ra and my hands have been flaring nonstop for months. the swelling in my knuckles is ugly, my wrists burn, and even opening jars or turning keys has become some kind of daily battle. i used to be super active and now i plan my day around when i can sit down next.

my rheum switched me from one dmard to another, but i'm still waiting for the new one to kick in and in the meantime i feel useless. i've been using weed at night just so i can get a few hours of sleep without waking up crying from the pain. it helps me pass out, sure, but it doesn't make the grief or frustration go away. i feel like i'm watching my life shrink and i hate it.",1
synth::trad::2::0062::0,,synthpost::trad::2::0062::0,2,cbd,"i am so tired of waking up feeling like i got hit by a truck and then having to pretend i'm functional at work. the stiffness in my fingers is brutal in the mornings and by afternoon my knees and wrists are just on fire. my rheum keeps saying to “give the meds more time” but it’s been months and i’m still missing shifts and crying in the car after parking. i tried cbd cream and it barely took the edge off, which was disappointing because everyone keeps talking like it’s some miracle. honestly i just want one day where showering and getting dressed doesn’t feel like a huge project. this disease is exhausting.",1
synth::trad::2::0062::1,,synthpost::trad::2::0062::1,2,weed,"quick vent because i’m losing my mind. i have sjogren’s and what started as “just dry eyes” has turned into constant burning mouth, swollen salivary glands, random chest pain, and joint pain that keeps me up all night. i’m on pilocarpine and hydroxychloroquine, which helps a little, but not enough to feel normal. my family keeps telling me to relax and “try weed” like that’s going to fix inflammation and fatigue and the weird nerve stuff. i’m still waiting on more labs and it feels like every appointment just gives me another thing to worry about. i hate how much energy it takes to act fine.",1
synth::trad::2::0062::2,,synthpost::trad::2::0062::2,2,marijuana,"does anyone else feel like the doctors act confused when you say the pain is still bad even with treatment? i have psa and my hands look like little sausages some days, my feet hurt so much i limp in the morning, and i’m getting these random flares in my back now too. i was excited to finally start a biologic but insurance is dragging its feet and i’m stuck in limbo. i tried marijuana a few times hoping it would at least help me sleep, but all it really did was make me notice how miserable i am when everything is quiet and i’m not distracted. this whole thing is messing with my job, my mood, and basically every plan i had.",1
synth::trad::2::0062::3,,synthpost::trad::2::0062::3,2,medical marijuana,"i swear i’m one bad night of sleep away from snapping. i have ra, probably seronegative according to one doctor and “not severe enough” according to another, which is apparently how you get bounced around forever. my shoulders ache constantly, my ankles feel unstable, and i’ve started dropping things because my hands are so weak. i’m trying to stay ahead of it with pred and mtx, but the side effects are awful and i’m still not getting good relief. medical marijuana is the only thing that has let me eat dinner and actually fall asleep sometimes, but i’m still waking up stiff and miserable. i’m just frustrated that every answer seems temporary.",1
synth::trad::2::0062::4,,synthpost::trad::2::0062::4,2,thc,"anyone else feel weirdly guilty for being unable to do normal stuff anymore? i used to be the person who hiked, cleaned the whole house in one day, and never sat still. now with lupus i’m choosing between showering and making lunch because both wipe me out. i had a flare after a simple dentist appointment and i’m still paying for it a week later. my rheumatologist added another med, but between the brain fog, nausea, and pain i can’t tell what is helping and what isn’t. i used some thc gummies on a rough night and they knocked me out, which was great until i woke up even more groggy and behind on everything. i’m so tired of feeling like my life is shrinking.",1
synth::trad::2::0063::0,,synthpost::trad::2::0063::0,2,cbd,"i'm so discouraged right now. i've got ra and sjogren's and i feel like every week my body comes up with a new way to fall apart. this month it's the burning eyes, brutal dry mouth, and this deep bone ache that never really leaves. my rheum added another med and i'm waiting to see if it helps, but so far all i get is nausea and even worse fatigue. i tried cbd oil at night because a few people in my support group swore by it, and honestly i don't think it did anything except make me more aware that i was still awake at 3am staring at the ceiling. i missed work again today and had to cancel plans with my sister. i keep telling myself to be patient, but i'm just tired of hurting and tired of pretending i'm handling it okay.",1
synth::trad::2::0063::1,,synthpost::trad::2::0063::1,2,thc,"does anyone else feel like they are just being bounced around between doctors with no actual plan? i have psa, my hands are swollen, my knees are angry, and my skin is flaring up again. the meds help for a little while and then either stop working or wreck my stomach. i asked my rheumatologist about thc because i'm desperate for something that lets me sleep without waking up feeling like i've been hit by a truck. she basically shrugged and said to talk to pain management, and pain management said talk to rheum. meanwhile i'm missing more and more days at work and i'm becoming a person i don't recognize because i'm exhausted, irritable, and hurting all the time. i know there are people worse off, i just feel completely stuck.",1
synth::trad::2::0063::2,,synthpost::trad::2::0063::2,2,cannabis,"long rant, sorry. i was finally starting to accept my lupus diagnosis and then this flare hit and knocked the wind out of me. my joints feel loose and hot at the same time, my chest hurts when i breathe deep, and i'm so tired i can barely finish a shower. i've been trying to keep up with my job and my family but i keep canceling everything because i can't predict what my body will do. a friend suggested cannabis for sleep and appetite, but i hate how dependent it makes me feel and i'm honestly angry that i'm even at the point of considering it. i don't want to spend the next decade just surviving from one bad week to the next. if anyone has found a way to manage this without feeling like a zombie, i'd really appreciate hearing it. right now i'm just sad and frustrated.",1
synth::trad::2::0063::3,,synthpost::trad::2::0063::3,2,weed,"i know this is probably going to sound dramatic, but i'm at the end of my rope. i have scleroderma and my hands are getting so stiff in the mornings that i can barely open a bottle, let alone type or drive. my skin feels tight everywhere and i've started avoiding mirrors because seeing myself struggle is making me spiral. i used to be the reliable one in my friend group and now i cancel on everyone because i'm too wiped out or in too much pain. a cousin keeps telling me to just try weed for the pain, like that will magically fix the fact that my lungs feel weird and i'm scared all the time. i feel guilty, angry, and honestly kind of embarrassed by how much this disease has taken over my life.",1
synth::trad::2::0063::4,,synthpost::trad::2::0063::4,2,medical marijuana,"anyone else hit a point where every new flare just feels like proof that the meds aren't enough? i've got mixed connective tissue disease and the fatigue is honestly worse than the pain sometimes because it steals my whole day before it even starts. i sleep 10 hours and wake up feeling like i slept none. my doctor brought up medical marijuana for appetite and sleep, but i already feel foggy and i'm terrified of adding something else that makes me more spaced out. i'm trying to keep my job and my relationship together and it feels like i am failing at both. i don't need toxic positivity, i just need to know i'm not the only one whose life has shrunk down to appointments, pills, and trying not to cry in the car. this disease is grinding me down.",1
synth::trad::2::0064::0,,synthpost::trad::2::0064::0,2,cbd,"i'm at the point where i'm honestly just worn out. i have ra and every morning feels like i've been hit by a truck in my hands, wrists, and shoulders. my rheumatologist keeps adjusting meds but nothing seems to last more than a few weeks before the pain comes roaring back. i tried cbd gummies and a topical cbd balm because people in my family swore by it, but it didn't touch the swelling or stiffness for me. if anything, i just got more frustrated spending money on stuff that did nothing. i'm missing work, snapping at my partner, and feeling like my body is aging 30 years overnight. has anyone else had this much trouble finding something that actually helps, or am i just stuck waiting for the next med to fail too?",1
synth::trad::2::0064::1,,synthpost::trad::2::0064::1,2,weed,"does anyone else feel completely embarrassed by how fast this disease has taken over their life? i have ankylosing spondylitis and used to be active, but now sitting in a car for 20 minutes makes my lower back and hips feel like they lock up. i keep getting told to stretch, walk, sleep better, lose weight, blah blah, but none of that fixes the fact that some days i can barely get dressed. i started using weed at night because i was desperate for sleep, and while it sometimes knocks me out, i still wake up stiff and miserable. i'm not looking for a miracle, just tired of feeling dismissed every time i say i'm in pain. has anybody found a combo of treatment and lifestyle changes that actually makes life manageable?",1
synth::trad::2::0064::2,,synthpost::trad::2::0064::2,2,medical marijuana,"i hate posting when i'm already frustrated, but i'm genuinely at a loss. i have lupus and the fatigue is unreal lately. it feels like no matter how much i sleep, i wake up with the flu and then spend the rest of the day trying not to cry at my desk. my labs aren't even that dramatic, which somehow makes people around me act like i'm exaggerating. i've been on plaquenil, had prednisone tapers, and now i'm waiting to see if my doctor will change anything else. a friend suggested medical marijuana for the pain and nausea, but i don't know if it's even worth bringing up because i already feel judged enough. how do you keep going when everyone thinks you look fine but you feel absolutely wrecked?",1
synth::trad::2::0064::3,,synthpost::trad::2::0064::3,2,thc,"just had one of those appointments that leaves you more confused than when you walked in. i've got psoriatic arthritis and my fingers, knees, and feet are acting up again after a short stretch of feeling almost normal. the rheum said the meds are 'doing something' but i'm still having trouble opening jars, climbing stairs, and sleeping through the night. i've tried otc stuff, heat, ice, and a low dose thc edible at bedtime, but the thc mostly just made me sleepy without really helping the pain. now i'm sitting here wondering if i'm wasting time hoping for the wrong things to work. does anybody else feel like they're constantly chasing symptoms instead of actually treating them?",1
synth::trad::2::0064::4,,synthpost::trad::2::0064::4,2,cannabis,"this disease is ruining my patience more than anything else. i have scleroderma and the skin tightening in my hands has gotten bad enough that simple things are turning into battles — buttons, zippers, even holding a coffee mug some days. my rheumatology team is trying to get my meds sorted, but it feels painfully slow and i keep getting told to be 'patient' while the tightness spreads. i also tried cannabis oil because another patient said it helped her hands, but i honestly didn't notice much besides a weird headache. i know there are no magic fixes, i'm just exhausted by how many things i've tried that don't change the fact that i'm getting worse. has anyone had any luck with hand therapy or anything else that actually slows this down?",1
synth::trad::2::0065::0,,synthpost::trad::2::0065::0,2,cbd,"i'm honestly worn out. i've got sjogren's and probable inflammatory arthritis, and the dry eyes/mouth are annoying but the fatigue is what steals my life. i can go to work, come home, and feel like i've been hit by a truck just from existing. my rheum keeps adjusting meds and every time i think we might be getting somewhere, something else flares up. i've tried cbd for the pain and sleep, and while it takes the edge off a little, it doesn't touch the exhaustion or the weird burning joints. i'm trying to keep my job and act normal but i'm barely hanging on. does anyone else feel like this disease eats up every bit of energy you have? i'm so tired of pretending i'm okay.",1
synth::trad::2::0065::1,,synthpost::trad::2::0065::1,2,cannabis,"venting because i'm having one of those days where everything hurts and nothing helps. i have psoriatic arthritis and the new biologic has not kicked in yet, so i'm still limping around in the morning like i'm 90. my hands are swollen enough that i dropped a mug twice today, and the neck pain is making me nauseous. i’ve been using cannabis at night because it’s the only thing that lets me fall asleep without crying from discomfort, but then i wake up foggy and still sore. i know people say to be patient with meds, but it’s hard when every day feels like a setback. i’m tired, frustrated, and just mad that i can’t do basic stuff without paying for it later.",1
synth::trad::2::0065::2,,synthpost::trad::2::0065::2,2,thc,"has anyone else had thc make their symptoms feel worse instead of better? i have lupus and was really hoping it would help with appetite and sleep, but on the two occasions i tried it i got super shaky, anxious, and my heart was racing. that part passed, but the next day i felt wiped out and weirdly inflamed, like my body was already mad at me and the thc just poked it. my joints were stiffer, my head hurt, and i ended up in bed for most of the day. i feel stupid because so many people swear by it and i wanted one simple thing to work. instead i'm still stuck juggling prednisone side effects, pain, and no real answers. just feeling discouraged.",1
synth::trad::2::0065::3,,synthpost::trad::2::0065::3,2,medical marijuana,"i got approved for medical marijuana thinking it might finally help me get through the day without so many pain pills, but i'm honestly disappointed and kind of scared to keep trying. i have ankylosing spondylitis and my spine/hips have been brutal lately. the first edible barely did anything except make me sleepy, and the second one made me feel dizzy and useless for hours. my doctor keeps saying to titrate slowly, but i'm already exhausted from months of flares, work absences, and endless appointments. i don't need to be high, i need to be able to sit through dinner without feeling like my lower back is locking up. i hate that something i hoped would bring relief is just another thing i have to figure out while everything else is falling apart.",1
synth::trad::2::0065::4,,synthpost::trad::2::0065::4,2,weed,"i'm having a rough time mentally because the pain has turned my whole life into a countdown to the next flare. i've got rheumatoid arthritis plus some gnarly tendon issues, and lately even showering feels like an event i have to recover from. my partner keeps telling me to rest more, but rest doesn't fix anything and i still wake up stiff and miserable. i tried weed a couple nights this week hoping it would help me sleep through the pain, but i mostly just ended up staring at the ceiling feeling gross and guilty that i couldn't ""relax"" like a normal person. i know that sounds dramatic, i'm just frustrated and embarrassed by how much this has taken from me. i'm trying not to spiral, but it's hard when every day is another reminder that my body is not cooperating.",1
synth::trad::2::0066::0,,synthpost::trad::2::0066::0,2,cbd,"i’m honestly at my wits end. i have lupus and every month feels like a new level of stupid pain. i tried cbd gummies, cbd cream, all the “natural” stuff people keep recommending, and it’s like rubbing lotion on a broken bone. my hands are swollen, my knees hate me, and i’m sleeping maybe 3 hours a night because i keep waking up stiff and crying. my rheum keeps pushing me to “wait and see” after my last med change but i can barely get through work let alone basic life. i feel like i’m failing at being a functioning adult because the pain never really stops, it just changes shape. if anyone has actually found something that helps, please tell me because i’m tired of pretending i’m fine.",1
synth::trad::2::0066::1,,synthpost::trad::2::0066::1,2,thc,"does thc make anyone else feel weirdly worse? i have ra and i was desperate enough to try a tincture at night because the biologic i’m on is taking forever to kick in. instead of helping the pain, it makes me anxious, my heart races, and then i spend the whole night hyperaware of every joint ache in my body. i want relief, not to sit there staring at the ceiling thinking about how my wrists feel like they’re full of glass. i’m so frustrated because everyone talks about cannabis like it’s this miracle and for me it’s just another thing that didn’t work. i’m exhausted, in pain, and now i’m annoyed on top of it.",1
synth::trad::2::0066::2,,synthpost::trad::2::0066::2,2,marijuana,"not sure if this is a vent or a question, but i’m losing my mind over my spondyloarthritis lately. i had to stop using marijuana because of a new job and i didn’t realize how much it was helping until i didn’t have it anymore. now i’m back to being nauseous from pain meds, barely eating, and waking up feeling like someone beat me with a bat. the worst part is my doctor keeps acting like i should just be grateful the inflammation markers are “only mildly elevated” as if that changes the fact that i can’t walk to the mailbox without regretting it. i’m trying to do everything right and i still feel awful every day.",1
synth::trad::2::0066::3,,synthpost::trad::2::0066::3,2,weed,"i hate how much my life has shrunk because of this disease. i have sjogren's and i’m so dry all the time that i can’t even wear contacts anymore, my mouth feels like cotton, my eyes burn, and the fatigue is unreal. i tried weed because a friend swore it would help with pain and appetite, but all it really did was make me feel gross and even more dehydrated. then i felt guilty for spending money on something that didn’t fix anything. i’m just so tired of being told to sip water, use drops, rest more, as if that magically gives me my energy or makes the pain go away. some days i’m not even sad, just completely worn down.",1
synth::trad::2::0066::4,,synthpost::trad::2::0066::4,2,cannabis,"i’m having one of those days where i feel totally defeated. i have mixed connective tissue disease and my meds keep changing because either they don’t work or i get some ridiculous side effect and have to stop. the latest thing was a cannabis oil from a clinic that was supposed to help with sleep and muscle pain. it mostly just made me groggy and still in pain. i know people mean well when they say to stay positive, but it gets old when you’re the one missing work, canceling plans, and sitting in the bathroom crying because your body feels like it’s falling apart. i’m waiting on another specialist referral and it feels like every appointment is just another month of being told to endure it.",1
synth::trad::2::0067::0,,synthpost::trad::2::0067::0,2,cbd,"i'm honestly at the end of my rope. i was diagnosed with ra last year and the swelling in my hands has gotten so much worse over the winter that i can barely open jars or grip a steering wheel. i'm on methotrexate and naproxen, but i still wake up feeling like my fingers are already bruised. i've been reading about cbd topicals and oils because i'm desperate for anything that might take the edge off without making me feel out of it. has anyone actually gotten relief from cbd for joint pain, or is it mostly hype? i'm so tired of trial and error and i just want one normal week.",1
synth::trad::2::0067::1,,synthpost::trad::2::0067::1,2,medical marijuana,"anybody here with ankylosing spondylitis use medical marijuana for pain/sleep? i'm on biologics and gabapentin and i still spend half the night staring at the ceiling because my spine feels like it's locked in concrete. by afternoon my ribs and hips are screaming and if i sit too long i stiffen up like a rusted hinge. my rheum keeps saying the inflammation looks better on labs, but i do not feel better at all. i'm not trying to get high, i just want to be able to rest and function at work. if you got approved, what was the process like and did it actually help with the constant ache?",1
synth::trad::2::0067::2,,synthpost::trad::2::0067::2,2,weed,"i hate that i'm even asking this, but i'm really struggling. i have sjogren's and suspected fibro and the fatigue is so bad lately that i feel sick just getting dressed. my mouth is always dry, my eyes burn, and the muscle pain is non-stop. a friend suggested weed gummies for sleep, so i tried a tiny amount and all it did was make me feel weird and more anxious. i'm already dealing with brain fog and i can't afford to feel worse. has anyone found a way to use it without the awful side effects, or should i just give up on that route? feeling pretty discouraged tonight.",1
synth::trad::2::0067::3,,synthpost::trad::2::0067::3,2,thc,"not sure if this is the right place but i'm venting because i'm so frustrated. i have lupus and lately every little thing sets off a flare: sun, stress, bad sleep, apparently just existing. my knees and wrists ache, i get random chest pain, and the fatigue is absolutely crushing. my doctor suggested trying a low-dose thc tincture at night since i'm not sleeping anyway. it helped me doze off once, then the next day i felt groggy and useless and my pain was still there. i know people swear by it, but i can't tell if i'm wasting money or if i need to be more patient. nothing seems to work long enough to matter.",1
synth::trad::2::0067::4,,synthpost::trad::2::0067::4,2,cannabis,"just found out my insurance is denying the medication my rheumatologist wants to start and i'm beyond annoyed. i've been bouncing between possible psoriatic arthritis and something else for months, with swollen fingers, shoulder pain, and weird tendon pain in my feet that makes walking miserable. i've been taking otc stuff, using heat, stretching, all the usual things, and i'm still barely getting through the day. someone in my support group mentioned cannabis for pain relief, but i'm hesitant because i already feel nauseated half the time and don't want to make things worse. has anyone with inflammatory arthritis actually gotten any benefit from it, or am i better off saving my money and waiting for the next med to fail too?",1
synth::trad::2::0068::0,,synthpost::trad::2::0068::0,2,cbd,"i'm at the end of my rope with this flare. i have ra and the last 3 months have been nonstop hand swelling, morning stiffness, and this weird burning pain in my feet that makes walking around the house feel ridiculous. my rheum switched me from meloxicam to prednisone taper after taper, but every time i come down off it the pain comes roaring back. the steroids also make me jittery and unable to sleep, so now i'm exhausted and cranky on top of everything else. i keep seeing people mention cbd for pain and sleep, but i'm nervous about wasting money on another thing that won't touch this. has anyone with inflammatory arthritis actually gotten anything useful out of cbd, or is it basically just expensive placebo? i'm so tired of trying fixes that don't last.",1
synth::trad::2::0068::1,,synthpost::trad::2::0068::1,2,medical marijuana,"just got my latest labs back and my inflammation is still up even though i've been on humira for months. my rheum says to give it more time, but i feel worse than when i started. hips, knees, jaw, all of it hurts, and i wake up feeling like i got hit by a truck. i can barely make it through work and then i come home and crash on the couch because i'm too wiped out to even cook. i've been using medical marijuana at night because otherwise i don't fall asleep until 3 or 4 am, but it doesn't fix the actual pain, just makes me less miserable for a couple hours. i guess i'm venting because i'm frustrated that i'm following the plan and still functioning like garbage. anyone else stuck in this awful wait-and-see phase where the meds are supposed to help but you're just getting more behind in life?",1
synth::trad::2::0068::2,,synthpost::trad::2::0068::2,2,weed,"new dx of psoriatic arthritis and i honestly did not expect it to be this miserable. the skin stuff is bad enough, but the tendon pain in my fingers and the stabbing in my heel are what are wrecking me. i can manage a lot with the fatigue, but the nausea from nsaids plus the constant pain is making eating and sleeping feel like chores. my doctor mentioned trying biologics soon, but insurance is already dragging its feet. in the meantime i use a little weed at night because it takes the edge off enough to stop me from spiraling, though it obviously doesn't solve anything. i'm just so discouraged by how fast my quality of life dropped. did anyone else's symptoms come on this aggressively, or am i just having a really rough start?",1
synth::trad::2::0068::3,,synthpost::trad::2::0068::3,2,thc,"does anyone else feel like they are spending all their energy just trying to survive the side effects of treatment? i have axial spondyloarthritis and after a year of chasing meds i'm still dealing with pain in my lower back and ribs, plus the fatigue that makes it hard to stay awake through a normal day. sulfasalazine made me so sick to my stomach i had to stop, and naproxen wrecks my stomach if i take it more than a few days. i started using thc gummies at night because i was desperate for something that would let me sleep without feeling poisoned, but now i'm worried i'm just masking how bad things are instead of actually getting better. my next appointment is weeks away and i'm honestly afraid to tell my rheum how bad it's gotten because i'm tired of hearing 'let's wait and see.'",1
synth::trad::2::0068::4,,synthpost::trad::2::0068::4,2,cannabis,"hi everyone, i'm 31 and pretty new to all of this. i was told i probably have lupus after months of random symptoms that kept getting brushed off as stress. now i'm on hydroxychloroquine and a low dose of prednisone, but i still have crushing fatigue, mouth sores, joint pain, and this constant flu-like feeling that never fully goes away. the prednisone helps a bit but makes me shaky, hungry, and unable to sleep, so i feel like i'm trading one problem for another. my partner suggested cannabis for sleep and appetite, but i haven't tried it yet because i'm scared it will make me feel even more out of it. i'm mostly just sad and frustrated that my body feels 20 years older than it should. does it ever actually get easier to find a treatment combo that doesn't make you feel awful?",1
synth::trad::2::0069::0,,synthpost::trad::2::0069::0,2,cbd,"i'm so over this disease and the endless trial-and-error. i'm waiting on my first rheum appt but in the meantime my hands, knees, and jaw are all screaming at me every day. tylenol does nothing, naproxen helps a tiny bit until my stomach starts acting up, and steroids made me feel like a zombie with a racing heart. a friend keeps telling me to try cbd oil for the pain and sleep, but i'm skeptical because i'm already spending way too much money on things that barely help. i just want one night where i don't wake up every hour feeling like i've been hit by a truck. does anything actually work or am i just stuck white-knuckling this until someone finally takes me seriously? it's exhausting being told i'm ""too young"" to hurt this much.",1
synth::trad::2::0069::1,,synthpost::trad::2::0069::1,2,weed,"had another awful appointment today. my labs are ""not impressive enough"" apparently, so i'm expected to keep working full time while my shoulders, wrists, and spine feel like they're on fire. i've been on plaquenil and sulfasalazine, tried physical therapy, heat, stretching, all the usual stuff, and i'm still barely functioning by evening. someone in my family keeps suggesting weed like it's some miracle fix, but the truth is i'm just angry at how hard it is to get basic pain control with these diseases. i don't want to be high, i want to be able to shower, cook, and sleep without waking up in tears. i'm tired of hearing that i look fine when i can barely open jars or carry groceries.",1
synth::trad::2::0069::2,,synthpost::trad::2::0069::2,2,medical marijuana,"i'm honestly at the end of my rope. my rheumatologist is great, but the system around her is not. every med either gives me side effects or stops working after a few months, and the fatigue is the worst part because nobody sees it. i asked about medical marijuana because i'm desperate for something that might help the constant pain and nausea from methotrexate, and the response from my other doctor was basically a lecture and a shrug. it feels like i'm always being treated like i'm drug-seeking instead of just trying to get through the day. i know this isn't a cure, i just want a little less suffering so i can keep my job and maybe have a life outside of appointments and flares.",1
synth::trad::2::0069::3,,synthpost::trad::2::0069::3,2,thc,"does anyone else get absolutely flattened by flares in a way that makes everything else impossible? i'm in one right now and the stiffness in my back and hips is so bad i can barely roll over in bed, let alone get ready for work. i've tried muscle relaxers, heat, cbd, all of it. thc helps the pain a little but it also makes me anxious and weird, so that's not exactly a win either. i'm mostly just frustrated that every option has a catch. i keep getting told to be patient while my body keeps getting worse. i'm 29 and feel like i'm 90 on the bad days. i hate that the only thing people notice is that i cancel plans, not that i'm literally struggling to stand up.",1
synth::trad::2::0069::4,,synthpost::trad::2::0069::4,2,cannabis,"today was one of those days where i had to sit in my car after work because my joints hurt too much to walk into the house right away. i've got ra and sjogren's and the combo has been brutal lately: dry eyes, awful fatigue, swelling in my hands, and this deep bone pain that doesn't care what time it is. i saw a post saying cannabis helped someone with inflammation and sleep, but honestly i'm more bitter than hopeful at this point because so many things sound promising and then do nothing for me. i'm on biologics, i take my meds exactly as prescribed, and still i feel like i'm falling behind in my own life. i just wish there was a treatment that let me feel like myself again instead of managing symptoms all day long.",1
synth::trad::2::0070::0,,synthpost::trad::2::0070::0,2,cbd,"i'm so tired of being told to ""just keep trying different things"" when my joints are on fire every morning. i've got inflammatory arthritis that is still not under control, my hands are swollen, and i can barely open jars or type for work. the latest suggestion was cbd oil and PT, but the cbd just made me feel weird and did nothing for the pain. i'm missing more shifts, my boss is getting annoyed, and every appointment turns into another month of waiting. i know some people get relief, i just feel stuck in this awful loop where nothing touches the pain and i keep getting handed patience instead of treatment.",1
synth::trad::2::0070::1,,synthpost::trad::2::0070::1,2,thc,"anyone else feel like they're being treated like a drug seeker the minute they mention thc? i have lupus and the nausea from my meds has gotten so bad that i've lost weight and can barely eat before noon. my rheum said to talk to my pcp, my pcp said ask rheumatology, and meanwhile i'm surviving on crackers and anti-nausea pills that barely work. i tried a low-dose thc gummy at night hoping it would help me sleep and settle my stomach, but it mostly just made me anxious and then i woke up drenched in sweat anyway. i'm just frustrated because every part of this disease feels like a separate battle and nobody seems to own the problem.",1
synth::trad::2::0070::2,,synthpost::trad::2::0070::2,2,weed,"i'm honestly at the end of my rope with this psoriatic arthritis flare. my knees, wrists, and ankles all feel like they have broken glass in them, and i haven't had a real night's sleep in weeks. a friend keeps saying weed helped her, so i gave it a try a few times, but all it did was make me aware of how miserable i already was and then i got paranoid on top of it. my rheumatologist is out until next month, the urgent care doctor just shrugged, and i'm trying to keep my job while dragging myself around on two hours of sleep. i hate that i sound dramatic, but i'm hurting and getting scared that this is just my life now.",1
synth::trad::2::0070::3,,synthpost::trad::2::0070::3,2,medical marijuana,"does anyone have actual advice for getting through a flare when your doctor basically taps out? i have seronegative ra, my shoulders and fingers are both swollen, and i can barely dress myself in the morning. i got a medical marijuana recommendation thinking maybe it would take the edge off, but it only helps a little with the pain and doesn't touch the stiffness. the worst part is the constant fatigue; it feels like someone unplugged my battery and forgot to tell me how to charge it back up. i'm still waiting on insurance to approve the next med, and i'm losing faith that anything is ever going to get me back to a normal day.",1
synth::trad::2::0070::4,,synthpost::trad::2::0070::4,2,cannabis,"i'm so over the whole process right now. my mri finally showed sacroiliitis, but now i'm being bounced between specialists again because the first biologic was denied and the second one needs yet another appeal. i'm 32, i had to cut my hours at work to almost nothing, and some days i can't sit, stand, or lie down comfortably for more than 10 minutes. i use cannabis at night sometimes because it takes the sharp edge off enough to sleep, but it doesn't change the fact that i wake up feeling like i got hit by a truck. every appointment ends with 'we'll monitor it' and i'm exhausted by the word monitor. i just want treatment that actually does something.",1
synth::trad::2::0071::0,,synthpost::trad::2::0071::0,2,cbd,"i'm honestly at the end of my rope with this flare. every morning my hands feel like they’ve been put in a vice and by afternoon i’m exhausted from just trying to function at work. my rheum keeps changing meds and all i’m getting is stomach issues, insomnia, and more pain. i tried cbd gummies and a lotion because people keep saying it’s 'worth a shot' but i can’t tell if it’s doing anything except making me a little sleepy. the worst part is the uncertainty — no one will tell me if this is going to keep getting worse or if i’m just having a bad stretch. i’m trying not to spiral but it’s getting harder to stay hopeful when basic chores wipe me out.",1
synth::trad::2::0071::1,,synthpost::trad::2::0071::1,2,thc,"does anyone else feel like the pain steals your whole personality? i used to be the person who handled everything and now i’m canceling plans because standing in the kitchen for 10 minutes feels impossible. i’ve got sjogren’s and inflammatory arthritis and the fatigue is honestly more disabling than the joint pain some days. my doctor said to keep taking the meds and 'manage stress' which made me want to laugh and cry at the same time. i have some thc tincture left from when i had surgery and i’m tempted to use it just to get through the nights, but i’m nervous because i already feel foggy all the time. i hate that every solution seems to come with another problem.",1
synth::trad::2::0071::2,,synthpost::trad::2::0071::2,2,weed,"venting because i’m so tired of pretending this is fine. i’ve been dealing with suspected lupus for over a year, labs are a mess, and every appointment feels like starting over with a new person who doesn’t really believe how bad it is. my joints swell, my skin burns in the sun, and i’m missing work so much i’m scared i’m going to lose my job. i smoke weed sometimes and it barely touches the pain anymore, which just adds to the frustration. i keep getting told to 'rest more' like that’s some magic fix when i’m already resting all the time. i’m 29 and i feel like i’ve aged 20 years in the last 6 months. i just want one day where i don’t wake up dreading what my body is going to do.",1
synth::trad::2::0071::3,,synthpost::trad::2::0071::3,2,medical marijuana,"has anyone here actually gotten any relief from medical marijuana for nerve pain? i’m asking because i’m running out of things to try and i’m getting pretty scared. i have ra plus suspected small fiber neuropathy, and the burning in my feet is so bad at night that i pace the hallway until 3am. gabapentin made me feel weird and useless, prednisone helps but i can’t stay on it, and nsaids don’t do much besides upset my stomach. my doctors keep saying 'give the biologic more time' but i’ve been hearing that for months and i’m still struggling to get out of bed most days. i’m not even looking for a miracle anymore, just something that takes the edge off enough that i can sleep and stop crying from exhaustion.",1
synth::trad::2::0071::4,,synthpost::trad::2::0071::4,2,pot,"i’m having one of those weeks where every little thing feels like too much. the pain in my shoulders has been creeping up into my neck again and i’m dropping stuff constantly because my hands cramp up. i had to ask for help opening jars and even typing this hurts. my rheum appointment got pushed back again, which is just great, and the only thing anyone suggests is 'try yoga' like i haven’t already lost half my energy just getting through the day. i used some pot last night and it barely helped, which honestly made me feel worse because it was one of the few things i thought might give me a break. i don’t know how people do this for years without completely falling apart.",1
synth::trad::2::0072::0,,synthpost::trad::2::0072::0,2,cbd,"i’m 31 and was diagnosed with psoriatic arthritis last year after months of being told it was just “stress” and “overuse.” now i’m on methotrexate and naproxen and i still wake up with my hands locked up like they’re full of cement. the fatigue is honestly the worst part — i can sleep 10 hours and still feel like i got hit by a truck.

i’ve tried heating pads, compression gloves, stretching, and cbd gummies at night. the cbd takes the edge off a little but it’s nowhere near enough to let me function normally. my labs are still a mess and my rheum is talking about adding a biologic, which i’m hoping helps because i’m getting so discouraged. i miss being able to open jars, carry groceries, or even just type without pain shooting into my wrists. not sure what i’m looking for exactly, maybe just reassurance that it can get better? because right now it feels like everything is getting worse instead of better.",1
synth::trad::2::0072::1,,synthpost::trad::2::0072::1,2,weed,"vent post i guess. i have ra and every flare makes me feel like my body is actively turning against me. i had to call out of work twice this week because my knees and elbows were so swollen i could barely get dressed, and my manager keeps acting like i’m being dramatic. i’m on hydroxychloroquine and recently started a steroid taper, but i hate how wired and shaky the steroids make me.

weed is basically the only thing that lets me eat dinner and sleep a few hours, and even that is hit or miss. i know it’s not fixing anything, it just makes the pain a little less loud. i’m just tired of living my life around ice packs, pill bottles, and “maybe next month will be better.” anyone else go through the whole denial/grief thing after diagnosis? because i’m stuck there lately.",1
synth::trad::2::0072::2,,synthpost::trad::2::0072::2,2,medical marijuana,"anyone else with scleroderma feel like the disease progresses in slow motion and then all at once? over the last 6 months my hands have gotten tighter, my skin is changing, and my swallowing is starting to get weird enough that meals are becoming a whole event. my rheumatologist increased my meds but didn’t really have much else to offer besides “keep monitoring.”

i’m frustrated because i’m trying everything i can think of and still feel awful. physical therapy, small meals, sleeping upright, warm water, and medical marijuana for the constant ache have all become part of my routine. the medical marijuana helps me relax a bit at night, but it doesn’t touch the underlying panic i feel when i notice another thing my body can’t do anymore. i’m not looking for miracle cures, just wondering how other people keep from spiraling when every update from your body is bad news.",1
synth::trad::2::0072::3,,synthpost::trad::2::0072::3,2,thc,"i have lupus and i’m honestly at the end of my rope with the fatigue. the pain i can grit through most days, but this level of exhaustion is ruining everything. i had to drop a class, my house is a disaster, and i feel guilty every time i cancel plans because i’m “too tired” again. my labs are not great, but my doctor keeps telling me it’ll take time for the new med to work.

i’m using thc at night because it’s the only thing that helps me sleep without waking up every hour from aches or anxiety. problem is, i still wake up feeling like i got zero rest. it’s so demoralizing to do all the “right” things and still feel like i’m falling behind at life. i keep wondering if this is just my new normal and that thought is pretty depressing.",1
synth::trad::2::0072::4,,synthpost::trad::2::0072::4,2,pot,"has anyone else had a rheum basically shrug when your symptoms are clearly getting worse? i have ankylosing spondylitis and the last 4 months have been brutal. low back pain, rib pain, stiffness that lasts all day, and now my neck is starting to join the party. nsaids barely help and they’re tearing up my stomach, so i’m already miserable before breakfast.

pot is the only thing that makes sitting through the workday remotely possible, but i’m tired of having to choose between being in pain or being foggy. i asked about changing meds and got told to “give it more time,” which is easy to say when you’re not the one trying to stand up from a chair like a 90-year-old. i’m trying not to spiral but i’m angry, exhausted, and worried this is just going to keep creeping upward.",1
synth::trad::2::0073::0,,synthpost::trad::2::0073::0,2,cbd,"has anyone else had their hands just completely quit on them?? i’m 31 with suspected psa and the last month has been brutal. both wrists are stiff when i wake up, my fingers look like little sausages, and by afternoon i can barely open jars or hold my phone. my rheum appointment got moved again so i’m stuck waiting. i’ve been taking naproxen on and off, soaking in hot water, and trying cbd gummies at night but honestly i’m still waking up every 2-3 hours from pain. i’m getting scared because it feels like everything is spreading faster than it should. i don’t even know what symptom to complain about first when i finally get seen. any advice for surviving this kind of flare while you’re waiting on a doc? everything hurts and i’m exhausted.",1
synth::trad::2::0073::1,,synthpost::trad::2::0073::1,2,weed,"diagnosed with sle last year and i swear every time i think i’m stabilizing, something new shows up. this week it’s been insane fatigue, chest tightness when i breathe deep, and random hot stabbing pain in my ribs. i missed work twice already and now my boss is acting like i’m faking it. my labs were ""not terrible"" according to the office, which somehow made me feel even worse because i still feel like garbage. i’ve been using heat packs, tylenol, and a little weed at night just to fall asleep, but the relief is barely there. i’m also getting weird tingling in my feet and i can’t tell if i’m spiraling or if this is just another flare. how do you keep from losing your mind when your body keeps changing and nobody around you gets it?",1
synth::trad::2::0073::2,,synthpost::trad::2::0073::2,2,cannabis,"i’m honestly so discouraged. i have ra and the joint pain is bad enough, but the prednisone made me swell up, the mtx made me nauseous, and the biologic they wanted is still stuck in insurance hell. meanwhile my knees and ankles feel like they’re full of glass every morning. i’ve tried stretching, compression sleeves, ice, heat, and cannabis at night, and none of it makes a real dent. i’m supposed to be able to take care of my kids and i can barely get up from the floor after playing with them. my rheum says to be patient, but it’s hard not to panic when you’re hurting this much every day. has anyone found anything that actually helped while waiting for a med to kick in? i’m open to anything at this point because i’m running out of patience and energy.",1
synth::trad::2::0073::3,,synthpost::trad::2::0073::3,2,thc,"could use some reassurance from people who get it. i’ve got sjogren’s and the dryness has gotten so bad lately that my mouth cracks when i talk and my eyes burn even with drops. on top of that my joints have been flaring like crazy, especially my shoulders and jaw. i’m not sleeping, i’m irritable, and i feel like a completely different person from 6 months ago. i started a thc tincture a few weeks ago because i was desperate for sleep, but i still wake up aching and foggy. the worst part is how invisible all of this looks to everyone else. i keep hearing ""but you look fine"" which makes me want to scream. if anyone has dealt with a bad stretch like this, how do you cope when the basics of eating, sleeping, and working start falling apart?",1
synth::trad::2::0073::4,,synthpost::trad::2::0073::4,2,medical marijuana,"i feel like i am falling apart and i hate that i’m even posting this but i don’t know what else to do. i have ankylosing spondylitis and the pain is now in my lower back, hips, and shoulders all at once. mornings are a disaster; i need 20 minutes just to stand upright and by evening i’m limping around the house like i’m 90. my doc is trying to get a new biologic approved, but the wait is dragging on and i’m stuck with meloxicam, muscle relaxers, and medical marijuana, which only takes the edge off for maybe an hour. i’ve started crying from frustration more than pain, which is embarrassing to admit. does anyone have any practical tips for getting through the waiting period when every day feels like a bad one? i’m trying not to get hopeless but it’s getting hard.",1
synth::trad::2::0074::0,,synthpost::trad::2::0074::0,2,cbd,"anyone else feel like cbd is basically useless once the inflammation really gets going? i bought a tincture, a cream, and even gummies because i was desperate for something that wouldn't wreck my stomach like nsaids do. i have psoriatic arthritis and i'm still waking up stiff, hands swollen, knees burning, and my lower back feels like it was cemented overnight. the only thing the cbd seems to do is make me sleepy for an hour and then i'm right back to limping around the house. my rheum keeps saying we need to 'give the biologic more time' but it's been months and i feel worse than before starting it. i just wanted one thing that helped me get through work without crying in the car. instead i'm spending money i don't have on products that do nothing. is there any point in trying a different cbd ratio or am i just kidding myself? feeling pretty defeated today.",1
synth::trad::2::0074::1,,synthpost::trad::2::0074::1,2,cannabis,"i'm getting really frustrated with this whole process. i have ra and i've been on methotrexate for 4 months now, plus folic acid, and the nausea is still brutal. i missed two shifts this week because i couldn't stop dry heaving in the morning and then i felt like a zombie all day. my doctor suggested 'trying cannabis for appetite' which would be great if i could actually tolerate it, but every time i use it i get super anxious and my heart races, so i end up feeling worse. meanwhile the joint pain in my wrists and feet hasn't improved at all. i can barely open jars, my grip is shot, and i'm tired of pretending i'm functional when i'm not. everyone keeps telling me to hang in there, but i feel like i'm just collecting side effects with no actual relief.",1
synth::trad::2::0074::2,,synthpost::trad::2::0074::2,2,weed,"really not having a great month. i have lupus and a sjogren's workup going on, and now every appointment seems to bring a new problem. my eyes are so dry they burn, my mouth tastes like dust, and i keep getting random mouth sores that make eating miserable. i stopped smoking weed because i thought it might be making the dryness worse, but honestly the symptoms have not changed and now i'm just in pain and grumpy without even the distraction. the rheum office keeps moving my follow-up and nobody seems concerned that i've lost weight and can barely sleep from the joint pain in my shoulders and hands. i know there are bigger problems in the world, but right now i feel like my body is falling apart and no one can tell me why. i'm exhausted from being told to wait and see.",1
synth::trad::2::0074::3,,synthpost::trad::2::0074::3,2,thc,"has anyone else had thc completely backfire for them? i tried a low-dose edible at night because my ankylosing spondylitis pain has been keeping me awake and i was hoping it would help me relax. instead i spent half the night staring at the ceiling feeling dizzy, paranoid, and even more aware of how much my hips and ribs hurt. by morning i was nauseous and groggy, which made it impossible to work. my nsaid doesn't touch the pain anymore and my rheum appointment isn't for another 6 weeks. i'm so over the cycle of trying something, getting hopeful, and then ending up in worse shape. i just want to sleep through one night without feeling like my spine is on fire. not sure what i'm supposed to do at this point.",1
synth::trad::2::0074::4,,synthpost::trad::2::0074::4,2,medical marijuana,"i'm honestly at the end of my rope with this flare. i have severe reactive arthritis after a bad infection and the swelling in my ankles and wrists has me hobbling around like i'm 90. prednisone helps but the side effects are awful for me, especially the mood swings and the insane hunger. my pain clinic mentioned medical marijuana as an option, but the dispensary stuff i tried just knocked me out without touching the actual pain, so all i got was a nap and a headache. i keep hearing people say 'find the right strain' but i don't have the energy or money to keep playing scientist while i can't even dress myself some mornings. i'm trying to stay hopeful because my biologic was finally approved, but until it starts working i'm basically stuck in bed with ice packs and bad news. just needed to vent because today has been rough.",1
synth::trad::2::0075::0,,synthpost::trad::2::0075::0,2,cbd,"i'm so frustrated i could scream. i've been bouncing between rheum and neuro for months because of this weird mix of joint pain, numbness in my hands, and awful morning stiffness that makes it feel like i'm 80 when i'm only 34. my bloodwork keeps coming back 'inconclusive' and every appointment ends with another wait-and-see plan. i started trying cbd gummies at night because i was desperate for sleep, and they take the edge off maybe 10%. but i'm still waking up exhausted and hurting, and i'm honestly terrified this is just going to keep getting worse while everyone keeps shrugging. i just want someone to tell me what is actually going on.",1
synth::trad::2::0075::1,,synthpost::trad::2::0075::1,2,marijuana,"anyone else feel like this whole diagnosis process is just one giant joke? i've got sicca symptoms, random fevers, burning feet, and this deep ache in my shoulders/hips that never really goes away. my rheumatologist says ""possibly inflammatory"" but won't commit to anything yet. i've been using marijuana occasionally because i can't take much else without my stomach revolting, but it's not fixing the bigger problem and now i'm getting more annoyed than relieved. every time i think i have a plan, a new lab or symptom knocks it out from under me. i'm so tired of being tired and being told to be patient.",1
synth::trad::2::0075::2,,synthpost::trad::2::0075::2,2,weed,"just needed to vent to people who might actually get it. the pain has gotten bad enough that i can barely sit through a work meeting, and by the end of the day my hands feel swollen even when they don't look it. i'm waiting on imaging for possible spondyloarthritis, which means i'm stuck in this weird limbo where nobody wants to treat aggressively yet. i tried weed on a friend's suggestion because i was desperate for something to help me sleep, but all it really did was make me more aware of how miserable my joints already are. i hate that i'm planning my entire week around pain levels and doctor's appointments now.",1
synth::trad::2::0075::3,,synthpost::trad::2::0075::3,2,medical marijuana,"feeling pretty defeated tonight. my diagnosis is still technically 'suspected' despite positive ana, dry eyes, mouth ulcers, and enough joint pain to make basic chores feel impossible. the last appointment ended with more referrals, which means more months of waiting while my symptoms keep piling up. i got approved for medical marijuana after a lot of back-and-forth with the clinic, but the irony is that i still can't function well enough to feel like myself. it helps a little with sleep, sure, but it doesn't stop the constant burning in my knees and wrists. i miss having even one normal day.",1
synth::trad::2::0075::4,,synthpost::trad::2::0075::4,2,thc,"i'm honestly at the end of my rope. since the flare started, my lower back and si joints have been on fire, and now i'm getting weird rib pain and fatigue that feels like i've been hit by a truck. the rheum wants more tests before starting anything, so i'm just stuck waiting while trying not to fall apart at work. i tried a low dose thc tincture at night hoping it would at least help me rest, but i still woke up stiff and miserable. it's depressing how much time i spend looking for any tiny thing that helps, and how little actually does. i just want my body to calm down for once.",1
synth::trad::2::0076::0,,synthpost::trad::2::0076::0,2,weed,"late night vent because i can't sleep anyway. i've got suspected psoriatic arthritis and everything feels like it's on fire at once — hands, knees, jaw, even my ribs when i breathe deep. my rheum appointment got pushed out again and my pcp keeps telling me to ""stay active"" like i haven't been limping around my apartment for months. nsaids barely touch it, prednisone helped for three days and then i paid for it with insomnia and a racing heart. i tried weed a few times because everyone says it helps with pain and sleep, but all it did was make me hyperaware of how wrecked my body feels and then i spent the night staring at the ceiling. i'm tired, sore, angry, and weirdly embarrassed for being this frustrated. i know i'm not dying, but it sure feels like my whole life has been reduced to managing flares and waiting rooms.",1
synth::trad::2::0076::1,,synthpost::trad::2::0076::1,2,cbd,"does anyone else feel like the fatigue is the actual disease and the joint pain is just the garnish? i have ra and the stiffness is bad, but the exhaustion is what is really ruining me. i can get through work with a face full of caffeine and then come home and basically collapse on the couch until bed. my doctor switched me off one med, started another, and told me to be patient for 8-12 weeks, which sounds great in theory if i wasn't missing work and canceling plans every single weekend. i tried cbd oil at night hoping it'd at least help me relax, but honestly it does almost nothing except make my wallet lighter. i'm just feeling hopeless today. i miss being able to make dinner without planning a recovery nap afterward.",1
synth::trad::2::0076::2,,synthpost::trad::2::0076::2,2,cannabis,"rheum appointment in 6 weeks and i'm already losing my mind. suspected lupus / overlap stuff, tons of weird symptoms, and no one is giving me a straight answer. i get the face rash, sore fingers, random chest wall pain, and the kind of brain fog where i walk into rooms and forget why i'm there. my labs keep coming back ""not dramatic enough"" so i'm stuck in limbo while everything keeps getting worse. i've been using cannabis at night because the pain and nausea are nonstop, but it only takes the edge off for maybe an hour. the problem is i'm still waking up at 3am with aching joints and then i'm useless the next day. i don't even want a miracle, just some way to function long enough to keep my job and not feel like i'm falling apart.",1
synth::trad::2::0076::3,,synthpost::trad::2::0076::3,2,medical marijuana,"i'm 29 and have ankylosing spondylitis plus what feels like a bonus package of tendinitis and nerve pain. mornings are brutal, sitting is brutal, standing too long is brutal, so basically existing is brutal. my biologic is finally starting to do something for the inflammation, but the pain in my low back and hips still hangs around like a bad roommate. i asked my doctor about medical marijuana because i'm out of ideas and trying not to keep escalating pain meds, but getting any real information out of him was like pulling teeth. he just said to ""look into it"" and moved on. meanwhile i'm over here googling dispensary forms, wondering if this is going to help at all or just make me sleepy and broke. i'm exhausted from being my own case manager all the time.",1
synth::trad::2::0076::4,,synthpost::trad::2::0076::4,2,thc,"i hate making these posts because i know someone always says ""it'll get better,"" but right now it really doesn't feel like it. i've got undiagnosed inflammatory arthritis of some kind, every test is either borderline or normal, and i've been in this weird no-man's-land for over a year. the swelling comes and goes, my fingers look like sausages some mornings, and i get random flares that leave me shaking and nauseous. the worst part is not knowing whether i'm allowed to call it a flare if nobody has named the disease yet. i tried thc gummies once for pain and sleep and got maybe two hours of relief before feeling gross and panicky, so that was a dead end too. i'm just so done with being told to monitor symptoms and wait. waiting is all i've been doing, and i'm still getting worse.",1
synth::trad::2::0077::0,,synthpost::trad::2::0077::0,2,cbd,"i'm honestly at the end of my rope this week. i have ra, sjogren's, and what feels like a nonstop flare in every joint from my fingers to my ribs. my rheum moved my appointment out another 6 weeks and told me to ""give it time"" after the methotrexate started wrecking my stomach. i've tried heat, compression gloves, rest, stretching, and cbd gummies because everyone in my life acts like i just need to relax and breathe. none of it is touching this pain. i'm missing work, i'm sleeping in chunks, and i keep getting told i'm too young to be this limited. i don't need pep talks, i need my body to stop fighting me for one damn day.",1
synth::trad::2::0077::1,,synthpost::trad::2::0077::1,2,medical marijuana,"does anyone else feel like the diagnosis was almost easier than the waiting? i've had increasing inflammatory back pain, hip pain, and random fatigue for years and now my rheumatologist is leaning toward axial spondyloarthritis. meanwhile every test seems to take forever and every phone call ends with ""we'll monitor it."" monitor what exactly, the fact that i can barely get out of bed some mornings? prednisone helped briefly and then the crash hit like a truck. i do have medical marijuana for nighttime pain, but it just makes me aware of how much i still hurt once it wears off. i'm trying to stay hopeful but right now i'm mostly just frustrated and exhausted.",1
synth::trad::2::0077::2,,synthpost::trad::2::0077::2,2,weed,"i know people mean well, but i am so sick of hearing random advice. i've got lupus and pericarditis history, and this latest flare has my chest, wrists, and knees acting up at the same time. my family keeps suggesting supplements, special diets, and weed like i'm one podcast away from being cured. i appreciate concern, really, but i'm already juggling plaquenil, bloodwork, cardiology follow-ups, and trying not to spiral every time my pulse goes weird. i miss feeling like my own body wasn't a daily problem. it is hard not to get bitter when even rest doesn't feel restful anymore.",1
synth::trad::2::0077::3,,synthpost::trad::2::0077::3,2,thc,"bad night, bad morning, bad everything. i woke up with my shoulders locked, jaw clenched, and both hands swollen enough that i couldn't get my rings off without soap. i have seronegative ra and fibro, so by noon i'm usually already spent, but lately the fatigue has been unreal. my doctor changed one med and told me to wait six weeks to see if it helps, which feels impossible when every day is a small disaster. thc helps me sleep a little, but it doesn't fix the crushing heaviness in my body or the guilt from canceling plans again. some days i feel like all i do is work, hurt, and apologize.",1
synth::trad::2::0077::4,,synthpost::trad::2::0077::4,2,cannabis,"i'm in that lovely phase where every specialist seems to point at someone else. rheum says my labs aren't ""bad enough,"" neuro thinks the numbness is from inflammation, and pcp keeps adjusting pain meds while i sit here barely making it through the week. i have psoriatic arthritis and maybe something else on top of it because the burning in my feet, the neck stiffness, and the random swelling are getting worse. i tried cannabis oil at night because i was desperate for sleep and all it did was help me pass out for a few hours before the pain dragged me back up. i'm tired of being the person who always has a story about how bad it got this time. i just want one appointment where someone actually has a plan.",1
synth::trad::2::0078::0,,synthpost::trad::2::0078::0,2,cbd,"i'm honestly at my wits end with this stupid flare cycle. i've got sjogren's plus inflammatory arthritis and the combo has turned everyday stuff into a full time job. my hands burn, my jaw hurts so bad i can barely chew, and the fatigue is unreal. my rheum keeps saying my labs are 'not that bad' so we can just watch and wait, which feels insane when i can barely get through a work shift. nsaids upset my stomach, prednisone makes me feel like a wired zombie, and plaquenil did nothing except make me nauseous. i've seen people mention cbd for pain and sleep, but i'm skeptical and also tired of spending money on things that don't help. does anyone here actually get relief from it, or is it just another thing doctors shrug at? i just want one week where my body doesn't feel like it's actively attacking me.",1
synth::trad::2::0078::1,,synthpost::trad::2::0078::1,2,weed,"does anyone else get treated like they are exaggerating because they 'look fine'? i have psoriatic arthritis and on the outside i guess i seem okay, but inside i'm stiff, exhausted, and in pain from the second i wake up. my fingers are starting to bend weirdly, my knees feel like they're full of broken glass, and my scalp is constantly flaring. i had to stop gym stuff, stop hiking, and now even cooking dinner wipes me out. my primary said maybe i should just manage stress better, which made me want to scream. i have tried naproxen, diclofenac gel, hot baths, heating pads, all the boring stuff. a friend keeps telling me weed might take the edge off, but i'm honestly just desperate and embarrassed that i'm this young and already struggling to open jars like i'm 90. anyone else feel totally dismissed until things got really bad?",1
synth::trad::2::0078::2,,synthpost::trad::2::0078::2,2,thc,"i'm having one of those nights where the pain is louder than my thoughts. i have ankylosing spondylitis and the stiffness in my back and hips gets so bad after midnight that i end up pacing around the house like an idiot. meloxicam helps maybe 10%, and my doctor won't change anything until my next appointment in three weeks. i tried a thc gummy a couple times and it seemed to knock me out, but the next morning i felt groggy and still sore, so i'm not sure if it's worth it. what do people actually do when the pain is stopping sleep every single night? i am so tired of being told to stretch more when i already do the stretches, heat, pillows, changing positions, all of it. i just want one normal night of sleep without feeling like my spine is welded together.",1
synth::trad::2::0078::3,,synthpost::trad::2::0078::3,2,medical marijuana,"i was diagnosed with lupus years ago and somehow i still get surprised by how random this disease is. this week i've got chest pain, a weird rash on my arms, and joints that feel like they're full of gravel. my last rheumatology visit was basically 'everything looks stable' even though i can barely hold a steering wheel some days. i lost my job earlier this year because i kept missing shifts from fatigue and flares, and i'm trying really hard not to spiral but it's rough. i've been reading about medical marijuana because i can't keep bouncing between meds that either do nothing or wreck my stomach. i don't want to get high, i just want less pain and maybe enough energy to function. has anyone with lupus actually found it helpful for flares or sleep, or did it just make you feel worse?",1
synth::trad::2::0078::4,,synthpost::trad::2::0078::4,2,cannabis,"not sure if this is the right place, but i'm pretty fed up and needed to vent somewhere people might get it. i have ra and the last few months have been a mess: swollen wrists, morning stiffness that lasts half the day, and random low grade fevers that make me feel like i'm coming down with something every week. my rheumatologist keeps changing little things instead of addressing that i am clearly not doing well. methotrexate made me feel sick for 2 days after every dose, and now i'm on a new med that seems equally underwhelming. a coworker suggested cannabis for pain, but i've never used it and honestly i'm nervous to try anything at this point because nothing else has been straightforward. i'm tired of being told to be patient when the pain is interfering with literally everything. if anyone has been stuck in this 'not bad enough to change, but bad enough to live like this' phase, how did you deal with it?",1
synth::trad::2::0079::0,,synthpost::trad::2::0079::0,2,cbd,"been dealing with psoriatic arthritis for about 2 years now and this winter has me absolutely wrecked. my hands are so swollen in the morning i can barely open a jar, and my knees feel like they’re full of glass. i tried a bunch of the usual stuff and the side effects are almost as bad as the pain. someone at work keeps pushing cbd oil like it’s some magic fix but honestly i’m running out of patience with anything that promises relief and doesn’t really do much. i’m tired, cranky, and can’t keep up with my job or my kids. just wondering if anyone else feels like they’re constantly chasing the next thing that might help and never getting there. this disease is exhausting.",1
synth::trad::2::0079::1,,synthpost::trad::2::0079::1,2,weed,"just got back from rheum and i’m more discouraged than when i walked in. labs are a mess, my joints hurt, my neck is stiff, and now they want me to wait another 8 weeks before changing anything because “it takes time.” meanwhile i’m missing work and i feel 80 years old getting out of bed. i’ve been using weed at night because it’s the only thing that lets me sleep a few hours without waking up in pain, but even that barely takes the edge off. i don’t know how people do this for years. does anyone actually get to a point where the meds help enough to live normally again? because right now i’m just surviving and i hate it.",1
synth::trad::2::0079::2,,synthpost::trad::2::0079::2,2,medical marijuana,"i’m honestly so frustrated i could cry. i have sjogren’s and a bunch of random inflammatory joint pain on top of it, and every med seems to either do nothing or make me feel gross. prednisone helped for like 3 days and then i was right back where i started, except now i’m even more jittery and irritable. i’ve been looking into medical marijuana because i’m desperate for something that might help me sleep and function, but i’m nervous about wasting money on another thing that ends up being useless. i’m already so behind on work and my house is a disaster because i can’t keep up. does anyone have a combo of meds or routines that actually made life less miserable?",1
synth::trad::2::0079::3,,synthpost::trad::2::0079::3,2,thc,"anyone else feel like they spend half their life waiting on a medication to either work or fail? i have ankylosing spondylitis and every morning starts with pain in my hips and lower back, then by evening my shoulders and ribs join the party. i can’t take nsaids long term, so i’m stuck juggling prescriptions and hoping for the best. i use thc gummies sometimes when the pain is bad enough that i can’t relax, but even that is more about getting through the night than actually feeling okay. i’m just so tired of being told to be patient when i’ve already been patient for months. i’m losing hope a little bit every day.",1
synth::trad::2::0079::4,,synthpost::trad::2::0079::4,2,pot,"i’m 29, newly diagnosed with uctd, and i feel like my body is falling apart while everyone around me acts like i’m overreacting. the fatigue is brutal, my wrists and fingers ache all day, and my skin has been weirdly sensitive for months. i keep getting told to “rest more” like that’s a cure and not just another thing i’m failing at. i’ve been using pot on the worst nights because otherwise i just lie there staring at the ceiling feeling every single pain point in my body. it helps some, but i’m still miserable and scared this is only going to get worse. i just wanted to vent somewhere people would understand because i’m so over pretending this is fine.",1
synth::trad::2::0080::0,,synthpost::trad::2::0080::0,2,cbd,"i'm honestly at the end of my rope with this flare. my hands are so swollen in the mornings i can't even open a jar, my knees feel like they're full of gravel, and the fatigue is the kind that makes brushing my teeth feel like a chore. rheum changed my meds again and i'm waiting on prior auth for the next one, so for now i'm just stuck bouncing between ibuprofen, heat packs, and trying not to cry at work. i started taking cbd gummies because a friend swore they helped her sleep, but all i've really gotten is slightly less panic at 2am and the same awful pain at 6am. i know i'm not supposed to ask for miracles, i just want one normal week where my body doesn't fight me every single hour.",1
synth::trad::2::0080::1,,synthpost::trad::2::0080::1,2,weed,"just venting because i'm tired of pretending this is fine. i was diagnosed with ra last year after months of being told it was stress, then maybe depression, then maybe ""you work too much."" meanwhile my wrists were on fire and i couldn't stand long enough to cook dinner. i've tried sulfasalazine, methotrexate, prednisone tapers, all of it, and i still spend most evenings lying on the couch feeling like i've been hit by a truck. the only thing that took the edge off even a little was weed, but it doesn't touch the exhaustion or the brain fog. my family keeps saying i need to think positive and get more exercise, which is hilarious because i can barely make it through grocery shopping. i'm just so angry that my whole life now revolves around pain meds, lab results, and waiting rooms.",1
synth::trad::2::0080::2,,synthpost::trad::2::0080::2,2,thc,"has anyone else had their stomach completely revolt on these meds? i have sle and inflammatory arthritis, and between the hydroxychloroquine, naproxen, and whatever else they keep adding, i spend half my day nauseous and the other half exhausted. my appetite is basically gone, but if i don't eat then the meds make me sicker, so it's this dumb little loop i can't get out of. i tried thc oil at night hoping it would help with sleep and appetite, but it mostly just makes me feel weird and then i still wake up at 3am in pain. i missed two shifts this week already and i'm worried i'm going to lose my job because i can't keep functioning like this. i just wanted something that would make this disease easier to manage, not another thing to experiment with.",1
synth::trad::2::0080::3,,synthpost::trad::2::0080::3,2,medical marijuana,"i'm having such a rough time mentally with this diagnosis. i know psoriatic arthritis isn't the worst thing in the world, but the combination of constant pain, ugly flares, and being too tired to do anything has basically erased the person i used to be. i'm 33 and feel like i'm 83. my doctor finally agreed to a biologic, but the insurance company is dragging it out for weeks and every day feels longer than the last. a relative suggested medical marijuana, so i looked into it, but in my state the process is expensive and annoying and i don't even know if it's worth the hassle. mostly i just feel discouraged because every possible option seems to come with another barrier, another form, another copay, another wait. i'm so sick of being told to be patient when i'm the one living in this body.",1
synth::trad::2::0080::4,,synthpost::trad::2::0080::4,2,pot,"tiny rant: i had my rheum follow-up today and left feeling worse than when i walked in. my inflammation markers are ""not that bad"" apparently, so the answer is just keep taking the same meds and wait until things get worse enough to show on paper. meanwhile my back hurts to sit, my fingers are stiff every morning, and i'm falling asleep at my desk because the fatigue is ridiculous. i've tried heat, stretching, turmeric, pot, and basically every otc thing people recommend in comments, and nothing changes the fact that i feel sick all the time. i'm grateful i'm not in the hospital or anything, but living in this weird in-between state where you're clearly not okay and also not bad enough for anyone to care is exhausting.",1
synth::trad::2::0081::0,,synthpost::trad::2::0081::0,2,cbd,"i'm honestly at the end of my rope. i've got psoriatic arthritis and the last 3 weeks my hands have been so swollen i can barely twist a bottle cap, let alone do my job at the hospital. rheum bumped my biologic but it's too early to know if it'll help, and the naproxen is tearing up my stomach. a friend keeps telling me to try cbd gummies for the pain and sleep, but all they really seem to do is make me sleepy while my fingers still feel like they're being crushed in a vise. i'm tired, frustrated, and scared this is just my new normal.",1
synth::trad::2::0081::1,,synthpost::trad::2::0081::1,2,cannabis,"anyone else feel like their body has completely mutinied? i'm 29 with lupus and the fatigue has gotten so bad that showering feels like a workout. joints ache, chest hurts when i breathe too deeply, and my brain is foggy enough that i keep missing words mid-sentence. i've been using cannabis on and off because nausea from meds is awful, but lately it doesn't seem to touch the pain or the exhaustion. i had to call out of work again today and i'm just sitting here angry at myself for not being able to keep up with life.",1
synth::trad::2::0081::2,,synthpost::trad::2::0081::2,2,weed,"i hate posting when i'm spiraling but i need to vent somewhere. i've had ankylosing spondylitis for years and this flare is brutal: lower back on fire, hips stiff as concrete, and my ribs feel like they're being squeezed every time i take a deep breath. i used to think weed helped me get through the bad nights, but now it barely takes the edge off and i wake up feeling like i got hit by a truck anyway. i'm waiting on a rheum appointment that isn't for another 10 weeks and i'm terrified they're just going to tell me to stretch more. i can barely sit at my desk for 20 minutes.",1
synth::trad::2::0081::3,,synthpost::trad::2::0081::3,2,medical marijuana,"my rheumatologist keeps saying my labs don't look 'that bad' but i can promise my body did not get that memo. i've got undifferentiated connective tissue disease and every day it's a different mess: wrists burning, knees popping, random fevers, and this awful all-over soreness that makes me feel 80. i tried medical marijuana because i was desperate for sleep, and sure, i slept, but i woke up just as sore and nauseated as before. now i'm behind on work, behind on errands, and behind on life in general. i'm just really discouraged because nothing feels like it actually helps.",1
synth::trad::2::0081::4,,synthpost::trad::2::0081::4,2,thc,"does anyone else get weirdly panicked when their pain is bad enough? i have ra and lately the flare pattern has been vicious—shoulders, feet, jaw, then everything at once. by evening i'm shaky from pain and probably not eating enough because my hands hurt too much to cook. i've been using a low dose thc tincture at night, but if i'm already nauseous it sometimes makes me feel worse instead of better, which is super fun. i'm supposed to wait until my next infusion to see if things calm down, but right now i'm missing work, not sleeping, and feeling pretty hopeless.",1
