instance_id,source_row_id,post_id,label,aspect,input_text,synthetic
synth::trad::0::0000::0,,synthpost::trad::0::0000::0,0,cbd,"hi all, i'm a 32yo with psoriatic arthritis and i've been gathering info on cbd because my rheumatologist said it might be worth discussing for sleep and stiffness. i'm not looking for miracle claims, just real-world experiences from people who have tried it alongside dmards or biologics. did anyone notice any changes in morning pain, anxiety, or side effects? if you tried gummies, tinctures, or topicals, what seemed to make the most difference? i know everyone responds differently, but hearing what other patients actually did has been more helpful than google.",1
synth::trad::0::0000::1,,synthpost::trad::0::0000::1,0,medical marijuana,"my appointment list keeps getting longer and i'm trying to figure out a workable plan for the next few months. i have ra, a job that involves a lot of typing, and nights are the worst because my hands stiffen up so much i wake up sore. my doctor brought up medical marijuana as one of the options for pain and sleep, but i have never used it before and don't know what to ask. has anyone here gone through the process for an authorization, and if so, did it help with nighttime pain without making you too groggy the next day?",1
synth::trad::0::0000::2,,synthpost::trad::0::0000::2,0,thc,"question for anyone with lupus or inflammatory arthritis: has a low-dose thc cream or balm actually done anything for localized joint pain? i bought one mostly out of curiosity after my wrists and ankles were acting up, and i can't tell whether i'm noticing a real effect or just the massage/routine of applying it. i'm on hydroxychloroquine and naproxen as needed, and i wasn't expecting a dramatic change, just a bit of relief would be nice. if you've used a thc topical, did it seem better for certain joints or time of day?",1
synth::trad::0::0000::3,,synthpost::trad::0::0000::3,0,cannabis,"i've been reading through older threads and trying to separate anecdote from useful information. i'm newly diagnosed with ankylosing spondylitis and am still figuring out what my baseline symptoms are versus what is a flare, which makes it hard to judge anything new. i also live in a state where cannabis is legal, so i'm wondering what kind of questions people asked their doctors before trying it. mostly i'm curious whether anyone here found it helpful for sleep, appetite, or muscle tightness, or whether it just didn't fit into their routine.",1
synth::trad::0::0000::4,,synthpost::trad::0::0000::4,0,pot,"anyone have a simple timing system for taking their meds and using pot at night? i'm on plaquenil and a low dose of prednisone right now, and the combo of pain + poor sleep has been rough. i don't want to overcomplicate things, but i also don't want to take something that makes me feel weird the next morning. i've tried the usual non-prescription stuff, and some nights it helps a little, other nights not much at all. if you use pot occasionally for sleep or pain, do you space it out from your meds or just keep everything separate by a few hours?",1
synth::trad::0::0001::0,,synthpost::trad::0::0001::0,0,cbd,"hey all, quick question for anyone with ra or psoriatic arthritis: has anyone here used cbd oil alongside a biologic or nsaid? my rheum said to keep track of anything new i try, so i'm just gathering info before i decide whether to pick some up. i'm mainly looking for something that might help with sleep and morning stiffness, not expecting miracles. if you've tried it, did you notice anything at all or was it basically a waste of money?",1
synth::trad::0::0001::1,,synthpost::trad::0::0001::1,0,cannabis,"i'm newly diagnosed with lupus and still trying to figure out what helps on bad days. a couple of friends keep suggesting cannabis for pain and appetite, but i don't know anyone personally who uses it for an autoimmune condition. if you've found a particular form helpful, what was it like starting out? i'm more interested in practical experiences than big claims, especially with dosage, side effects, and whether it interfered with meds.",1
synth::trad::0::0001::2,,synthpost::trad::0::0001::2,0,medical marijuana,"has anyone with ankylosing spondylitis gotten a medical marijuana card and actually found it useful? i'm in the annoying stage where i'm not in a full flare, but i'm never really comfortable either. i keep seeing mixed opinions online and it's hard to tell what's hype versus real life. i'd appreciate hearing how people decided whether it was worth trying, and whether it helped more with pain, sleep, or just getting through the day.",1
synth::trad::0::0001::3,,synthpost::trad::0::0001::3,0,thc,"i've been reading old threads about thc and pain relief for autoimmune stuff, but most of them are all over the place. i'm on methotrexate and hydroxychloroquine and i don't want to do anything dumb, i'm just curious what people actually experienced. did low thc products make you sleepy, anxious, or nothing at all? also wondering if anyone found a ratio that worked better for evening use.",1
synth::trad::0::0001::4,,synthpost::trad::0::0001::4,0,weed,"random question for the group: do any of you use weed during flares, or did you try it and decide it wasn't for you? i have sjogren's and a lot of dryness plus joint pain, so i'm trying to build a list of options before my next appointment. i'm not asking for medical advice, just real-world experiences. even little details like how you felt the next morning would be helpful.",1
synth::trad::0::0002::0,,synthpost::trad::0::0002::0,0,cbd,"has anyone here had any luck with cbd gummies for morning stiffness? i was diagnosed with inflammatory arthritis last year and i'm still figuring out what helps versus what just makes me sleepy. i'm on meloxicam right now, and my doctor said to be careful with anything over the counter, so i figured i'd ask here before trying anything new. not looking for a miracle, just wondering if people notice any difference at all.",1
synth::trad::0::0002::1,,synthpost::trad::0::0002::1,0,cannabis,"i'm trying to do a little research before my next rheum appointment and wanted to hear from people with real experience. has anyone found any good papers on cannabis and joint pain, especially for lupus or ra? i'm not trying to replace my meds, just trying to understand what seems to help with flare pain and what doesn't. even anecdotal experiences would be useful since i keep running into mixed info online.",1
synth::trad::0::0002::2,,synthpost::trad::0::0002::2,0,marijuana,"quick question for anyone on methotrexate: did marijuana make the nausea any worse, or did it help you keep food down? i'm only a couple months into treatment for psoriatic arthritis and the fatigue is one thing, but the stomach issues are what are really getting to me lately. i'm also on folic acid and nsaids. just curious what others have run into, since every post i read seems to say something different.",1
synth::trad::0::0002::3,,synthpost::trad::0::0002::3,0,thc,"does anyone use a thc topical for hand pain? i have suspected ankylosing spondylitis and my fingers have been weirdly sore in the mornings, especially after typing all day. i already do heat, stretches, and ibuprofen when needed, but i'm open to trying something mild if it might take the edge off. not expecting it to fix anything, just wondering whether it's worth buying or if the effect is basically nothing.",1
synth::trad::0::0002::4,,synthpost::trad::0::0002::4,0,weed,"i've got a rheumatology consult coming up in a few weeks and i'm making a list of questions so i don't forget anything. one thing i want to ask about is weed, since a couple friends swear it helps them sleep when pain keeps them up. i'm on hydroxychloroquine for now and still having nights where i wake up stiff and annoyed, so i'm mostly just trying to understand whether there are any concerns or interactions worth bringing up. if anyone has asked their doctor about it, i'd appreciate hearing how that conversation went.",1
synth::trad::0::0003::0,,synthpost::trad::0::0003::0,0,cbd,"has anyone with ra tried cbd capsules for morning hand pain? i’m on methotrexate and hydroxychloroquine and i’m trying to figure out if the cbd is actually doing anything or if i’m just having a couple better days by chance. i’m not looking to replace my meds, just wondering what people noticed, how much they took, and if it made them sleepy at all.",1
synth::trad::0::0003::1,,synthpost::trad::0::0003::1,0,thc,"i’ve got psoriatic arthritis and sleep has been awful lately because of the hip pain. a friend gave me a small thc gummy to try, but i’m a little nervous about dosing because i don’t want to be out of it the next morning. for those who use thc at night, do you start really low? did it help with staying asleep more than with pain itself?",1
synth::trad::0::0003::2,,synthpost::trad::0::0003::2,0,cannabis,"my rheumatologist mentioned that cannabis is legal here and said some patients use it for symptom control, but i’m still trying to understand what actually helps. i have sle and mostly deal with fatigue, joint aches, and terrible appetite on flare days. if anyone has tried it in a non-smoking form, what was your experience like and did it mess with any of your other meds?",1
synth::trad::0::0003::3,,synthpost::trad::0::0003::3,0,marijuana,"quick question for the group: does marijuana show up differently on a urine test if it’s used as an edible vs vape? i have ankylosing spondylitis and i’m considering changing jobs soon, so i’m trying to be careful before i even try anything. i’m mostly curious because pain and sleep are getting harder, but i can’t risk surprises with testing.",1
synth::trad::0::0003::4,,synthpost::trad::0::0003::4,0,weed,"i’m not expecting miracles or anything, just looking for practical advice. my wrists and knees have been flaring and my gp suggested i ask around about weed or cbd oil before getting more aggressive with pain meds. has anyone noticed one works better for stiffness, or is it mostly just a mild distraction from pain? also, any brands/types that don’t taste awful would be appreciated.",1
synth::trad::0::0004::0,,synthpost::trad::0::0004::0,0,cbd,"hey everyone, newly diagnosed with sjogren's and still trying to sort out what actually helps vs what just sounds good on paper. my rheumatologist is fine with me trying non-prescription options as long as i keep track of symptoms, so i’m making a little log for pain, dry eyes, sleep, and fatigue. has anyone here noticed any change with cbd oil or gummies for generalized aches? i’m not expecting a miracle, just trying to avoid making things worse while i wait for my next labs.",1
synth::trad::0::0004::1,,synthpost::trad::0::0004::1,0,medical marijuana,"question for the group: if you’ve used medical marijuana for inflammatory arthritis, did it end up helping more with pain or with sleep? i’m in the middle of a med change and honestly don’t want to keep guessing. my primary is cautious, my rheum is not exactly enthusiastic, and i’m just trying to gather real-world experiences before i bring it up again. any notes on dosing, forms, or what to avoid would be appreciated.",1
synth::trad::0::0004::2,,synthpost::trad::0::0004::2,0,thc,"i had my follow-up with dermatology today and we went over a bunch of the rash photos i’d been taking. they think some of it is cutaneous lupus, but they want a biopsy before they call it for sure. in the meantime i’m using the creams they prescribed and a thc topical at night when the burning gets bad. it takes the edge off sometimes, but not consistently. mostly posting because i’m relieved to finally have a plan and wanted to see if anyone else had weird skin flares that changed shape over time.",1
synth::trad::0::0004::3,,synthpost::trad::0::0004::3,0,weed,"not looking to start a debate, just curious: has anyone with ra or sjogren’s had issues with weed and their meds? i’m on hydroxychloroquine and a low-dose steroid taper, and i keep seeing mixed advice online about interactions and whether it’s worth trying for appetite or nausea. if you’ve discussed it with your doctor, did they have any concerns? i’m making a list before my next appointment.",1
synth::trad::0::0004::4,,synthpost::trad::0::0004::4,0,cannabis,"hi all, i’m helping my mom read through options for chronic pain because her current regimen is barely touching the stiffness anymore. she has mixed connective tissue disease and a long history of medication sensitivities, so we’re trying to be careful with anything new. i’ve seen people mention cannabis in a few support groups, but the information is all over the place. if anyone has a good article, clinician resource, or personal experience to share, i’d really appreciate it. just trying to get organized before her rheum visit next week.",1
synth::trad::0::0005::0,,synthpost::trad::0::0005::0,0,cbd,"quick question for people with ra/psA who use cbd: did you notice any difference with morning stiffness or just sleep? i’m on methotrexate and hydroxychloroquine and trying to keep my pain journal a little more organized before my next rheum appointment. i’m not looking for a miracle, just wondering what dose range people started with and whether you used tincture, gummies, or lotion. also curious if anyone had to adjust timing around meds.",1
synth::trad::0::0005::1,,synthpost::trad::0::0005::1,0,medical marijuana,"my rheumatologist brought up medical marijuana as an option for pain/sleep since nsaids are not doing much for my spondyloarthritis anymore. i’m reading through the state rules and the info online is kind of all over the place. for people who got certified, was it mostly helpful for rest, muscle spasm, or joint pain? i’m trying to get a realistic idea before i spend money on the evaluation.",1
synth::trad::0::0005::2,,synthpost::trad::0::0005::2,0,thc,"has anyone here used a low-dose thc product at night for autoimmune pain and actually felt normal the next morning? i have sjogren’s and inflammatory back pain, and i’m trying to figure out if a tiny amount would be enough or if it just makes people groggy. i already know everyone reacts differently, i’m mostly looking for general experiences with timing and side effects.",1
synth::trad::0::0005::3,,synthpost::trad::0::0005::3,0,cannabis,"i was reading a few older posts about cannabis and autoimmune disease and got a little lost in the differences between inhaled vs edible vs oil. my diagnosis is sle, and fatigue is honestly the worst part for me right now. if you’ve found one form more useful than another for pain, appetite, or sleep, what was it? not asking for medical advice, just trying to learn what people have actually tried.",1
synth::trad::0::0005::4,,synthpost::trad::0::0005::4,0,weed,"does anyone with ra or lupus track their symptoms after using weed products? i started keeping notes because i can never tell if a better night’s sleep means the joint swelling is actually improved or if i just feel less annoyed by it. i’m on a biologic and prednisone taper, so i’m being pretty cautious. curious if anyone noticed changes in appetite, nausea, or just general function during flares.",1
synth::trad::0::0006::0,,synthpost::trad::0::0006::0,0,cbd,"has anyone with sjogren's or ra talked to their rheum about cbd for stiffness or sleep? i'm trying to keep track of what people are using alongside the usual meds, mostly because my symptoms seem to shift week to week and i like hearing real-world experiences before bringing it up at my next appointment. not asking for medical advice, just curious how people fit cbd into their routine and whether they noticed any changes in morning pain or dry-eye days.",1
synth::trad::0::0006::1,,synthpost::trad::0::0006::1,0,medical marijuana,"i've been reading through old threads on medical marijuana and ankylosing spondylitis and i'm still trying to figure out what questions i should ask my doctor. the info online is all over the place, so if anyone has a list of things they discussed with their rheumatologist or pain specialist, i'd appreciate it. i'm mostly interested in how people approached dosing, timing, and whether it affected sleep or daily function.",1
synth::trad::0::0006::2,,synthpost::trad::0::0006::2,0,weed,"weird question maybe, but do any other lupus patients keep a symptom log that includes weed use, flares, and food changes? i'm trying to see if there is any pattern for me, especially with fatigue and brain fog, but it's hard to separate everything. i'm not assuming it causes anything one way or the other, i just want to track it more carefully for a few months and see what the notes show.",1
synth::trad::0::0006::3,,synthpost::trad::0::0006::3,0,thc,"my pharmacist mentioned that some people ask about thc products when they are trying to reduce nighttime pain meds, and i realized i don't know much about how it compares with other options. if you've ever discussed thc with your rheumatologist for autoimmune arthritis, what was that conversation like? i'm mainly interested in whether they had concerns about interactions, or if they simply referred you somewhere else.",1
synth::trad::0::0006::4,,synthpost::trad::0::0006::4,0,cannabis,"i'm putting together a small list of patient resources for people newly diagnosed with connective tissue disease, and one section is about cannabis because it comes up so often in support groups. if you know of any reliable patient education pages, studies, or clinics that explain the basics without sounding overly promotional, please share. i'm trying to make something practical for people who are just starting to navigate treatment and symptom management.",1
synth::trad::0::0007::0,,synthpost::trad::0::0007::0,0,cbd,"hi all, i was recently told i might have inflammatory arthritis and i'm trying to sort out what actually helps versus what just sounds promising. has anyone here tried cbd capsules or tincture for morning stiffness? i don't expect miracles, i just want to know if it takes the edge off enough to get moving. i'm already on naproxen and my stomach is not loving it. any brands, dosing tips, or ""did nothing for me"" stories would be helpful too.",1
synth::trad::0::0007::1,,synthpost::trad::0::0007::1,0,marijuana,"quick question for people with lupus or ra: has marijuana interfered with your meds or lab work in any way? i'm not looking to get high all day, just trying to understand if it made sleep/pain more manageable for you. my rheum is fine with discussing it but hasn't given much guidance. if you use it, do you prefer flower, gummies, or tinctures? i'm in a state where it's legal so that's not the issue, just trying to be informed before i bring it up again.",1
synth::trad::0::0007::2,,synthpost::trad::0::0007::2,0,thc,"anyone here use a thc topical for hand pain? i have weirdly bad pain in my wrists and the small joints of my fingers, especially after typing all day. i saw a balm that has both thc and menthol, but i can't tell if it's actually worth buying or just expensive lotion. i'm not expecting it to fix inflammation, just maybe help me get through evenings without constantly flexing my hands. curious what others have found.",1
synth::trad::0::0007::3,,synthpost::trad::0::0007::3,0,medical marijuana,"my doctor mentioned medical marijuana as something i could consider while we wait to see if my symptoms settle down on methotrexate. i'm a little overwhelmed because there are so many products and everyone online seems to swear by something different. has anyone gone through the card process for arthritis pain? did you find it helped with sleep, appetite, or just general comfort? i'd appreciate any practical advice, especially from people who were nervous about trying it at first.",1
synth::trad::0::0007::4,,synthpost::trad::0::0007::4,0,weed,"i've been dealing with a long fatigue spell and low-grade joint pain, and i'm trying to figure out whether any of it is medication related or just part of this whole autoimmune mess. one friend suggested weed for evenings, but i don't know what form makes sense if i'm only trying to relax and maybe sleep a little better. i don't smoke, so edibles or tinctures would be the only options i'd consider. if anyone has gone this route while on biologics, did you run into problems or find it helpful at all?",1
synth::trad::0::0008::0,,synthpost::trad::0::0008::0,0,cbd,"Does anyone with sjogren's use cbd at night for dryness-related discomfort and sleep? I’m on hydroxychloroquine and pilocarpine, and lately the pain in my hands has been making it hard to rest. I’m not looking for miracles, just wondering if a low dose cbd tincture has been worth trying or if it mostly just made people sleepy.",1
synth::trad::0::0008::1,,synthpost::trad::0::0008::1,0,medical marijuana,"Hi all, I have ankylosing spondylitis and I’m trying to figure out whether medical marijuana is even something worth bringing up with my rheumatologist. My biggest issues are morning stiffness, muscle spasms, and not sleeping through the night. If anyone has used it alongside biologics, what was the conversation with your doctor like?",1
synth::trad::0::0008::2,,synthpost::trad::0::0008::2,0,cannabis,"quick question for people with lupus: has cannabis affected your stomach issues at all? i’ve been having a lot of nausea on flare days and my usual meds only help a little. i’m not trying to replace anything, just curious whether it helped with appetite or made anyone feel worse.",1
synth::trad::0::0008::3,,synthpost::trad::0::0008::3,0,thc,"I’ve got RA and was thinking about trying a topical with thc for my wrists and knees. The pain is manageable during the day but gets annoying once I sit down at night. Anyone had luck with creams or balms, or is it usually too mild to notice much? Just trying to get a sense before I spend money on it.",1
synth::trad::0::0008::4,,synthpost::trad::0::0008::4,0,weed,"Been dealing with psoriatic arthritis for a while and I keep seeing mixed opinions about weed for inflammation and sleep. I already take methotrexate and folic acid, and I’m not asking for medical advice, just real-world experiences. Did it help anyone with getting through the bad flare weeks, or was it basically the same as taking an edible for relaxation?",1
synth::trad::0::0009::0,,synthpost::trad::0::0009::0,0,cbd,"hi everyone, quick question for people with ra or lupus: has anyone here used cbd cream on hands or wrists for morning stiffness? i’m on methotrexate and naproxen, but the tightness in my fingers has been getting annoying lately. i’m not looking for a miracle, just wondering if it helped a little, or if it was basically no different than lotion. also curious if anyone noticed any weird reaction with their meds.",1
synth::trad::0::0009::1,,synthpost::trad::0::0009::1,0,cannabis,"does anyone have experience using cannabis alongside biologics? i have psoriatic arthritis and my rheumatologist is fine with me asking about it, but i’m trying to figure out whether it’s actually useful for sleep and muscle aches or just makes me tired for no reason. if you’ve tried it, did you notice any change in pain the next day? i’m mostly interested in real-world experiences, not ads or articles.",1
synth::trad::0::0009::2,,synthpost::trad::0::0009::2,0,medical marijuana,"i was recently approved for medical marijuana for chronic joint pain, and i’m a little overwhelmed by all the options. there are tinctures, gummies, vapes, and different ratios everywhere, and i honestly don’t know where to start. my biggest issue is night pain from ankylosing spondylitis, plus stiffness when i wake up. if anyone found a beginner-friendly route that didn’t mess with their stomach or make them too groggy, i’d appreciate hearing about it.",1
synth::trad::0::0009::3,,synthpost::trad::0::0009::3,0,thc,"has anyone here with sjogren’s tried a low dose thc edible for sleep? i’m not asking for dosing advice, just wondering whether it actually helped you get through the night without waking up from pain or dry-mouth discomfort. i already take hydroxychloroquine and use a humidifier, but some nights are still rough. any general experiences would be helpful, especially if you found it more useful for rest than for pain.",1
synth::trad::0::0009::4,,synthpost::trad::0::0009::4,0,weed,"random question for the group: do you feel like weed affects your fatigue differently when your flare is active versus when things are calm? i have mixed connective tissue disease and sometimes my usual routine works fine, other times my body feels completely wiped out even without much pain. i’m trying to keep track of what helps and what doesn’t, since it’s hard to tell whether it’s the disease, meds, or just a bad week. anyone else keep notes like that?",1
synth::trad::0::0010::0,,synthpost::trad::0::0010::0,0,cbd,"hi everyone, i’m newly diagnosed with sjogren’s and trying to figure out what actually helps on the bad fatigue days. my rheumatologist said to keep a symptom log before changing anything, but i’ve seen a few people mention cbd for sleep and joint discomfort. has anyone here tracked whether it made a noticeable difference for dry mouth, pain, or just resting better? i’m not looking for a miracle, just trying to understand what other patients have found useful.",1
synth::trad::0::0010::1,,synthpost::trad::0::0010::1,0,medical marijuana,"does anyone have experience using medical marijuana alongside methotrexate or hydroxychloroquine? i have ra and my biggest issue right now is evening stiffness and not sleeping well after flare days. i’m not asking for medical advice, just wondering what people’s doctors said about interactions, dosing, or whether certain forms were easier to tolerate than others. if you tried it and it did nothing, that’s useful to know too.",1
synth::trad::0::0010::2,,synthpost::trad::0::0010::2,0,thc,"i’m dealing with lupus and fibromyalgia, and lately the thing that’s bothering me most is waking up every few hours from pain. my pain clinic brought up topical options and also low-dose thc products, but i haven’t used anything like that before. i’m mainly curious about whether people found the thc part too activating at night or if it helped them settle down. any experiences with gummies, oils, or capsules would be appreciated.",1
synth::trad::0::0010::3,,synthpost::trad::0::0010::3,0,cannabis,"just wanted to ask a general question for folks with autoimmune arthritis: has cannabis changed how you manage flares, or is it mostly just another tool in the toolbox? i’ve read a lot of mixed comments and it’s hard to tell what’s from actual symptom relief versus side effects or just getting through the day a little easier. i’m in the process of trying different approaches for pain and appetite, so i’d be interested in hearing what your routine looks like.",1
synth::trad::0::0010::4,,synthpost::trad::0::0010::4,0,weed,"my doctor suggested i keep an open mind about different options for sleep and pain while we wait to see if my next biologic kicks in. i’ve never been a regular user, but i’ve seen a few posts about weed helping people with morning stiffness and nausea from meds. if anyone has tried it for psoriatic arthritis, did you notice anything specific in terms of sleep quality or morning function? even short answers would help me get a sense of whether it’s worth discussing at my next appointment.",1
synth::trad::0::0011::0,,synthpost::trad::0::0011::0,0,cbd,"has anyone tried a cbd topical for hand or wrist pain? my rheumatologist is adjusting my meds right now and i'm trying to figure out what helps on the bad days between appointments. i don't want anything that makes me feel out of it, just something that might take the edge off the stiffness. curious if it helped anyone with swelling or if it was basically useless.",1
synth::trad::0::0011::1,,synthpost::trad::0::0011::1,0,medical marijuana,"hi all, i have ra and i've been reading a lot about medical marijuana lately because my current treatment plan still leaves me with a lot of nighttime pain. i'm not looking to replace anything on my own, just wondering what other people have experienced before i bring it up at my next visit. did your doctor seem open to it, and was it actually helpful for sleep or pain?",1
synth::trad::0::0011::2,,synthpost::trad::0::0011::2,0,thc,"random question for the lupus folks here: has anyone used a low dose thc tincture for nausea or appetite issues? i get pretty sensitive to meds in general, so i'm trying to gather a few real-life experiences before i spend the money. if you tried it, did you notice much difference, or was cbd enough for you instead?",1
synth::trad::0::0011::3,,synthpost::trad::0::0011::3,0,weed,"i have ankylosing spondylitis and i've been seeing mixed info about whether weed is okay when your chest/ribs are flaring. my pain is usually worse at night and i'm just trying to find something that doesn't upset my stomach like some of the other stuff i take. if you have used it, did you notice any effect on stiffness or sleep quality?",1
synth::trad::0::0011::4,,synthpost::trad::0::0011::4,0,cannabis,"does anyone here with sjogren's use cannabis in any form for dry mouth, pain, or sleep? i know the dry mouth part sounds backwards, but i'm mostly asking about how people manage that side effect if they try it. i'm still figuring out what works and what doesn't, so any honest experiences would be appreciated.",1
synth::trad::0::0012::0,,synthpost::trad::0::0012::0,0,cbd,"hey all, quick question for people with sjogren's or ra: has anyone tried cbd gummies for dryness-related discomfort or general aches? i'm on hydroxychloroquine and naproxen right now and i'm trying to figure out whether it’s worth bringing up with my rheumatologist. not looking for a miracle, just wondering what forms people prefer and whether there were any side effects like extra fatigue or stomach issues.",1
synth::trad::0::0012::1,,synthpost::trad::0::0012::1,0,weed,"i was diagnosed with psoriatic arthritis last year and i’m still trying to get a handle on what helps vs what just makes me sleepy. a friend mentioned weed for nighttime pain and stiffness, but i don’t really know where to start with dosing or whether it could mess with my methotrexate routine. if anyone has tried it in an arthritis context, what was your experience like?",1
synth::trad::0::0012::2,,synthpost::trad::0::0012::2,0,marijuana,"does anyone here use marijuana for sleep when their pain is acting up? i’m dealing with mixed connective tissue disease and lately the combination of muscle pain and waking up every few hours has been rough. my doctor is okay with me asking about it, but i’d like to hear from people who’ve actually tried it, especially if you use edibles instead of smoking.",1
synth::trad::0::0012::3,,synthpost::trad::0::0012::3,0,medical marijuana,"hi, i have ankylosing spondylitis and my mornings have been getting harder again, even though my labs are pretty stable. a coworker suggested medical marijuana and said some dispensaries have products aimed more at inflammation than just relaxation. is there any reason to be cautious with biologics, or should this just be a conversation for my rheum and pharmacist? just trying to gather some real-world thoughts.",1
synth::trad::0::0012::4,,synthpost::trad::0::0012::4,0,thc,"new to all of this and still sorting through options for chronic pain from lupus. i’ve seen people mention low-dose thc tinctures, but i’m not sure whether that’s something people use during the day or only at night. if anyone has experience comparing thc to cbd alone, i’d appreciate hearing how it affected brain fog, nausea, or just functioning in general.",1
synth::trad::0::0013::0,,synthpost::trad::0::0013::0,0,cbd,"hi everyone, i was dx with seropositive ra last year and i've been trying to sort out what helps on days when my hands are stiff in the morning. my rheum suggested keeping a symptom log while we adjust meds, and a friend mentioned cbd capsules for sleep and soreness. i'm not looking for a miracle, just wondering if anyone here has added cbd to their routine and noticed anything worth mentioning. did it help with rest or just make you feel relaxed? thanks in advance.",1
synth::trad::0::0013::1,,synthpost::trad::0::0013::1,0,marijuana,"has anyone with psoriatic arthritis had issues getting through mtx side effects? the fatigue and nausea are manageable most weeks, but every so often i feel wiped out for two days after my dose. i've tried the usual things like taking it at night, hydrating, and eating first. a couple people in my support group brought up marijuana for the nausea, so i was curious whether any of you have tried it and if it changed anything for you. not asking for medical advice, just personal experiences.",1
synth::trad::0::0013::2,,synthpost::trad::0::0013::2,0,weed,"random question for the group: does weed seem to affect your joint pain differently during a flare versus when things are calmer? i have axspa and some nights the pain is mostly in my lower back, other days it feels like every tendon is angry. i've seen mixed comments online and wanted to hear from people who actually live with this stuff. if you use it, do you prefer evenings only, or does timing matter at all?",1
synth::trad::0::0013::3,,synthpost::trad::0::0013::3,0,medical marijuana,"i'm in the process of getting paperwork together for a medical marijuana card and wanted to ask if anyone with lupus has gone that route. my main issue right now is the combo of poor appetite, not sleeping well, and general pain that keeps waking me up. my doctor is okay with me exploring options, but i'm trying to understand whether people tend to use it more for sleep, appetite, or pain control. any real-world experiences would help me think it through.",1
synth::trad::0::0013::4,,synthpost::trad::0::0013::4,0,thc,"does anyone know if low-dose thc products interact badly with biologics or prednisone? i'm on humira for ra and my inflammation is better, but i still get occasional bad evenings where the stiffness and anxiety about the next day are both annoying. i'm not planning to change anything without checking first, i just wanted to see what others have been told or what has been safe for them. even general experiences with tinctures would be helpful.",1
synth::trad::0::0014::0,,synthpost::trad::0::0014::0,0,cbd,"hi everyone, i have psoriatic arthritis and have been dealing with a lot more hand stiffness lately, especially in the mornings. my rheumatologist is adjusting my meds, but in the meantime i’m trying to figure out what actually helps me get through the day. has anyone here tried cbd gummies or tinctures for stiffness or sleep? if so, did you notice anything at all, or was it basically a waste of money? i’m mostly just looking for real experiences before i buy anything.",1
synth::trad::0::0014::1,,synthpost::trad::0::0014::1,0,cannabis,"diagnosed with lupus last year and still learning what helps during flares. heat packs, rest, and prescription meds only go so far, and my appetite gets weird when i’m hurting a lot. i’ve seen people mention cannabis in a few support groups, but i don’t know if that means smoking, edibles, or something topical. does anyone use it for nausea or pain, and if yes, what form seems easiest to tolerate? just trying to gather info before i bring it up with my doctor.",1
synth::trad::0::0014::2,,synthpost::trad::0::0014::2,0,thc,"anyone have experience with thc lotion for joint pain? i picked up a small jar from a dispensary because my wrists and fingers have been really angry lately, especially after typing all day. i’m not expecting miracles, just wondering whether topicals actually do anything or if the effect is mostly from massage and time. if it matters, i have ra and am on methotrexate. curious what others have noticed, good or bad.",1
synth::trad::0::0014::3,,synthpost::trad::0::0014::3,0,weed,"i’m a 29yo with ankylosing spondylitis and i’ve been trying to make sense of all the random advice people give me. one friend swears weed helped her back pain, another says it only made her tired, and i’m honestly just confused. i’m not asking for medical advice, more like: what have people here actually found useful for pain, sleep, or muscle spasms? even if it didn’t work, i’d love to hear about that too so i’m not just guessing.",1
synth::trad::0::0014::4,,synthpost::trad::0::0014::4,0,medical marijuana,"hello, i’m newly diagnosed with sjogren’s and still figuring out symptom management. dry mouth has been the worst part for me, but i also have a lot of fatigue and joint aches that seem to come and go. my state recently expanded medical marijuana access and i’m considering whether it’s worth discussing with my doctor. has anyone used medical marijuana mainly for sleep or general discomfort rather than severe pain? i’d appreciate any experiences, especially if you’ve had to balance it with other meds.",1
synth::trad::0::0015::0,,synthpost::trad::0::0015::0,0,cbd,"has anyone here with ra tried cbd oil for sleep or muscle tension while on methotrexate? i’m not asking for miracle results, just trying to figure out if it’s something people use alongside their meds without problems. my main issue is waking up stiff and then feeling like i never fully slept, so i’m looking at options before i ask my rheum next visit. if you used cbd, did you notice any difference in morning symptoms or just in getting to sleep? any input appreciated.",1
synth::trad::0::0015::1,,synthpost::trad::0::0015::1,0,cannabis,"i have a question for people with lupus / sjogren’s who also use cannabis. i’ve been dealing with pain, nausea, and a lot of medication fatigue lately, and my doctor mentioned that some patients ask about it, but didn’t really give me much detail. i’m not looking for medical advice, just wondering what the practical side is like with dosing, timing, and whether it tends to make brain fog worse for you. if anyone has experience balancing it with hydroxychloroquine or prednisone, i’d be interested in hearing how it went.",1
synth::trad::0::0015::2,,synthpost::trad::0::0015::2,0,thc,"newly diagnosed with ankylosing spondylitis and trying to sort out what actually helps versus what just makes me feel temporarily distracted from the pain. a friend suggested thc gummies for evenings when my back is locked up, but i’m a little hesitant because i still have to function the next day and i’m already dealing with fatigue. has anyone found a low dose that helps with sleep but doesn’t leave you groggy in the morning? i’m mostly trying to compare experiences before bringing it up with my doctor.",1
synth::trad::0::0015::3,,synthpost::trad::0::0015::3,0,weed,"just wanted to ask if anyone else’s weed use changed after starting biologics. i’m on humira now and overall things are going okay, but i’ve noticed my appetite and sleep are still pretty inconsistent. i used to use weed occasionally before my diagnosis, nothing heavy, and i’m trying to understand whether people here had to stop completely or just adjust timing and amount. not expecting a perfect answer, just curious what others were told by their rheumatologists and what worked in real life.",1
synth::trad::0::0015::4,,synthpost::trad::0::0015::4,0,medical marijuana,"hi all, i’m waiting on my next rheumatology appointment and i’ve been reading through older posts about medical marijuana for inflammatory arthritis. i know everyone reacts differently, so i’m mainly trying to gather questions to ask. my biggest issues right now are stiffness in the morning, poor appetite on flare days, and the general exhaustion that makes it hard to keep up with work. if you’ve discussed medical marijuana with your doctor, what did they focus on first: side effects, interactions, or whether it was worth trying at all?",1
synth::trad::0::0016::0,,synthpost::trad::0::0016::0,0,cbd,"hi everyone, long-time lurker here. i have sjogren's and inflammatory arthritis, and my stiffness is usually worst in the morning and after work. a friend keeps suggesting cbd gummies, but there are so many brands and the dosing seems all over the place. has anyone found a cbd product that was easy to tolerate without making them groggy? i'm not expecting miracles, just trying to get a little more comfortable while i wait for my next rheum appointment.",1
synth::trad::0::0016::1,,synthpost::trad::0::0016::1,0,medical marijuana,"i was recently approved for medical marijuana in my state after a long stretch of trying the usual meds. i'm on hydroxychloroquine and naproxen right now, and the biggest issue is still the night pain that wakes me up around 3am. i haven't started anything yet because i'm unsure whether to try tincture, edible, or vape first. for people with lupus or ra, what format did you start with, and did you have to experiment a lot before finding a dose that worked?",1
synth::trad::0::0016::2,,synthpost::trad::0::0016::2,0,weed,"not sure if this is the right place to ask, but has anyone here with psoriatic arthritis used weed alongside their regular meds? my joints are manageable during the day, but the fatigue and aching after dinner are getting old. i'm mostly wondering about interactions and whether it affected sleep quality. i live in a legal state, so access isn't the problem, just trying to figure out what people actually experienced.",1
synth::trad::0::0016::3,,synthpost::trad::0::0016::3,0,thc,"hello all, i have ankylosing spondylitis and i've been reading old threads about thc for pain and sleep. the part i'm most interested in is whether it helps with the deep hip/back stiffness in the morning, not just pain at night. i know everyone's different, but if you use thc oil or capsules, what time do you take it and how long did it take before you noticed anything? i'm trying to decide whether it's worth bringing up at my next visit.",1
synth::trad::0::0016::4,,synthpost::trad::0::0016::4,0,cannabis,"my rheumatologist mentioned that some patients ask about cannabis for symptom control, and i'm trying to do my homework before making any decisions. i have mixed connective tissue disease, and lately the issue has been the constant hand soreness and the way it makes typing miserable. if you've tried cannabis, did you find one method better than another for daytime use versus evenings? i'm mostly looking for practical experiences, since online info is either too vague or way too enthusiastic.",1
synth::trad::0::0017::0,,synthpost::trad::0::0017::0,0,cbd,"anyone with ra try a cbd lotion for finger/wrist stiffness? i’m on hydroxychloroquine and naproxen right now, and mornings are still rough. i’m not expecting miracles, just wondering if it helped with the little aches or if it was basically no different. also curious whether it interfered with anything else you were using, like heat, splints, or pt.",1
synth::trad::0::0017::1,,synthpost::trad::0::0017::1,0,cannabis,"i have a follow-up with rheumatology next month for possible sjogren’s + inflammatory arthritis and i’m trying to keep a list of things that actually help. methotrexate nausea has been the main issue lately, and my friend suggested cannabis but i’ve never used it before. if you tried it for appetite/nausea, did you find it useful, or did it just make you feel weird and tired? just looking for experiences, not medical advice.",1
synth::trad::0::0017::2,,synthpost::trad::0::0017::2,0,medical marijuana,"for anyone with autoimmune dryness issues, has medical marijuana made your mouth/eyes worse or was it manageable? i’m dealing with sicca symptoms and joint pain, and my rheum mentioned pilocarpine if the dryness keeps ramping up. i’ve seen mixed things online, so i’m mainly wondering whether people had to avoid certain forms or if there was a difference between smoke, tincture, and edibles.",1
synth::trad::0::0017::3,,synthpost::trad::0::0017::3,0,thc,"does anyone here use a thc topical for tendon pain or swollen joints? i have psoriatic arthritis and the worst spots for me are my ankles and elbows, especially after work. i’m already on a biologic and using diclofenac gel, but i keep seeing thc balms at dispensaries and i’m not sure if they’re worth trying. if you used one, did it do anything noticeable or was it just another thing sitting in the cabinet?",1
synth::trad::0::0017::4,,synthpost::trad::0::0017::4,0,weed,"random question for people with lupus or ra: has weed ever affected your sleep in a helpful way without making you groggy the next day? i’m trying to sort out whether my fatigue is from the disease, meds, or just bad sleep hygiene. i’ve got a sleep study coming up and i’m also keeping a symptom log for my rheum appointment, so i’m mostly just comparing notes with others who’ve been through the same thing.",1
synth::trad::0::0018::0,,synthpost::trad::0::0018::0,0,thc,"hi all, i'm dealing with a pretty stubborn ra flare in my hands and wrists and was wondering if anyone has tried thc gummies for nighttime pain/sleep. i'm not looking for a miracle, just curious what doses people usually start with and whether it tends to make them groggy the next day. i'm on methotrexate and hydroxychloroquine, if that matters. any experiences appreciated.",1
synth::trad::0::0018::1,,synthpost::trad::0::0018::1,0,cbd,"anyone here use cbd cream or lotion on swollen joints? i have psa and my fingers have been flaring up lately, especially in the mornings. i already do the usual heat/ice/ibuprofen when i can, but i'm trying to figure out if a topical cbd product is worth trying for localized pain or if it's mostly just marketing. thanks for any input.",1
synth::trad::0::0018::2,,synthpost::trad::0::0018::2,0,medical marijuana,"question for people with autoimmune stuff who have a medical marijuana card: did your rheumatologist care if you mentioned it, or did you just handle it through a separate clinic? i'm in the process of figuring out options for chronic pain/fatigue with lupus and i'm honestly not sure how the whole thing works where i live. any advice on getting started would be helpful.",1
synth::trad::0::0018::3,,synthpost::trad::0::0018::3,0,weed,"not trying to start a debate, just looking for real-world experiences. does weed make dry mouth or dry eyes noticeably worse for anyone with sjogren's? i already have the usual symptoms and i'm wondering if i'm setting myself up for an even more annoying night if i try it for sleep. if anyone has found a way around that, i'd love to hear it.",1
synth::trad::0::0018::4,,synthpost::trad::0::0018::4,0,cannabis,"i've got ankylosing spondylitis and lately the night pain has been rough enough that i'm waking up several times a week. a friend suggested cannabis, but i'm trying to decide whether smoking vs edibles vs a dry herb vape makes the most sense, especially since my chest gets sore sometimes. i'm just gathering info before i try anything.",1
synth::trad::0::0019::0,,synthpost::trad::0::0019::0,0,cbd,"hi all, i was dx'd with psoriatic arthritis last year and i've been trying to piece together a routine that doesn't leave me wiped out all day. my rheum has me on methotrexate + naproxen and things are a bit better, but the nighttime stiffness is still rough. a friend keeps suggesting cbd balm for my hands and wrists, and i'm wondering if anyone here has used it for localized pain or swelling. not expecting miracles, just curious whether it was worth trying or if it was basically a no-op.",1
synth::trad::0::0019::1,,synthpost::trad::0::0019::1,0,medical marijuana,"does anyone have experience talking to their rheumatologist about medical marijuana? i have lupus and fibromyalgia and i'm managing with plaquenil, but sleep is still pretty bad and i wake up feeling like i got hit by a truck. i'm not trying to replace my meds, just looking for something that might help me rest a little better on the worst nights. if you brought it up with your doctor, how did that conversation go?",1
synth::trad::0::0019::2,,synthpost::trad::0::0019::2,0,weed,"i'm recently diagnosed with ankylosing spondylitis and still in the trial-and-error phase with meds. nsaids help some, but i get pretty foggy and my stomach hates them after a while. i also use weed occasionally in the evenings because it seems to make it easier to relax my back enough to fall asleep, though i haven't really figured out if it changes the inflammation at all. just wondering if anyone else here uses it alongside biologics or has had any weird interactions.",1
synth::trad::0::0019::3,,synthpost::trad::0::0019::3,0,thc,"curious if anyone has tried low-dose thc for sleep or muscle tension from inflammatory arthritis? i live in a state where it's legal and i can get gummies pretty easily, but i'm cautious because i also deal with anxiety and don't want to make that worse. my main issue is waking up multiple times a night from pain in my hips and lower back. any feedback on dosage or timing would be appreciated, even if the answer is just that it didn't do much.",1
synth::trad::0::0019::4,,synthpost::trad::0::0019::4,0,cannabis,"has anyone seen decent information on cannabis and autoimmune inflammation, or is most of what we find just anecdotal? i was reading a few papers online after my last rheum appointment because i'm trying to understand why my joints feel better some days and awful the next. i'm not looking for a cure-all, just trying to sort out what might help with pain, sleep, and appetite while i wait for my next med adjustment. if you have studies, personal experience, or even a good search term, i'd love to see it.",1
synth::trad::0::0020::0,,synthpost::trad::0::0020::0,0,cbd,"hi everyone, i was recently diagnosed with ra and i'm still figuring out what actually helps on the rough days. i’ve been reading a lot about cbd creams and oils, but it’s hard to tell what’s hype and what’s worth trying. my main issues are hand stiffness in the morning and trouble sleeping when my joints ache at night.

if you’ve used cbd in any form for ra, did you notice any difference with pain, sleep, or swelling? also curious whether people prefer topical products or edibles. i’m on methotrexate right now and just want to be careful about interactions. any experiences are appreciated.",1
synth::trad::0::0020::1,,synthpost::trad::0::0020::1,0,cannabis,"hello all, i'm in an ankylosing spondylitis group and someone mentioned a local survey about cannabis use for chronic pain. i thought i’d ask here too because i’m trying to learn what other patients are doing before my next rheum appointment.

for context, i’m on a biologic and naproxen, which helps but doesn’t fully cover the fatigue and back pain. has anyone here discussed cannabis with their doctor, and if so did they recommend certain forms over others? i’m mostly looking for practical info, not medical advice, and would be interested in hearing how people approach it responsibly.",1
synth::trad::0::0020::2,,synthpost::trad::0::0020::2,0,thc,"hey folks, longtime lurker, first post. i have sle and ra overlap symptoms and lately i've been having a lot of trouble with appetite and nausea after my meds. a friend suggested a low-dose thc tincture, but i don’t know much about it and i’d rather hear from people in similar situations than random internet reviews.

does anyone use thc in small amounts for pain or nausea while on hydroxychloroquine or a biologic? i’m not looking for anything strong, just wondering what forms people tolerate best and whether timing matters. thanks in advance for any info.",1
synth::trad::0::0020::3,,synthpost::trad::0::0020::3,0,weed,"just checking in to see what others have tried for flare management. i have lupus and hashimoto’s, and most days i’m okay, but when fatigue and joint pain hit together it can be a lot. i’ve been reading old threads about weed edibles and capsules, and i’m curious whether people found them useful for sleep or generalized pain.

if you use weed, do you avoid it on days you take certain meds, or is that something your doctor has already gone over with you? i’m still trying to build a routine that doesn’t make me feel foggy the next day.",1
synth::trad::0::0020::4,,synthpost::trad::0::0020::4,0,medical marijuana,"hi everyone, i’m in the process of switching rheumatologists and trying to keep track of questions for my next visit. i have psoriatic arthritis, and while my current treatment has helped a lot with swelling, i still deal with stiffness in my knees and wrists after work.

one thing i wanted to ask about is medical marijuana. has anyone brought it up in clinic and gotten a useful response, especially when talking about chronic pain, sleep, or GI side effects from nsaids? i’m not assuming it will help, just trying to gather real-world experiences before i make a decision.",1
synth::trad::0::0021::0,,synthpost::trad::0::0021::0,0,cbd,"hi everyone, quick question for folks with ra or sjogren's who have tried cbd. i’m dealing with a lot of morning stiffness and dry eyes, and my rheum said to just be cautious with anything new while i’m on methotrexate. has anyone noticed whether cbd made fatigue better, worse, or basically no change? i’m not looking for miracles, just trying to figure out if it’s worth bringing up at my next appointment.",1
synth::trad::0::0021::1,,synthpost::trad::0::0021::1,0,cannabis,"has anyone here used cannabis for symptom management while on a biologic? i have lupus and the joint pain has been pretty up and down lately, especially in my hands and wrists. i’m not asking for medical advice, just curious about other people’s experiences with dosing, forms, and whether it interfered with sleep or appetite. trying to gather a few real-world stories before i ask my doctor.",1
synth::trad::0::0021::2,,synthpost::trad::0::0021::2,0,medical marijuana,"i’m in the process of applying for medical marijuana and i wanted to ask people with inflammatory arthritis how the paperwork/interview part went. my pain clinic keeps steering me toward the same meds, but i’m mostly hoping for something that helps me get through the day without feeling completely wiped out. if you’ve gone through the card process, did your rheumatologist sign off or did you have to go through a separate provider?",1
synth::trad::0::0021::3,,synthpost::trad::0::0021::3,0,thc,"anyone with ankylosing spondylitis tried low-dose thc at night for sleep? i’m having a hard time finding a balance because i don’t want to be groggy the next morning, but the pain tends to wake me up around 3am. curious whether people started with edibles, tinctures, or just stuck to cbd first. also wondering if it mattered much when you were already on nsaids or steroids.",1
synth::trad::0::0021::4,,synthpost::trad::0::0021::4,0,marijuana,"i was reading about marijuana use in autoimmune disease and realized i’ve never really asked the community directly: for those of you with psoriatic arthritis, what made you even consider it? i’m mostly interested in whether people use it for pain, nausea from meds, or just sleep. not trying to start a debate, just looking for a general sense of what has been helpful and what hasn’t.",1
synth::trad::0::0022::0,,synthpost::trad::0::0022::0,0,cbd,"hi all, i was diagnosed with rheumatoid arthritis last year and i'm still trying to figure out what actually helps vs what just makes me sleepy. lately i've been taking cbd gummies at night for sleep and stiffness, and i think it takes the edge off a little, but it's hard to tell if that's real or just because i'm finally resting. has anyone had their rheumatologist say anything useful about cbd and methotrexate? i'm not asking for medical advice, just curious what other people have been told.",1
synth::trad::0::0022::1,,synthpost::trad::0::0022::1,0,cannabis,"i have lupus and sjogren's and i'm in that annoying phase where every appointment seems to turn into another med adjustment. my sister keeps telling me to look into cannabis for the pain and nausea, but i'm pretty cautious about mixing things without understanding it first. i searched a bit and found a lot of mixed info online. does anyone here use cannabis alongside hydroxychloroquine or low dose prednisone? mostly wondering what kinds of questions you asked your doctor.",1
synth::trad::0::0022::2,,synthpost::trad::0::0022::2,0,medical marijuana,"been dealing with ankylosing spondylitis for about 8 years now. mornings are still the hardest part, especially if i sleep wrong. i've been offered stronger pain meds, but i'm trying to keep a clearer head for work, so i'm reading up on medical marijuana options in my state. if anyone has gone down that road, did you find oils, edibles, or flower easier to dose? not looking for miracles, just trying to understand the basics.",1
synth::trad::0::0022::3,,synthpost::trad::0::0022::3,0,thc,"quick question for people with psoriatic arthritis: has anyone noticed anything weird with thc and fatigue? i tried a very small edible a couple nights ago because the constant aching was keeping me up, and i slept better than usual, but the next morning i felt kind of foggy. maybe that was just the dose. i don't use it often and i'm still figuring out what is side effect vs what is just my disease being unpredictable.",1
synth::trad::0::0022::4,,synthpost::trad::0::0022::4,0,weed,"i'm newly diagnosed with undifferentiated connective tissue disease and still in the stage of collecting symptoms like pokemon cards, which is not ideal. my hands swell, my shoulders ache, and the brain fog has been rough. a friend suggested weed for sleep and appetite, and while i'm open to hearing other people's experiences, i'm mostly trying to learn what has worked for others with autoimmune stuff. if anyone has found a routine that helps them function a little better during flares, i'd appreciate hearing it.",1
synth::trad::0::0023::0,,synthpost::trad::0::0023::0,0,cbd,"has anyone with ra or psoriatic arthritis tried cbd gummies for stiffness in the morning? i’m 31 and my hands have been acting up a lot lately, especially after i wake up or sit too long at work. i’m on hydroxychloroquine and naproxen right now, and while that helps some, the fatigue and achy joints are still there. i keep seeing mixed info online so i figured i’d ask people here. not looking for a miracle, just wondering if cbd made any difference at all for sleep, pain, or anxiety.",1
synth::trad::0::0023::1,,synthpost::trad::0::0023::1,0,cannabis,"just got my first rheumatology appointment moved up because my symptoms have been getting worse pretty fast. my knees, wrists, and shoulders are all involved now and i’m trying to keep track of what helps and what doesn’t. a friend mentioned cannabis tinctures, but i honestly know very little about it and don’t want to make things harder before my next bloodwork. if anyone has used cannabis while waiting for meds to kick in, did it affect your energy or stomach at all? mostly looking for practical experiences.",1
synth::trad::0::0023::2,,synthpost::trad::0::0023::2,0,medical marijuana,"i have sle and recently started having a lot more trouble sleeping because of pain and weird nerve sensations in my legs. my doctor is still adjusting my meds, so i’ve been trying to stay ahead of the flares with better rest and less stress. i was approved for medical marijuana in my state but haven’t filled anything yet because i’m nervous about feeling foggy the next day. does anyone use it mainly for sleep and notice a difference in how functional they are the following morning? thanks for any input.",1
synth::trad::0::0023::3,,synthpost::trad::0::0023::3,0,thc,"quick question for anyone with ankylosing spondylitis: do low-dose thc products actually help with the constant tightness, or do they mostly just make you sleepy? i’m not trying to get high, just trying to figure out if it’s worth experimenting with while i wait for my biologic to start working. the pain has been manageable some days and awful on others, which is making it hard to tell what’s helping. if you found a dose or timing that worked, i’d be interested in hearing it.",1
synth::trad::0::0023::4,,synthpost::trad::0::0023::4,0,weed,"i’ve been dealing with a pretty annoying flare and trying to stay out of the emergency room if i can help it. prednisone usually calms things down, but the side effects are rough for me, especially when i have to take it longer than a few days. a couple people in my support group mentioned weed for appetite and sleep, but i’m not sure if it’s worth trying since i’m already on several meds. has anyone here used it alongside methotrexate or plaquenil without issues? not asking for medical advice, just trying to get a sense of real-world experiences.",1
synth::trad::0::0024::0,,synthpost::trad::0::0024::0,0,cbd,"hi everyone, i was recently diagnosed with psoriatic arthritis after a pretty long stretch of weird joint pain and fatigue. my rheumatologist started me on methotrexate and naproxen, but the morning stiffness is still kind of hanging around. i’m not looking for a miracle cure or anything, just trying to get through work without feeling like i’m 80. has anyone here used cbd gummies or oil alongside their regular meds? if so, did it do anything noticeable for sleep, soreness, or anxiety? i’m mostly trying to figure out what has actually been worth trying and what was just marketing. thanks for any input.",1
synth::trad::0::0024::1,,synthpost::trad::0::0024::1,0,medical marijuana,"hello all, i have sle and raynaud’s and have been dealing with a lot of hand pain this winter. my doctor is adjusting my meds, but i’m still having days where opening jars or typing is annoying enough that i have to take breaks every hour. i saw that medical marijuana is legal in my state now and i’m wondering if anyone with lupus has gone through the process and found it helpful for pain or sleep. i’m not asking for medical advice, just personal experiences and what the appointment/certification process was like. appreciate any replies.",1
synth::trad::0::0024::2,,synthpost::trad::0::0024::2,0,weed,"quick question for people with ankylosing spondylitis: has anyone noticed weed affecting morning stiffness either way? i’m not a regular user, but i’ve had a couple nights where it seemed to help me relax enough to sleep through the back pain. i’m trying to stay realistic because some days nothing seems to touch the pain anyway. if you’ve tried it, was it more useful for sleep, mood, or actual joint pain? just curious what others have found.",1
synth::trad::0::0024::3,,synthpost::trad::0::0024::3,0,thc,"hey, i’m still pretty new to figuring out all of this and wanted to ask a simple question. i have ra and lately my biggest issue has been getting enough sleep because the shoulder and wrist pain seems to get worse at night. a friend mentioned a low-dose thc tincture, but i’ve never used anything like that before. has anyone here tried it for nighttime pain or nausea from meds? if so, did you start very low or combine it with cbd? i’d just like to hear what people’s experiences were.",1
synth::trad::0::0024::4,,synthpost::trad::0::0024::4,0,cannabis,"hi all, i’ve been living with mixed connective tissue disease for a few years and usually do okay, but the fatigue + body aches have been extra annoying lately. my rheum is happy with my labs, so now i’m mostly just trying to manage symptoms day to day. i keep seeing people mention cannabis in different support groups, but it’s hard to tell what’s actually useful versus what’s hype. for those who’ve tried it, did you notice any difference with pain, appetite, or sleep? if it matters, i’m not looking to get high, just trying to understand whether it’s something worth discussing at my next appointment.",1
synth::trad::0::0025::0,,synthpost::trad::0::0025::0,0,cbd,"newly on the rheumatology rollercoaster and still trying to figure out what is actually helping vs what is just me having a better day. my doctor is adjusting my meds for inflammatory arthritis and i’m also looking into non-prescription things for night pain, mostly because sleep has been awful. has anyone here used cbd cream or gummies alongside their treatment plan and, if so, did you run it by your rheumatologist first? i’m not looking for a miracle, just trying to narrow down what’s worth asking about at my next appointment.",1
synth::trad::0::0025::1,,synthpost::trad::0::0025::1,0,cannabis,"does anyone with psoriatic arthritis have experience using cannabis for stiffness or muscle spasms? i’m on a biologic and nsaids, but the evening pain is still making it hard to get through the last part of the day. i’m mainly wondering about practical stuff like timing, interactions, and whether it changed your ability to sleep. if there are any studies you’ve seen too, i’d appreciate links because my brain is a little fried from reading random articles and patient forums.",1
synth::trad::0::0025::2,,synthpost::trad::0::0025::2,0,medical marijuana,"i have ankylosing spondylitis and my pain specialist mentioned medical marijuana as something some patients ask about for flare days. i’m not trying to replace anything prescribed, just trying to understand what questions to ask before bringing it up with my rheum. if you’ve gotten a card or discussed it with your doctor, what did that conversation look like? also curious whether people found it more useful for pain, sleep, or just taking the edge off stiffness.",1
synth::trad::0::0025::3,,synthpost::trad::0::0025::3,0,thc,"small question for the group: has anyone noticed whether low-dose thc affects fatigue or brain fog differently than cbd? i have lupus and a lot of my symptoms are manageable, but the exhaustion can be weirdly unpredictable. i’m trying to keep track of what helps on bad days without accidentally making the next morning worse. if you’ve experimented with doses or formulations, i’d love to hear how you approached it, especially if you were already on hydroxychloroquine or another long-term med.",1
synth::trad::0::0025::4,,synthpost::trad::0::0025::4,0,weed,"i was diagnosed with ra last month and i’m still in the stage of reading everything i can get my hands on. my doctor started me on methotrexate, and while i’m waiting to see how that goes, i’m making a list of things to ask at follow-up. one topic i’m unsure about is weed, since a few friends keep suggesting it for joint pain and sleep. i’m not looking for anecdotes that say it cures anything, just wondering whether anyone has had a straightforward conversation with their rheumatologist about it and what concerns came up.",1
synth::trad::0::0026::0,,synthpost::trad::0::0026::0,0,cbd,"hi all, i'm newly diagnosed with psoriatic arthritis and i'm still figuring out what helps with the stiffness in my hands in the morning. a friend keeps recommending cbd cream and gummies, but i don't really know what to look for or whether topical vs oral even makes a difference. if anyone has tried it alongside dmards, what was your experience with dosing and timing? just trying to get a better idea before i bring it up at my next appointment.",1
synth::trad::0::0026::1,,synthpost::trad::0::0026::1,0,medical marijuana,"i have sjogren's and a lot of trouble sleeping when my joints are flaring up. my pain specialist mentioned medical marijuana as something some patients ask about, but i didn't get much detail beyond 'talk to your rheumatologist.' has anyone here used it mainly for sleep and muscle pain rather than appetite? i'm not looking for miracle stuff, just wondering what format people usually start with and if there are any common side effects to watch for.",1
synth::trad::0::0026::2,,synthpost::trad::0::0026::2,0,thc,"question for people with ra: has anyone here ever tried a low-dose thc product for night pain? i'm on hydroxychloroquine and naproxen, but some evenings my wrists and ankles are still pretty miserable and i wake up a lot. i don't want to mess with my meds or do anything stupid, so i'm mostly looking for general experiences and whether it was something you discussed with your doctor first. any info appreciated.",1
synth::trad::0::0026::3,,synthpost::trad::0::0026::3,0,weed,"my partner was recently told lupus is being ruled in after months of weird labs, fatigue, and random rash flares, and we're both kind of overwhelmed. i've seen a few people mention weed for nausea and appetite when they were going through testing and medication changes. is there anything specific people with connective tissue disease should know before trying it, especially if they also have raynaud's and occasional dizziness? not asking for diagnosis, just trying to be prepared for the next few weeks.",1
synth::trad::0::0026::4,,synthpost::trad::0::0026::4,0,cannabis,"throwing this out there because i'm curious how others handle it: i have ankylosing spondylitis and i'm in that annoying phase where my biologic is working 'okay' but not enough to make me feel normal. i keep seeing mixed opinions about cannabis, especially for back stiffness and sleep. if you've used it in any form, did you notice any difference in morning mobility or just sedation? also wondering whether anyone had trouble with interactions or had to adjust other meds after starting.",1
synth::trad::0::0027::0,,synthpost::trad::0::0027::0,0,cbd,"hi everyone, i’ve got mixed connective tissue disease and lately my shoulders/hips have been on fire after work. a friend keeps telling me to try a cbd cream or oil, but i’m not sure what actually makes sense for joint pain vs just helping me relax a little. has anyone with mctd, ra, or lupus had any luck with it? if so, did you use a topical cbd product or something oral? i’m just trying to figure out what’s worth asking my doctor about before i spend money on random stuff.",1
synth::trad::0::0027::1,,synthpost::trad::0::0027::1,0,cannabis,"i’m in the middle of a pretty rough sjogren’s flare and the fatigue is honestly what’s hitting me the hardest right now. pain is there too, mostly hands and knees, but the brain fog is making work impossible. a couple people have suggested cannabis for appetite/sleep, and i’m curious if anyone here has found it helpful without feeling too out of it the next day. any experiences with edibles or tinctures for autoimmune stuff? just looking for practical info, not trying to get high for fun.",1
synth::trad::0::0027::2,,synthpost::trad::0::0027::2,0,marijuana,"so i finally got a diagnosis after years of being told it was stress, and now i’m trying to learn what actually helps while i wait to see rheum again. i’ve been taking naproxen on and off but my stomach is starting to hate me. my state has medical marijuana and i’m wondering if it’s even something people bring up for inflammatory arthritis, or if doctors usually roll their eyes at it. i’m not married to the idea, i just want to stop waking up feeling like i got hit by a truck.",1
synth::trad::0::0027::3,,synthpost::trad::0::0027::3,0,thc,"anyone with lupus ever try a low dose thc gummy for sleep? i’m not looking for anything intense, just something that might help me stay asleep through the night when my joints are acting up. melatonin hasn’t been doing much and my brain seems to rev up as soon as i lie down. i’m mostly curious about dosage and whether people start with 1:1 cbd/thc or go straight to thc alone. i know everyone reacts differently, but i’d like to hear what has been tolerable for others.",1
synth::trad::0::0027::4,,synthpost::trad::0::0027::4,0,weed,"i had a weird appointment yesterday where my rheumatologist mentioned trying weed might be less rough on my stomach than the meds i’ve been cycling through. i have ankylosing spondylitis and the morning stiffness is getting ridiculous again, especially in my lower back and ribs. i’ve never used it before, so i’m not sure if a vape, edible, or topical would make more sense for inflammation/pain. if anyone has gone through trial and error with this, what ended up being the most manageable option?",1
synth::trad::0::0028::0,,synthpost::trad::0::0028::0,0,cbd,"anyone here with sjogren's or inflammatory arthritis try cbd creams/oils for hand or wrist pain? i'm not looking for a miracle, just wondering if it made any practical difference or if it was basically a nice-smelling placebo. i'm on hydroxychloroquine and naproxen right now, and i'm trying to figure out what is worth bringing up at my next appointment.",1
synth::trad::0::0028::1,,synthpost::trad::0::0028::1,0,marijuana,"i'm being worked up for psoriatic arthritis and my rheum mentioned keeping a symptom journal before our next visit. one thing i've noticed is that pain and sleep are both worse on nights when i skip my usual marijuana edible, but i can't tell if that's helping the pain or just helping me relax enough to sleep. has anyone found that it changes morning stiffness at all, or is it mostly a sleep thing?",1
synth::trad::0::0028::2,,synthpost::trad::0::0028::2,0,thc,"quick question for people on biologics: has low-dose thc ever been something you could actually tolerate with your meds? i'm not trying to replace anything prescribed, just curious because i get nauseous from a lot of pain meds and was reading about tinctures. i have ra and am mostly looking for general experiences before i ask my doctor.",1
synth::trad::0::0028::3,,synthpost::trad::0::0028::3,0,weed,"hi all, i'm recently diagnosed with lupus and still figuring out what symptom belongs to what. my joints, fatigue, and headaches all seem to flare together, so i'm trying to keep notes on triggers. does weed seem to affect anyone's fatigue or brain fog, or is it mostly just pain relief? i've seen mixed info and figured i'd ask people actually living with it.",1
synth::trad::0::0028::4,,synthpost::trad::0::0028::4,0,medical marijuana,"anyone have issues getting a doctor to talk about medical marijuana without immediately shutting it down? i've had ankylosing spondylitis for years and i'm doing ok on my current meds, but some evenings the muscle tightness and back pain still break through. i'm not asking for medical advice, just trying to understand how people brought it up and whether it was even worth mentioning at follow-up.",1
synth::trad::0::0029::0,,synthpost::trad::0::0029::0,0,cbd,"hi everyone, i was diagnosed with sjogren's earlier this year and i'm still trying to figure out what helps with the dryness/fatigue combo. my rheum has me on hydroxychloroquine, but the flares still seem to come and go. has anyone here tried cbd for joint aches or sleep? i'm just looking for what other people have experienced, not trying to replace anything my doctor prescribed. if it made any difference for you, was it more helpful for pain, sleep, or anxiety around flares?",1
synth::trad::0::0029::1,,synthpost::trad::0::0029::1,0,medical marijuana,"i have ra and the stiffness in the mornings has been the hardest part for me lately. i can usually get through work okay, but by evening my hands and feet feel like they belong to somebody else. my state recently expanded access to medical marijuana, so i was wondering if anyone with ra has gone that route and found it useful for day-to-day symptom management. i'm especially curious about whether it helped more with sleep or just taking the edge off pain.",1
synth::trad::0::0029::2,,synthpost::trad::0::0029::2,0,weed,"does anyone else with lupus have weirdly inconsistent appetite during flares? some days i'm fine and other days i basically forget to eat until late afternoon. i've seen people mention weed in other threads, but i don't know if it would help me or just make me more tired. if you've dealt with nausea or low appetite, what did you end up doing that was actually practical? i already have the usual meds and i'm just trying to keep up with calories when things get rough.",1
synth::trad::0::0029::3,,synthpost::trad::0::0029::3,0,cannabis,"hey all, i'm newer to this and still learning the difference between my symptoms and side effects. i have psoriatic arthritis and my biggest issue right now is waking up a few times a night because my shoulders and hips feel locked up. a friend mentioned cannabis oils, but i haven't asked my doctor yet and wanted to hear from people who live with this day in and day out. did it do anything noticeable for your sleep or morning pain, or was it basically no change?",1
synth::trad::0::0029::4,,synthpost::trad::0::0029::4,0,thc,"i'm dealing with ankylosing spondylitis and a lot of brain fog lately, so i'm trying to make a simple list of what actually helps and what doesn't. my meds are working okay overall, but there are still random bad days where sitting at my desk feels impossible. has anyone experimented with thc for pain relief or muscle relaxation? i'm mostly interested in timing/dose basics and whether people found it more useful after work versus before bed. any experiences are welcome.",1
synth::trad::0::0030::0,,synthpost::trad::0::0030::0,0,cbd,"has anyone here tried cbd for joint stiffness or sleep? i'm on hydroxychloroquine and naproxen for inflammatory arthritis and my nights are still rough. not looking for a miracle, just curious if people noticed anything at all or if it did basically nothing.",1
synth::trad::0::0030::1,,synthpost::trad::0::0030::1,0,marijuana,"my rheumatologist brought up marijuana as one of the things some patients ask about for pain. i'm in the middle of figuring out meds for probable psoriatic arthritis and i'm a little overwhelmed. if you've used it, did it help with morning stiffness, nausea, or just relax you a bit?",1
synth::trad::0::0030::2,,synthpost::trad::0::0030::2,0,thc,"does anyone take low-dose thc gummies while on biologics? i have sjogren's and lately the fatigue plus neck pain have been getting to me. i don't want to mess anything up, just trying to see what others have experienced with it.",1
synth::trad::0::0030::3,,synthpost::trad::0::0030::3,0,medical marijuana,"new to this whole thing and still trying to manage lupus flares without wrecking my stomach. a friend suggested medical marijuana for the pain and appetite issues, but i haven't really found much from reading online. wondering if anyone with lupus has tried it and what the day-to-day was like.",1
synth::trad::0::0030::4,,synthpost::trad::0::0030::4,0,weed,"weird question maybe, but has weed ever made your symptoms feel more manageable in the evening without causing any problems the next day? i'm dealing with rheumatoid arthritis and a lot of hand pain after work. i'm not asking for medical advice, just trying to hear real experiences from people in the same boat.",1
synth::trad::0::0031::0,,synthpost::trad::0::0031::0,0,cbd,"quick question for folks with autoimmune stuff: has anyone tried cbd balm for hand or wrist pain, and did it do anything noticeable? my rheum told me to keep tracking symptoms before my next visit, so i'm making a little log of what helps, what doesn't, and how long it lasts. i'm on hydroxychloroquine right now and still get random flares in my fingers, especially in the morning. not looking for a miracle, just wondering if it’s worth adding to the list of things to ask about.",1
synth::trad::0::0031::1,,synthpost::trad::0::0031::1,0,cannabis,"i'm newly diagnosed and still trying to figure out what is flare vs normal vs medication side effect, which is a fun little puzzle. my biggest issue lately has been sleep because my joints feel fine-ish until i lie down, then everything decides to complain at once. has anyone found that cannabis changes their sleep in a helpful way, or does it just make you groggy the next day? i’m trying to keep my notes organized before my follow-up because i know i’ll blank out once i'm in the office.",1
synth::trad::0::0031::2,,synthpost::trad::0::0031::2,0,weed,"does anyone else get this weird cycle where you feel okay for a few days and then suddenly your body reminds you it is not okay at all? i'm waiting on lab results and meanwhile i'm just trying to function at work without overdoing it. a friend suggested weed for evenings, but i have no idea whether it tends to help more with stiffness or just distract from it. if anyone has a routine that doesn't completely knock them out, i'd be interested in hearing what you do.",1
synth::trad::0::0031::3,,synthpost::trad::0::0031::3,0,thc,"i have an appointment with rheumatology next month and i'm putting together a list so i don't forget anything important. the thing i keep coming back to is my hip and lower back pain after sitting too long, plus the random rib pain that makes me think i'm having a heart problem even though it usually passes. i’ve been using a thc topical from the dispensary on bad days, but i can't really tell if it's the product or just time making things settle. has anyone had a doctor actually comment on topicals, either way?",1
synth::trad::0::0031::4,,synthpost::trad::0::0031::4,0,medical marijuana,"hi all, i'm in the middle of reading way too much and getting myself confused. i have sjogren's and inflammatory arthritis symptoms, and i keep seeing mixed opinions on medical marijuana for pain, nausea, and appetite. i’m not asking anyone to tell me what to do, just wondering what questions are worth bringing to my doctor so i can have a normal conversation instead of sounding like i'm guessing. also, if you track symptoms in an app or notebook, what do you put in it?",1
synth::trad::0::0032::0,,synthpost::trad::0::0032::0,0,cbd,"hi all, i have ra and i’m trying to make a list for my rheumatology follow-up next week. i’ve been on methotrexate for a few months and still get a lot of stiffness in my hands in the morning, plus some fatigue that seems to come and go. a friend mentioned cbd gummies for sleep and soreness, but i’m not sure whether that’s even worth bringing up with my doctor. has anyone here asked their rheum about cbd and gotten a clear answer on interactions or safety? just looking for general experiences so i know what questions to ask.",1
synth::trad::0::0032::1,,synthpost::trad::0::0032::1,0,medical marijuana,"i was recently diagnosed with sjogren’s after years of weird symptoms and i’m still figuring out what helps what. the dry eyes/mouth are one thing, but the bigger issue right now is the constant body ache and not sleeping well. my state offers medical marijuana cards and i’m curious whether people with sjogren’s have found it useful for sleep or pain, or if it just made them feel off the next day. i’m not looking for anything extreme, just trying to gather information before my next appointment.",1
synth::trad::0::0032::2,,synthpost::trad::0::0032::2,0,weed,"does anyone else with ankylosing spondylitis feel like weed changes how they notice pain more than the pain itself? i know that sounds odd. some nights it seems to help me relax enough to get through the evening, but other times i’m not sure if i’m just noticing every ache more. i’m on nsaids and doing pt, and i’m trying to keep track of what actually helps versus what just makes me feel different. would love to hear how other people describe it to their doctors.",1
synth::trad::0::0032::3,,synthpost::trad::0::0032::3,0,thc,"i’m putting together a symptom log before my next derm and rheum visits because my lupus has been acting up in a bunch of small ways at once: mouth ulcers, photosensitive rash, and this annoying hand pain that comes and goes. i also started a low-dose thc topical a few weeks ago for the joints in my fingers. it’s hard to tell if it’s doing anything, so i’m trying to be objective about it. if you use thc products, do you track timing, dose, or the specific symptom you’re hoping to target?",1
synth::trad::0::0032::4,,synthpost::trad::0::0032::4,0,marijuana,"my mom has mixed connective tissue disease and lately she’s been asking me about marijuana because her pain clinic appointment got pushed back again. she’s not interested in anything that would leave her foggy, mostly just something for evenings when the inflammation and stiffness get worse. i’m trying to help her look up reputable info instead of random internet stuff. if anyone has suggestions on what questions to ask a doctor about marijuana, or what side effects to watch for, i’d appreciate it.",1
synth::trad::0::0033::0,,synthpost::trad::0::0033::0,0,cbd,"hi all, i was diagnosed with sjogren's and inflammatory arthritis last year and i'm still trying to figure out what actually helps vs what just sounds good online. has anyone here used cbd products for dry mouth, sleep, or general aches? i'm not looking for a miracle, just wondering if there are any forms people prefer (tincture, gummies, topical, etc) and whether it caused any weird side effects with plaquenil or meloxicam. my rheumatologist is open-minded but doesn't have a lot of patient experience to share, so i'd love to hear real-life experiences from people dealing with the same stuff.",1
synth::trad::0::0033::1,,synthpost::trad::0::0033::1,0,medical marijuana,"quick question for anyone with lupus or ra who has tried medical marijuana: did it help more with pain, sleep, or nausea? i'm on methotrexate and sometimes the fatigue + stomach upset is the hardest part of the week. i don't want to smoke, so i'm mostly curious about edibles or tinctures and whether people started with low doses and slowly adjusted. also wondering if anyone had trouble with brain fog the next day. i'm just trying to get a sense of what the learning curve looks like before i bring it up at my next appointment.",1
synth::trad::0::0033::2,,synthpost::trad::0::0033::2,0,thc,"anyone else get mixed advice about thc while on prednisone? i'm finishing a taper for a vasculitis flare and my sleep has been awful. a friend gave me a couple of thc gummies but i haven't tried them yet because i'm nervous about feeling too wired or having my heart race. i know nobody here can tell me what is safe for sure, i'm just looking for general experiences from people who have tried it during a steroid course. if it matters, i also take famotidine and gabapentin at night.",1
synth::trad::0::0033::3,,synthpost::trad::0::0033::3,0,weed,"hey everyone, i'm new here and still pretty overwhelmed by all the medication changes. i have psoriatic arthritis and the nausea from leflunomide has been rough lately. i used to be totally clueless about weed, but a coworker mentioned that some people use it for appetite and pain and i figured i'd ask here instead of relying on random internet advice. if you do use it, do you notice any difference between flower, edibles, or vape products? also, does it seem to affect your morning stiffness at all or is it mostly just a sleep thing?",1
synth::trad::0::0033::4,,synthpost::trad::0::0033::4,0,cannabis,"hi, i'm looking for practical advice from people with scleroderma or ra who have tried cannabis in any form. my main issue right now is hand pain and occasional trouble sleeping when the joints are flared up, but i'm not sure whether a topical, oil, or edible would even make sense. i also get migraines sometimes, so i'm a little cautious about anything that might make me feel weird or foggy. if anyone has used it alongside hydroxychloroquine or low-dose naproxen, i'd be interested in hearing how that went for you.",1
synth::trad::0::0034::0,,synthpost::trad::0::0034::0,0,cbd,"hey folks, i have seropositive ra and have been trying to track what actually changes my pain vs what just changes my mood. i’ve seen a lot of people mention cbd tinctures, creams, and gummies, but the info online is all over the place. has anyone here used cbd alongside methotrexate or hydroxychloroquine? mostly curious about what form you tried, whether it did anything for morning stiffness, and if it caused any weird side effects.",1
synth::trad::0::0034::1,,synthpost::trad::0::0034::1,0,cannabis,"recently dx'd with sjogren's and possibly inflammatory arthritis, so i'm still in that stage of reading too much and trying to keep notes. i keep seeing cannabis mentioned in support groups, but i'm not sure what questions i should even ask my doctor. if anyone has found a way to talk about it with rheumatology without feeling awkward, i'd appreciate hearing how you brought it up and whether you discussed dosage, route, or interactions.",1
synth::trad::0::0034::2,,synthpost::trad::0::0034::2,0,medical marijuana,"does anyone with lupus use medical marijuana for sleep and pain at the same time? i’m not looking for medical advice, just trying to understand what other people’s routines look like. my meds are pretty standard right now, but the fatigue has been rough lately and i’m trying to build a list of things to ask at my next appointment. even small details like timing, daytime grogginess, or whether it helped with appetite would be useful.",1
synth::trad::0::0034::3,,synthpost::trad::0::0034::3,0,weed,"hi all, i have ankylosing spondylitis and i’m trying to separate what is inflammation, what is stress, and what is just me getting older. a few friends suggested weed for relaxing at night, but i don’t know anyone personally with the same diagnosis who’s tried it. if you use it, do you notice any difference in sleep quality or next-day stiffness? also wondering if anyone had trouble with anxiety or brain fog from it.",1
synth::trad::0::0034::4,,synthpost::trad::0::0034::4,0,thc,"my mom has mixed connective tissue disease and we’re slowly figuring out what helps her get through the week. she’s been interested in cbd, but a dispensary pharmacist mentioned a low thc formula might be worth looking into too, so now i’m reading about that as well. has anyone compared cbd-only products versus ones with some thc for joint pain or muscle spasms? i’m mostly looking for real-world experiences, since the studies i’ve found are pretty limited.",1
synth::trad::0::0035::0,,synthpost::trad::0::0035::0,0,cbd,"hey everyone, i’ve been dealing with psoriatic arthritis for a few years now and lately my hands have been flaring a lot in the mornings. i’m already on my prescribed meds, but i’m trying to figure out whether adding a cbd topical or tincture is worth it for stiffness and sleep. if anyone has used it alongside their regular treatment plan, did you notice anything at all or was it basically a waste of money?",1
synth::trad::0::0035::1,,synthpost::trad::0::0035::1,0,medical marijuana,"i have ankylosing spondylitis and my rheumatologist is okay with me exploring other pain management options as long as they don’t interfere with my current meds. i keep hearing mixed things about medical marijuana for nighttime pain and muscle spasms, but it’s hard to tell what’s actually helpful and what’s just internet hype. has anyone here found a product/dose/timing that works without making them completely useless the next day?",1
synth::trad::0::0035::2,,synthpost::trad::0::0035::2,0,weed,"quick question for people with lupus who have tried weed: does it help more with general body aches, or only with sleep? i’m not looking to replace anything my doctor has me on, just trying to figure out if it’s even worth bringing up at my next appointment. my main issues are fatigue, joint pain, and waking up feeling like i got hit by a truck.",1
synth::trad::0::0035::3,,synthpost::trad::0::0035::3,0,thc,"does anyone know if there’s any concern with taking thc edibles while on hydroxychloroquine and low-dose prednisone? i’m not asking for medical advice, just wondering if anyone has personally had an issue or had their doctor mention interactions. i’ve had pretty stubborn inflammatory back pain this winter and i’m trying to stay ahead of it before it gets bad again.",1
synth::trad::0::0035::4,,synthpost::trad::0::0035::4,0,cannabis,"hello all, i’m newly diagnosed with sjogren’s and still trying to get a handle on what symptoms are from the disease vs just being run down. one thing i’ve noticed is that cannabis seems to help me relax enough to fall asleep, but i’m not sure if that’s actually improving anything or just making me less aware of it. if you’ve tried it for dryness-related discomfort, joint pain, or insomnia, i’d be interested in hearing what form you used and whether it was consistent enough to matter.",1
synth::trad::0::0036::0,,synthpost::trad::0::0036::0,0,cbd,"has anyone with rheumatoid arthritis tried cbd gummies for morning stiffness? my hands are the worst when i wake up and by the time the meds kick in i'm already behind on everything. i'm not expecting miracles, just wondering if it helped anyone take the edge off a little or if it was basically nothing. also curious if it made anyone sleepy during the day.",1
synth::trad::0::0036::1,,synthpost::trad::0::0036::1,0,marijuana,"i've got sjögren's and a lot of pain/fatigue days where i basically just sit on the couch and try to get through the afternoon. my doctor mentioned keeping a symptom diary if i decide to try marijuana, so i'm trying to figure out what people actually noticed from it. did it help more with pain, sleep, nausea, or just make you feel weird? any experiences welcome.",1
synth::trad::0::0036::2,,synthpost::trad::0::0036::2,0,cannabis,"quick question for people dealing with psoriatic arthritis: has cannabis ever been useful for the random flares that seem to show up after i've had a decent week? i'm on biologics and nsaids already, but evenings are still rough sometimes. i'm mostly looking for something that wouldn't make me feel out of it the next day. if you use it, do you prefer oils, flower, or edibles?",1
synth::trad::0::0036::3,,synthpost::trad::0::0036::3,0,thc,"i'm waiting on a follow-up with rheumatology and trying not to spiral while i sit here reading too much online. a friend offered me a tincture with a little thc in it and said it might help me sleep through the pain, but i don't really know what to expect. has anyone used something like that for lupus-related aches? i'm not asking for medical advice, just trying to hear real experiences before i decide anything.",1
synth::trad::0::0036::4,,synthpost::trad::0::0036::4,0,weed,"does anyone else feel like weed is a mixed bag with autoimmune stuff? on one hand it can make me less focused on the pain, but on the other hand i already struggle with dry mouth and it sometimes makes that so much worse. i have mixed connective tissue disease and i'm still figuring out what is even worth trying. if you've found a way to use it without wrecking your mouth, i'd love to hear it.",1
synth::trad::0::0037::0,,synthpost::trad::0::0037::0,0,cbd,"hi all, i'm newly diagnosed with psoriatic arthritis and still trying to figure out what actually helps on the day-to-day stuff versus what just makes me tired. my rheumatologist has me on a dmard and a naproxen as needed, but the morning stiffness is still the worst part for me. a friend mentioned cbd cream and cbd gummies, and i'm wondering if anyone here has tried either for hand pain or sleep. i'm not looking for a miracle, just trying to build a realistic routine that doesn't upset my stomach or mess with work. any experiences, good or bad, are welcome.",1
synth::trad::0::0037::1,,synthpost::trad::0::0037::1,0,cannabis,"does anyone else feel like symptom changes are so hard to track when multiple meds are being adjusted at once? i have ra and recently started methotrexate, plus i use cannabis occasionally at night for sleep. i'm not asking for medical advice, just curious how people here keep notes on fatigue, joint pain, nausea, and flare patterns without going completely insane. if you use an app or a simple paper log, what do you actually write down? my doctor keeps asking what changed and i'm realizing i don't have a clean answer.",1
synth::trad::0::0037::2,,synthpost::trad::0::0037::2,0,thc,"quick question for the group: has anyone with lupus had trouble telling the difference between a flare, medication side effects, and just being plain exhausted? i started hydroxychloroquine a few months ago and the joint pain is a little better, but my afternoons are still a mess. i tried a low-dose thc edible once for sleep and it seemed fine, but i don't know if it helped the pain or just made me too sleepy to care. if you've found a way to separate out what is doing what, i'd love to hear it.",1
synth::trad::0::0037::3,,synthpost::trad::0::0037::3,0,medical marijuana,"hello, i have ankylosing spondylitis and am trying to be more methodical about treatment instead of just reacting when i get miserable. my primary is okay with me asking questions about medical marijuana, but i haven't used it before and i'm not sure what a sensible starting point would even look like. i mostly want something that might help me get through the night without feeling groggy the next day. if anyone has a routine they discussed with their doctor, or things they wish they'd known before trying it, i'm all ears.",1
synth::trad::0::0037::4,,synthpost::trad::0::0037::4,0,weed,"hi, i'm 34 and still pretty new to all of this. i was told last month that my symptoms fit inflammatory arthritis, and i'm waiting on a couple more tests before the plan is finalized. meanwhile, the thing that seems to bother me most is that my hands feel stiff and useless first thing in the morning, then I get scattered and sore if i do too much. a coworker suggested weed for pain and sleep, but i'm trying to understand whether people use it just for evenings or if it has any place in a regular routine. mostly looking for practical experiences, since i'm still figuring out what questions to ask at my next appointment.",1
synth::trad::0::0038::0,,synthpost::trad::0::0038::0,0,cbd,"newly diagnosed with sjogren's and still trying to figure out what helps what. my rheum said to keep an eye on dryness, fatigue, and joint pain, but the list of possible meds is a lot. has anyone here tried cbd oil or gummies alongside dmards? i'm not looking for miracles, just trying to understand if people had any interactions, side effects, or if it was basically a waste of money. i already use a humidifier, eye drops, and nap a lot, so any practical feedback is welcome.",1
synth::trad::0::0038::1,,synthpost::trad::0::0038::1,0,medical marijuana,"so i'm on plaquenil for ra and have been dealing with stubborn hand pain even when labs look okay. my primary mentioned medical marijuana as something some patients try when nsaids aren't ideal, but i'm unsure how it fits with rheum treatment. does anyone have experience with dosing, daytime grogginess, or telling your doctor about it? not asking for medical advice, just trying to get a sense of how people handle it in real life.",1
synth::trad::0::0038::2,,synthpost::trad::0::0038::2,0,weed,"quick question for folks with as or psa: does weed seem to affect your stiffness the next day, either positively or negatively? i'm reading mixed stuff and most of the results online are all over the place. i use heat packs, stretch, and my biologic is doing most of the work, but i'm curious if anyone has found a way to use it occasionally without it messing with sleep or making fatigue worse.",1
synth::trad::0::0038::3,,synthpost::trad::0::0038::3,0,thc,"mildly annoying situation: my rheumatologist is happy with my current meds for lupus, but i'm still getting random pain flares and brain fog. a friend gave me a tiny thc tincture and said to start low, so i did, but i honestly can't tell if it helped the pain or just made me too sleepy to care. has anyone noticed a difference between thc, cbd, or a mix? mostly wondering what other people track when they test products like that.",1
synth::trad::0::0038::4,,synthpost::trad::0::0038::4,0,cannabis,"hi all, i'm in the middle of adjusting treatment for inflammatory arthritis and just trying to keep a log of what changes with symptoms. i've seen a lot of posts about cannabis, but most are either very pro or very against it, and i'm looking for the boring middle ground. if you've used it for sleep, nausea, appetite, or pain, what did you actually notice, and did your doctor care? any simple experiences would help me make sense of it.",1
synth::trad::0::0039::0,,synthpost::trad::0::0039::0,0,cbd,"hey everyone, quick question for people with inflammatory arthritis who’ve tried cbd creams/lotions. my wrists and thumbs have been flaring a lot lately, mostly in the morning and again after work, and i’m trying to figure out whether a topical is worth adding before i ask my rheum about changing meds. i’m already on naproxen and hydroxychloroquine, so i’m not expecting miracles, just wondering if anyone noticed even a small difference in stiffness or if it was basically just expensive lotion. also curious if it caused any skin irritation, since i react to random things pretty easily.",1
synth::trad::0::0039::1,,synthpost::trad::0::0039::1,0,medical marijuana,"has anyone here had to talk to their rheumatologist about a medical marijuana recommendation while also being on biologics? i have sjogren’s and psoriatic arthritis, and lately the pain + sleep issues have been stacking up enough that i’m trying to understand what’s actually allowed where i live versus what doctors are comfortable signing off on. i’m not looking to replace anything i’m prescribed, just trying to get a realistic sense of the process and whether it was a huge hassle. my appointment isn’t for another month so i’m reading up in the meantime.",1
synth::trad::0::0039::2,,synthpost::trad::0::0039::2,0,thc,"i’m in that annoying stage where every little thing sets my stomach off and i can’t tell if it’s disease activity, stress, or meds. methotrexate day seems to make it worse for about 24 hours. a friend mentioned thc gummies for appetite, but i’ve never used anything like that and i’m not sure if it would just make me feel weird or help at all. if anyone has dealt with the same low-appetite/nausea combo, did you bring it up with your doctor or just wait it out? i’m mostly trying to keep from living on crackers and broth forever.",1
synth::trad::0::0039::3,,synthpost::trad::0::0039::3,0,weed,"not really a dramatic post, just looking for practical input. i was offered an appointment with a pain clinic and the intake form asks about prior use of weed and other supplements, including whether anything helps with sleep. i have ankylosing spondylitis and have been waking up at 3-4am with back pain most nights this month. i’m taking my meds as prescribed, stretching, heat packs, all the usual stuff, but i still feel like i’m constantly behind on rest. if anyone has gone through a similar referral process, did they ask a lot about cannabis use, and was the visit actually useful? i’m trying to decide what to expect.",1
synth::trad::0::0039::4,,synthpost::trad::0::0039::4,0,cbd,"i’m a little stuck and thought i’d ask here before making another unnecessary purchase. has anyone with lupus tried cbd capsules specifically for sleep, not pain? i already use a heating pad and magnesium, and my pain is sort of manageable, but i keep waking up every couple hours and then my whole day is shot. i’m on prednisone taper right now, so i know that’s probably not helping. i’m not expecting cbd to fix anything major, i just want to know whether people found it more helpful than melatonin or if it was basically no different. any experiences welcome, even if the answer is just 'meh.'",1
synth::trad::0::0040::0,,synthpost::trad::0::0040::0,0,cbd,"hey everyone, i was recently diagnosed with psoriatic arthritis and i'm still figuring out what actually helps vs what just sounds promising. my rheumatologist said to keep a symptom diary, so i'm trying to note pain, stiffness, sleep, and how bad the fatigue is each day. i've seen people mention cbd for flare days, but i'm not sure what dose people even start with or whether it is worth trying before i ask my doctor. if anyone has a routine that is fairly simple, i'd be interested in hearing it.",1
synth::trad::0::0040::1,,synthpost::trad::0::0040::1,0,weed,"question for folks with RA: does weed ever seem to make a difference for the evening stiffness, or is it mostly just a distraction from the pain? i don't mean for it to replace anything prescribed, i'm just trying to understand what other people notice. some nights my hands are so sore i can't grip anything, and other nights i'm basically okay except for the brain fog. curious if anyone has found any pattern at all.",1
synth::trad::0::0040::2,,synthpost::trad::0::0040::2,0,medical marijuana,"hi all, i have lupus and my local clinic keeps mentioning medical marijuana as an option for symptom management, but i have no idea what that actually looks like in practice. my main issues are joint pain, poor sleep, and nausea when i take certain meds. i'm not looking for miracles, just trying to gather real-world experiences before my next appointment. if you've tried it, did you find a form that was easier to tolerate than others?",1
synth::trad::0::0040::3,,synthpost::trad::0::0040::3,0,thc,"i'm on hydroxychloroquine for sjogren's and recently started reading about thc products for pain and sleep. there is so much conflicting info online that it's hard to tell what is evidence and what is just anecdotes. has anyone discussed thc with their rheumatologist, and did you get any useful guidance on interactions or side effects? even a general 'this helped with sleep but not pain' type of response would be useful.",1
synth::trad::0::0040::4,,synthpost::trad::0::0040::4,0,cannabis,"not sure if this belongs here, but i'm trying to be practical about symptom tracking. i've got ankylosing spondylitis and i'm going through a period where the morning stiffness is the worst part of the day, especially in my lower back and ribs. a friend suggested cannabis, but i'm mostly wondering whether people use it on a schedule or only when they are already in a flare. if anyone keeps notes on what works, i'd love to compare approaches.",1
synth::trad::0::0041::0,,synthpost::trad::0::0041::0,0,cbd,"hi everyone, i was recently diagnosed with sjogren's and the dry eyes/mouth are rough, but the joint aching is what keeps bothering me at night. my primary mentioned trying cbd oil or a topical cream before we jump to anything stronger. has anyone with sjogren's or ra noticed any difference with cbd for stiffness or sleep? i'm just trying to figure out if it is worth asking my rheumatologist about.",1
synth::trad::0::0041::1,,synthpost::trad::0::0041::1,0,medical marijuana,"my lupus has been pretty up and down lately and i'm in that awkward stage of waiting on more labs and a follow-up visit. a friend suggested medical marijuana for the nausea and appetite loss, but i have no idea how people talk about this with their rheum without feeling weird. if you've brought it up before, did your doctor have a strong opinion either way? i'm mostly curious about how others handled the conversation.",1
synth::trad::0::0041::2,,synthpost::trad::0::0041::2,0,weed,"not sure if this is the right place but i figured i'd ask people who might get it. i have psoriatic arthritis and the morning pain is one thing, but the brain fog and fatigue are almost harder to deal with. a couple of people in my support group mentioned weed for sleep, but i have zero experience and don't want to make things worse. any thoughts from folks who have tried it while on biologics?",1
synth::trad::0::0041::3,,synthpost::trad::0::0041::3,0,thc,"my rheumy is adjusting my meds for ankylosing spondylitis and i am trying to keep track of what actually helps vs what just makes me feel slightly less miserable for a few hours. i picked up a low-dose thc tincture to use at night because the pain seems to settle into my back and hips once i lie down. too early to say if it is doing much, but i thought i would ask if anyone has had better luck with tinctures than edibles or vape stuff.",1
synth::trad::0::0041::4,,synthpost::trad::0::0041::4,0,pot,"kind of a random question, but has anyone here with rheumatoid arthritis talked to their doctor about pot for sleep? i am not looking for anything dramatic, just something that might help me stay asleep when my wrists and shoulders start flaring after midnight. i already take methotrexate and folic acid, and i do not want to mess up my routine, so i am mostly looking for general experiences and what to mention at my next appointment.",1
synth::trad::0::0042::0,,synthpost::trad::0::0042::0,0,cbd,"anyone with sjogren's tried cbd tincture for dry mouth day-to-day pain? i'm not looking for a miracle, just wondering if it helps at all with stiffness in the mornings or if it mostly just makes people sleepy. i have a follow-up with my rheum next month and i'm trying to figure out what questions to ask before i bring it up.",1
synth::trad::0::0042::1,,synthpost::trad::0::0042::1,0,cannabis,"i'm newly diagnosed with ra and still trying to get my head around what helps and what doesn't. a couple people in my local support group mentioned cannabis for sleep and pain, but i've never used it and don't really know where to start reading. if anyone has experience with oils, edibles, or anything else, i'd be interested in hearing what was actually useful versus what wasn't.",1
synth::trad::0::0042::2,,synthpost::trad::0::0042::2,0,marijuana,"is marijuana something your doctor has ever been okay with alongside biologics? i have lupus and i've been dealing with random joint pain and bad nights of sleep. not asking for medical advice, just curious how people talked about it with their rheumatologist and whether it caused any issues with meds or lab work.",1
synth::trad::0::0042::3,,synthpost::trad::0::0042::3,0,thc,"i picked up a low thc cream after seeing a few posts here and i'm testing it on my hands and wrists. too early to say much, but it doesn't seem to irritate my skin, which is a plus. has anyone noticed a difference with topicals versus gummies or oils for inflammatory pain?",1
synth::trad::0::0042::4,,synthpost::trad::0::0042::4,0,medical marijuana,"my state just changed the rules for medical marijuana and i'm trying to understand whether it's worth applying for a card with psoriatic arthritis. i already take methotrexate and naproxen, but i still get flares that make it hard to get through work. if you've gone through the process, was it complicated, and did your doctor have to fill out a lot of paperwork?",1
synth::trad::0::0043::0,,synthpost::trad::0::0043::0,0,cbd,"has anyone here with sjogren's tried cbd gummies for dry mouth or sleep? my rheum is fine with me trying it, but i’m on hydroxychloroquine and wanted to see if anyone noticed weird side effects or if it was basically a non-issue. not looking for miracles, just curious what other people’s experiences were.",1
synth::trad::0::0043::1,,synthpost::trad::0::0043::1,0,cannabis,"hi all, i have ra and i’m trying to keep track of what actually helps with flare days. a friend suggested cannabis edibles for pain and appetite, but i’m already on methotrexate and naproxen so i’m a little hesitant. if anyone uses it alongside dmards, did your doctor care or did it just become part of the routine? thanks.",1
synth::trad::0::0043::2,,synthpost::trad::0::0043::2,0,thc,"quick question for people with lupus: has anyone gotten more fatigue the day after taking low-dose thc? i tried a tiny amount last weekend to help me sleep and it did that, but i also felt kind of foggy the next morning and i can’t tell if that was the lupus or the thc. just trying to figure out what’s normal.",1
synth::trad::0::0043::3,,synthpost::trad::0::0043::3,0,medical marijuana,"i’m in a state where medical marijuana is legal and i’m thinking about asking my rheumatologist about it at my next visit. i have ankylosing spondylitis and the stiffness is worst in the mornings, especially after bad sleep. if you brought it up with your doctor, did they have a recommendation or basically tell you to talk to pain management?",1
synth::trad::0::0043::4,,synthpost::trad::0::0043::4,0,weed,"anyone with psoriatic arthritis use weed in the evenings and still do okay with biologics? i’m on humira and my skin/joints are finally a little calmer, but i still have random nights where the pain makes sleep hard. not asking for medical advice, just wondering what other people have tried and whether it affected labs, appointments, etc.",1
synth::trad::0::0044::0,,synthpost::trad::0::0044::0,0,cbd,"hey everyone, i was diagnosed with sjogren's last year and lately the joint pain in my hands has been worse in the mornings. my sister keeps suggesting cbd capsules or a cbd tincture, but i don't really know what to ask my rheumatologist about before trying it. has anyone here brought cbd up at an appointment and gotten any useful guidance on dosing or possible interactions with plaquenil? just looking for general experiences and what questions helped you. thanks.",1
synth::trad::0::0044::1,,synthpost::trad::0::0044::1,0,medical marijuana,"quick question for folks in the u.s. who have autoimmune arthritis: did getting a medical marijuana recommendation actually require a lot of paperwork, or was it mostly a formality? my state says chronic pain qualifies, but the wording on the site is confusing and i don't want to waste an office visit if i'm reading it wrong. i'm not trying to make a huge deal out of it, just curious how the process usually goes.",1
synth::trad::0::0044::2,,synthpost::trad::0::0044::2,0,thc,"i have been having a rough time with nighttime nausea from my meds and my primary mentioned maybe trying a low-dose thc edible instead of another prescription. i don't want to smoke anything and i'm a little nervous about feeling out of it the next day. for those with ra or lupus who've used thc gummies or tinctures, did you find a tiny dose was enough, or was it one of those things that took a few tries to figure out? any tips appreciated.",1
synth::trad::0::0044::3,,synthpost::trad::0::0044::3,0,weed,"not sure if this belongs here, but i keep seeing people talk about weed for pain and sleep in support groups. i've got psoriatic arthritis and the fatigue is honestly what gets me the most, not just the pain itself. if anyone has tried weed in any form, did it seem to help you relax at all without making you groggy the next morning? i'm just trying to gather real-life experiences before i ask my doctor anything.",1
synth::trad::0::0044::4,,synthpost::trad::0::0044::4,0,cannabis,"hello, i have a pretty boring question about cannabis and dmards. my rheumatologist started me on methotrexate a few weeks ago and i also use a small amount of cannabis on weekends for appetite because i sometimes get queasy after injections. i plan to mention it at my next visit, but i was wondering if anyone here has had their pharmacist or doctor flag any issues with this combo. not looking for medical advice, just trying to understand what to bring up.",1
synth::trad::0::0045::0,,synthpost::trad::0::0045::0,0,cbd,"hey everyone, i was recently diagnosed with ra and i'm still trying to figure out what helps with the day-to-day stiffness. i keep seeing people mention cbd gummies and topicals, but i'm on hydroxychloroquine and waiting on my first rheum follow-up. does cbd affect any bloodwork or meds, or is it basically a non-issue? just looking for general experiences before i ask my doctor.",1
synth::trad::0::0045::1,,synthpost::trad::0::0045::1,0,medical marijuana,"has anyone here had to get a referral note for medical marijuana from their rheumatologist? my state requires a qualifying condition and i'm not sure how specific the paperwork needs to be for lupus-related pain and fatigue. i'm not trying to skip the appointment, just want to know what to expect so i can bring the right questions.",1
synth::trad::0::0045::2,,synthpost::trad::0::0045::2,0,thc,"i was reading a small article about thc and sleep while dealing with sjogren's dryness and joint pain, and it made me wonder if anyone has actually noticed a difference with nighttime use. i'm not asking for medical advice, just curious whether people here found it more useful for pain, sleep, or neither. the mixed opinions online are making it hard to tell what is real.",1
synth::trad::0::0045::3,,synthpost::trad::0::0045::3,0,weed,"my neighbor swears by weed for her psoriatic arthritis, and i only brought it up because i'm trying to sort out what options are even worth discussing with my doctor. i have a consult next month and i'm making a list of things to ask about, including supplements, PT, and whether anything cannabis-related could interact with my current meds. if anyone has a checklist they use for appointments, i'd love to see it.",1
synth::trad::0::0045::4,,synthpost::trad::0::0045::4,0,pot,"i'm in a state where pot is legal and i've been thinking about trying an edible for breakthrough pain from vasculitis, but i'm still on prednisone so i'm trying to be careful. not looking for a debate, just wondering how people navigate the dosing and timing when they have to stay functional for work the next day. i also don't know if there are any issues with lab work or procedures to keep in mind.",1
synth::trad::0::0046::0,,synthpost::trad::0::0046::0,0,cbd,"hey everyone, i was diagnosed with sjogren’s last year and i’m still trying to figure out what actually helps versus what just sounds promising. my dryness is managed okay, but the fatigue and the weird ache in my hands and shoulders are what get me most days. my dentist mentioned staying hydrated, my rheum adjusted my meds, and a friend suggested cbd capsules for sleep and soreness. i haven’t tried them yet and i’m not expecting miracles, just wondering if anyone with sjogren’s has found them useful at all or if it was basically a wash.",1
synth::trad::0::0046::1,,synthpost::trad::0::0046::1,0,marijuana,"quick question for the group: has anyone here had to choose between a job drug screen and using marijuana for symptom control? i have mixed connective tissue disease and the stiffness in the morning is rough, especially in my wrists and knees. my current meds help some, but on flare days i still feel like i’m moving through mud. i’m not looking for anything reckless, just trying to understand what other people have done when their pain management and work situation collide.",1
synth::trad::0::0046::2,,synthpost::trad::0::0046::2,0,weed,"i’m new here and mostly lurking, but i wanted to ask about weed and methotrexate. i take mtx weekly for inflammatory arthritis and a low dose of folic acid, and i’ve seen a lot of different opinions online. my symptoms are mostly joint pain, some swelling in my fingers, and awful fatigue after long work shifts. if anyone has a routine that worked for them, or if there are any obvious reasons to avoid it, i’d appreciate hearing about it. i know everyone’s case is different, just trying to learn.",1
synth::trad::0::0046::3,,synthpost::trad::0::0046::3,0,medical marijuana,"anyone else with lupus use medical marijuana for nausea or appetite issues? my labs have been all over the place lately and i’ve had a couple of meds changed in a short span of time. the pain is one thing, but it’s the not wanting to eat and feeling wiped out that’s making everything harder. i’m not asking for medical advice, just wondering what people’s experiences have been and whether it made day-to-day life a little more manageable.",1
synth::trad::0::0046::4,,synthpost::trad::0::0046::4,0,thc,"hello all, i have psoriatic arthritis and i’m trying to keep track of what actually helps during flares. right now i’m on a biologic, naproxen as needed, and i was recently told to pay closer attention to sleep and stress. i’ve been reading about low-dose thc gummies, but the information is all over the place and it’s hard to tell what is anecdote and what is useful. if anyone has tried them for bedtime or morning stiffness, i’d be interested in hearing how it went. just looking for people’s real-world experiences.",1
synth::trad::0::0047::0,,synthpost::trad::0::0047::0,0,cbd,"hi all, i’m waiting on my rheumatology appointment and trying to keep notes on what helps my hands/feet on bad days. my primary care suggested i ask around before trying anything new, so i’m curious whether anyone here has used cbd for stiffness or sleep. not looking for a miracle, just trying to figure out if it did anything noticeable for you or if it was basically a wash. diagnosis is still unclear but they’re looking at inflammatory arthritis.",1
synth::trad::0::0047::1,,synthpost::trad::0::0047::1,0,marijuana,"has anyone with ra found that marijuana changes anything for their morning pain or muscle tension? i’m not asking about getting high, just whether it actually helps with getting out of bed and moving around. i’m on nsaids right now and still feel like i’m made of concrete most mornings. any form you tried would be helpful to know about, even if it didn’t do much.",1
synth::trad::0::0047::2,,synthpost::trad::0::0047::2,0,thc,"quick question for people with spondyloarthritis: did thc topicals do anything for localized pain, or is that more of a placebo situation? my wrists and one shoulder have been acting up and i’m trying to compare options before i bother my doctor again. i’ve already got heat, stretches, and the usual meds, so i’m just looking for low-effort things people have actually found useful.",1
synth::trad::0::0047::3,,synthpost::trad::0::0047::3,0,weed,"i’ve been having a weird flare for the past month with ankle swelling and a ton of fatigue, and my head is a mess trying to keep up with work. i saw a couple people mention weed in another thread, so i figured i’d ask here: did it help you more with pain, sleep, or just taking the edge off? not in a place where i can change meds yet, so i’m gathering info.",1
synth::trad::0::0047::4,,synthpost::trad::0::0047::4,0,medical marijuana,"hello everyone, i’m newly diagnosed with lupus and still figuring out what symptoms are disease-related vs. just me being tired all the time. my doctor mentioned medical marijuana as one possible thing to ask about for pain and nausea, but i don’t know anyone who’s used it for an autoimmune issue. if you’ve tried it, did it make any difference with joint pain or appetite, or was it mostly not worth the hassle?",1
synth::trad::0::0048::0,,synthpost::trad::0::0048::0,0,cbd,"hi everyone, has anyone with ra or psoriatic arthritis used cbd cream on swollen hands or wrists? i'm not looking for a miracle, just curious whether it did anything noticeable for stiffness or if it was basically a placebo. i'm on hydroxychloroquine and naproxen right now and trying to figure out what helps with morning pain. thanks for any experiences.",1
synth::trad::0::0048::1,,synthpost::trad::0::0048::1,0,medical marijuana,"my rheumatologist mentioned medical marijuana as something some of her patients try for sleep and pain, but i forgot to ask the practical questions at my appointment. if you've used it with methotrexate or prednisone, did your doctor have any concerns or did they just monitor it like everything else? i'm mostly wondering about side effects and whether it helped you function during the day.",1
synth::trad::0::0048::2,,synthpost::trad::0::0048::2,0,weed,"i'm newly diagnosed with ankylosing spondylitis and still in the phase of collecting random suggestions from people who have actually lived with this. a friend mentioned weed for muscle tightness, but i'm not sure what the usual experience is in arthritis communities. has anyone found it helpful for back stiffness, or did it just make you sleepy? just trying to get a sense of what to expect.",1
synth::trad::0::0048::3,,synthpost::trad::0::0048::3,0,thc,"does anyone know if thc products are usually okay to use when you're dealing with autoimmune joint pain and taking biologics? i'm not asking for medical advice, just wondering what others were told by their doctors. i have a follow-up next week and want to have my questions organized, since i always forget half of them once i'm there.",1
synth::trad::0::0048::4,,synthpost::trad::0::0048::4,0,cannabis,"good morning r/lupus, i came across a small clinic survey asking about cannabis use and symptoms like fatigue, pain, and sleep disruption in autoimmune disease. if anyone here has done something similar, was it anonymous and did it take long? i'm thinking about filling it out if it actually helps research, but i wanted to ask the group first whether these studies are usually straightforward.",1
synth::trad::0::0049::0,,synthpost::trad::0::0049::0,0,cbd,"diagnosed with sjogren's a few months ago and i'm still trying to figure out what actually helps with the daily stiffness and burning joints. my primary suggested heat and gentle exercise, which i do, but i also started using cbd cream on my hands and wrists at night. sometimes it seems to take the edge off, sometimes i can't tell if it's doing anything at all. has anyone else found a routine that works better, or is it just one of those things where you have to keep testing different brands and strengths? open to any tips from people with dry eyes, hand pain, or both.",1
synth::trad::0::0049::1,,synthpost::trad::0::0049::1,0,marijuana,"i'm newly dealing with inflammatory arthritis and i'm in that annoying stage where every appointment turns into another medication discussion. my rheumatologist mentioned we can keep an eye on things while we wait for labs, but the pain and fatigue have been making work really hard. a friend keeps suggesting marijuana gummies for sleep, but i don't know what to think yet and i haven't tried them. i'm mostly just looking for other people's experiences with balancing symptoms, side effects, and normal life while waiting for a clearer diagnosis. does anyone else feel stuck in that in-between phase?",1
synth::trad::0::0049::2,,synthpost::trad::0::0049::2,0,weed,"quick question for anyone with psoriatic arthritis: does weed make morning stiffness feel different for you, or is that just my brain noticing a small improvement after i've already done all the stretches and taken my meds? i'm not trying to replace anything prescribed, i'm just curious whether other people use it for evenings when the pain and anxiety are both loud. some nights it helps me settle down, other nights not so much, so i'm trying to figure out if i'm missing something obvious. thanks for any honest replies.",1
synth::trad::0::0049::3,,synthpost::trad::0::0049::3,0,thc,"i had my first really bad flare since starting methotrexate and it wiped me out for the whole weekend. by sunday i was just lying on the couch wondering if i should ask about thc for sleep because the pain is one thing, but the awake-and-miserable part is almost worse. i live in a legal state, but i still feel weird bringing it up with my doctor. has anyone talked to their rheum about it and gotten a straight answer, or is it more of a 'figure it out yourself' situation? just trying to learn what other patients do.",1
synth::trad::0::0049::4,,synthpost::trad::0::0049::4,0,medical marijuana,"after years of bouncing between different meds for ankylosing spondylitis, i'm finally at the point where i'm trying to sort out what actually helps me get through a normal day. physical therapy helps some, nsaids help some, and then there are days when my back feels like a single solid piece. i have an appointment next week to ask about medical marijuana, mostly because i'd like something for evenings when the pain is keeping me from sleeping and i'm tired of guessing. not expecting miracles, just hoping for a little more consistency. if anyone has navigated this with a rheumatologist, i'd appreciate hearing how the conversation went.",1
synth::trad::0::0050::0,,synthpost::trad::0::0050::0,0,cbd,"does anyone here have luck with cbd for morning stiffness? i have ra and the first hour after waking up is always the worst part of my day. i'm on methotrexate and hydroxychloroquine, and i already do heat, stretching, and a stupid amount of coffee, but i'm still looking for something that helps take the edge off without knocking me out. i'm not trying to replace meds or anything, just wondering what others have noticed with oils, gummies, creams, etc. if it mattered, i don't really care about a tiny bit of relief vs a big dramatic change, i just want to know if it's even worth trying.",1
synth::trad::0::0050::1,,synthpost::trad::0::0050::1,0,medical marijuana,"my rheum mentioned medical marijuana as an option for sleep and pain, but i honestly know almost nothing about it. i'm 33 with lupus and i get weirdly bad flares after poor sleep, so i'm trying to figure out what people actually use in real life. do most of you go with tinctures, edibles, or vape? does it interfere with next-day function at all? i've never used anything cannabis-related before, so i'm mostly looking for practical advice and what to ask the doctor when i go back next month.",1
synth::trad::0::0050::2,,synthpost::trad::0::0050::2,0,weed,"weird question maybe, but has anyone found that weed changes how their body feels during a flare, or is it mostly just a distraction thing? i have psoriatic arthritis and sometimes my joints are angry but the bigger problem is the constant tension and not being able to relax. i don't want to get ahead of myself and assume it's helping inflammation if it is really just making me calmer. still, on the nights i use it, i seem to sleep a little better and wake up less miserable. curious what other people have noticed.",1
synth::trad::0::0050::3,,synthpost::trad::0::0050::3,0,thc,"has anyone had luck keeping thc doses really low for pain and sleep? i'm dealing with sjogren's plus some mystery joint pain that is still being worked up, and i don't want to feel spaced out or anxious. a friend suggested a 1:1 product, but i'm not sure where to even start because i have no tolerance and i need to be functional for work in the morning. i'm not asking for medical advice, just looking for general experiences with tiny doses vs higher ones and whether the balance matters much.",1
synth::trad::0::0050::4,,synthpost::trad::0::0050::4,0,cannabis,"i'm in the middle of figuring out whether cannabis is even worth trying for my inflammatory back pain. i have ankylosing spondylitis, and the usual routine of biologic, naproxen, PT, and hot showers gets me only so far. i'm not against it, i just don't want to jump into something if it's going to make me foggy all day. if anyone has a pretty normal job and uses it occasionally, i'd love to hear how you manage timing and whether you notice any downside other than dry mouth.",1
synth::trad::0::0051::0,,synthpost::trad::0::0051::0,0,cbd,"hey everyone, quick question about cbd and inflammatory pain. i have ra and a pretty stubborn patch of tendon pain in my wrist/forearm that flares when i type too much. my rheumatologist has me on hydroxychloroquine and naproxen as needed, but i’m trying to cut back on nsaids because my stomach is getting annoyed with me. has anyone had any luck using a cbd cream or capsules for the kind of aching/stiffness that hangs around all day? i’m not expecting a miracle, just wondering what people actually noticed and whether it made any difference for sleep or morning stiffness.",1
synth::trad::0::0051::1,,synthpost::trad::0::0051::1,0,medical marijuana,"i’m in a state where medical marijuana is legal and i’m trying to figure out if it’s even worth bringing up at my next rheum appointment. i have psoriatic arthritis with a lot of back and foot pain, plus fatigue that seems to get worse when i don’t sleep well. i’m already on a biologic and meloxicam, and the pain is mostly manageable, but there are still a few nights a week where i’m awake staring at the ceiling. if anyone with psa has used medical marijuana, did it help with sleep, pain, or both? i’d also be interested in whether your doctor was open to discussing it.",1
synth::trad::0::0051::2,,synthpost::trad::0::0051::2,0,thc,"does anyone have experience with low-dose thc for joint pain? i was recently told i likely have mixed connective tissue disease, and right now the main issues are hand pain, weird muscle tightness, and feeling wiped out by evening. i’ve tried heat, stretching, and the usual otc stuff, but i’m trying not to stack too many meds while we’re still sorting out the diagnosis. i’m not asking for medical advice, just curious what people have found helpful or not helpful. if thc helped you relax enough to sleep, or if it just made you groggy the next day, i’d love to hear about it.",1
synth::trad::0::0051::3,,synthpost::trad::0::0051::3,0,cannabis,"my last flare left me so stiff i was basically shuffling around the house for a week, which is a new level of annoying. i’m on plaquenil for sjogren’s and have been using physical therapy to keep my shoulders and hips from locking up, but the evening pain still creeps in. a friend suggested trying cannabis for sleep and pain, and i’m wondering if anyone here has tried it alongside their usual meds. did it change your dryness or fatigue at all? i’m mostly trying to understand what to ask my doctor and whether there are any interactions i should read up on first.",1
synth::trad::0::0051::4,,synthpost::trad::0::0051::4,0,weed,"hello all, i’m wondering if anyone has had luck with weed for nausea and appetite issues from autoimmune meds. i have lupus and take methotrexate weekly, which is helping overall, but the day after my dose i usually feel kind of off and don’t eat much. my labs are okay and my rheum doesn’t want to change anything yet, so i’m looking into supportive stuff i can do on my own. i’ve seen a lot of mixed opinions online, so i figured i’d ask people who actually deal with the same kind of med side effects. if you use weed, did you notice it helped you keep food down or just made you sleepy?",1
synth::trad::0::0052::0,,synthpost::trad::0::0052::0,0,cbd,"hi everyone, i was recently diagnosed with sjogren’s and ra and i’m trying to get a handle on the dry mouth/eye situation plus the joint pain. my doctor mentioned artificial tears and rest, but i keep seeing people mention cbd oil for general discomfort. has anyone with dryness issues tried it and noticed whether it made the mouth/eyes worse, better, or basically unchanged? i’m not looking for a miracle, just trying to understand what to expect before i spend money on another thing that may or may not help.",1
synth::trad::0::0052::1,,synthpost::trad::0::0052::1,0,weed,"i’m on methotrexate and hydroxychloroquine now, and i’ve been pretty cautious about adding anything else because i already feel like i’m juggling a pharmacy. i use weed occasionally for sleep and to take the edge off when my hands are really stiff at night, but i can’t find much first-hand info on whether people here have had issues with it alongside their meds. does anyone take a similar combo and have timing suggestions, or is this something i should ask my rheumatologist directly? just trying to be careful.",1
synth::trad::0::0052::2,,synthpost::trad::0::0052::2,0,medical marijuana,"has anyone here gotten approved for medical marijuana for autoimmune pain after other meds stopped working? i have lupus and my current plan is helping inflammation somewhat, but the fatigue and muscle pain still hit hard most days. i keep seeing mixed info online about what kinds people use and whether it’s actually worth the hassle of the paperwork. if you’ve gone through the process, was it straightforward, and did you notice any change in day-to-day function?",1
synth::trad::0::0052::3,,synthpost::trad::0::0052::3,0,thc,"quick question for people with psoriatic arthritis: does thc tend to make you more relaxed, or does it just knock you out? i’m dealing with a lot of nighttime stiffness and woke up at 3am again because my shoulder felt locked up. i’m not asking for medical advice, just wondering what other people’s experiences have been before i try anything new. the internet is full of extreme claims and i’m trying to sort out what’s realistic.",1
synth::trad::0::0052::4,,synthpost::trad::0::0052::4,0,cannabis,"i’m newly diagnosed with ankylosing spondylitis and still trying to figure out what helps with the morning pain and the random flares. i’ve got a follow-up next month, but in the meantime i’m reading about lifestyle stuff, heat, stretching, and also cannabis because it keeps coming up in searches. for those who’ve been around a while, did you notice any difference in sleep or stiffness, or did it mostly just help with coping? i’d appreciate hearing what’s actually been useful for people.",1
synth::trad::0::0053::0,,synthpost::trad::0::0053::0,0,cbd,"hi everyone, i have psoriatic arthritis and i’m trying to figure out whether cbd gummies are even worth considering alongside my current meds. i’m on methotrexate and naproxen right now, and my main issues are morning stiffness and trouble sleeping after a flare. has anyone here talked to their rheumatologist about cbd or had any labs affected by it? just looking for experiences, not medical advice.",1
synth::trad::0::0053::1,,synthpost::trad::0::0053::1,0,cannabis,"i was recently diagnosed with ra and i’m still in the phase of learning what helps vs what is just internet noise. a friend keeps suggesting cannabis for pain and appetite, but i’ve never used it before. if anyone has found it useful for evening pain or nausea, what form did you try first, and did it interfere with work the next day?",1
synth::trad::0::0053::2,,synthpost::trad::0::0053::2,0,marijuana,"question for people with lupus: does marijuana make joint pain feel less intense for anyone, or is it mostly helpful for sleep? i’m trying to keep a list of things to bring up at my next appointment because prednisone only gets me so far. i’m not looking for anything dramatic, just wondering what other patients have noticed.",1
synth::trad::0::0053::3,,synthpost::trad::0::0053::3,0,thc,"anyone with ankylosing spondylitis using thc oil or tinctures? i’ve seen a lot of mixed info and i’m trying to understand if there’s any difference between low-thc and higher-thc products for stiffness and muscle spasms. i’m also on biologics, so if you’ve mentioned it to your doctor and got a response, i’d be interested in hearing how that went.",1
synth::trad::0::0053::4,,synthpost::trad::0::0053::4,0,weed,"i have sjogren's and my biggest issue lately has been fatigue plus dry mouth that gets worse at night. i know weed can also cause dry mouth, so i’m not sure it would be a good fit, but i’ve seen some people say it helps them relax enough to sleep. has anyone with a similar diagnosis tried it and found a balance, or did it just create more side effects?",1
synth::trad::0::0054::0,,synthpost::trad::0::0054::0,0,cbd,"hi all, i'm newly diagnosed with ra and still trying to figure out what actually helps vs what just makes me sleepy. my doctor has me on methotrexate and meloxicam, but i'm still getting a lot of hand stiffness in the morning. has anyone here tried cbd oil or gummies alongside their regular meds? i'm not looking for a miracle, just wondering if it's worth asking my rheumatologist about.",1
synth::trad::0::0054::1,,synthpost::trad::0::0054::1,0,medical marijuana,"question for the group: does anyone here use medical marijuana for night pain and muscle tightness from spondyloarthritis? i'm in the phase where i can function at work, but by evening i'm pretty wiped out and my back feels locked up. i already tried heat, stretching, naproxen, and pt. curious what kind of forms people were offered and whether their doctors were open to it.",1
synth::trad::0::0054::2,,synthpost::trad::0::0054::2,0,weed,"i had a follow-up today and my rheum basically said my labs are improving, but the fatigue is still hanging around for no obvious reason. i'm not asking for medical advice, just general experiences: did any of you notice weed changed how you handled pain days or sleep after starting biologics? i'm trying to keep a simple log of what affects my symptoms and what doesn't.",1
synth::trad::0::0054::3,,synthpost::trad::0::0054::3,0,thc,"has anyone compared thc edibles to topical stuff for joint pain? i have psoriatic arthritis and mostly get flares in my hands and feet, so i'm trying to figure out whether anything over-the-counter is even worth experimenting with before my next appointment. my main issue is finding something that doesn't leave me groggy the next day.",1
synth::trad::0::0054::4,,synthpost::trad::0::0054::4,0,cannabis,"hello everyone, i'm 38 and dealing with sjogren's plus inflammatory arthritis, and i'm in that annoying stage of trying to sort out what symptoms come from what. my dentist mentioned dry mouth can get worse with some things, so i was curious if anyone has looked into cannabis and whether it made that part noticeably worse or not. i know everyone reacts differently, just looking for experiences before i bring it up at my next visit.",1
synth::trad::0::0055::0,,synthpost::trad::0::0055::0,0,cbd,"hi everyone, i’m waiting on a rheumatology appointment for possible ra and i’m trying to keep a list of things to ask. has anyone here used cbd gummies or oil while they were still getting worked up for diagnosis? i’m mainly wondering if it changed anything with sleep, stiffness in the morning, or if it confused any labs / scans. i know people’s experiences are probably all over the place, but i’d love to hear what to ask the doctor before i bring it up.",1
synth::trad::0::0055::1,,synthpost::trad::0::0055::1,0,medical marijuana,"does anyone with psoriatic arthritis have experience getting a medical marijuana recommendation through a regular rheumatology office? i’m not looking for a miracle or anything, just trying to understand the process. my joint pain is manageable most days, but the fatigue and random flares are making work harder. i’ve never had to deal with a card before, so i’m not sure what questions to ask or whether it affects treatment notes.",1
synth::trad::0::0055::2,,synthpost::trad::0::0055::2,0,cannabis,"newly diagnosed with ankylosing spondylitis and still learning what all of this means. i’ve seen a few people mention cannabis for evening pain and sleep, and i’m curious if anyone brought it up to their rheumatologist during the first few visits. did they care about dosage, form, timing, or interactions with nsaids? i’m just trying to gather practical info before my next appointment.",1
synth::trad::0::0055::3,,synthpost::trad::0::0055::3,0,thc,"for those with lupus or suspected lupus, has thc ever come up as an option for nausea or appetite issues? i’m dealing with a lot of GI weirdness plus joint pain, and my primary keeps telling me to wait for rheum. i don’t want to sound like i’m chasing a specific treatment, i’m just wondering what experiences people had and whether it caused any trouble with bloodwork or medication changes.",1
synth::trad::0::0055::4,,synthpost::trad::0::0055::4,0,weed,"hello, i’m in the middle of being evaluated for sjogren’s and possibly inflammatory arthritis. my sleep is awful and the dry mouth makes some meds hard to tolerate. i’m not a smoker, but a friend suggested trying weed in a different form and i realized i have no idea what questions are reasonable to ask a specialist. if anyone has discussed it with their doctor, what did they ask about side effects, driving, or day-to-day functioning?",1
synth::trad::0::0056::0,,synthpost::trad::0::0056::0,0,cbd,"hello everyone, i was recently told my inflammatory markers don't really explain why my hands and wrists feel so stiff in the mornings, and i'm still waiting on a follow-up with rheumatology. right now i'm on plaquenil and naproxen as needed, plus heat packs and a wrist brace when typing gets rough. a friend suggested cbd cream for the sore spots around my fingers and elbows, but i honestly don't know what is actually helpful versus just expensive. has anyone here found a topical that takes the edge off without making you feel weird? i'm mostly trying to get through workdays and sleep a little better.",1
synth::trad::0::0056::1,,synthpost::trad::0::0056::1,0,cannabis,"not looking for miracle cures, just wondering what other people do on flare days. i have uctd with a lot of muscle pain, rib pain, and random joint swelling that seems to move around. my doctor changed my meds a few months ago and i'm still in that waiting period where i can't tell if it's helping yet. i've been using a heating pad, compression socks, and a tens unit, but the evenings are still rough. a couple people in my support group mentioned cannabis for pain and sleep, and i'm curious whether anyone has tried it in a very low dose while also being on dmards. mostly want to hear what was tolerable and what wasn't.",1
synth::trad::0::0056::2,,synthpost::trad::0::0056::2,0,weed,"i'm having one of those weeks where every little thing feels like it takes twice the energy. my sjogren's symptoms are bad, my joints are achy, and i keep waking up feeling like i didn't sleep at all. i'm not asking for diagnosis stuff, just practical advice. i quit taking ibuprofen all the time because my stomach started complaining, and now i'm trying alternating heat, electrolyte drinks, and short walks. i also use weed occasionally at night, but i'm trying to figure out whether it's actually helping with the pain or just making me stop noticing it for a few hours. if anyone has a routine that helps with fatigue and pain, i'd love to hear it.",1
synth::trad::0::0056::3,,synthpost::trad::0::0056::3,0,medical marijuana,"has anyone with psoriatic arthritis gone the medical marijuana route for sleep and joint pain? i am on sulfasalazine right now and my rheum wants to see if it settles things down before changing anything else. the biggest issue for me is that my knees and ankles are swollen enough that climbing stairs feels ridiculous by the end of the day, and the poor sleep makes everything worse. i've tried turmeric, magnesium, stretching, and soaking in epsom salt, which are fine but not exactly game changers. i'm mostly trying to learn what people discuss with their doctors before starting anything new, especially if it interacts with other meds.",1
synth::trad::0::0056::4,,synthpost::trad::0::0056::4,0,thc,"quick question for anyone dealing with inflammatory arthritis and chronic back pain: did low-dose thc make any difference for you, or did it just make you sleepy? i have been diagnosed with ankylosing spondylitis for a while now, and lately the pain has been more in my hips and SI joints than anything else. i'm on a biologic and naproxen, and i do stretches every morning, but the stiffness still hits hard after sitting at my desk all day. not trying to self-medicate blindly, just trying to gather some real-world experiences before i bring it up at my next appointment.",1
